-0.9221588056316208 -4.814790354548948 0.06755983641714212 8.051329299347001 0.9853472998984206 0.9516156132949554 -0.33613933013754277 1.3934731253410808 -1.052314325770699 2.324207089429958 -1.5203803726596548 -3.162686210710684 1.1837781543801862 9.20088199709248 -4.419722595857696 1.6433083521881786 -7.511689355728033 -5.212228479077128 -4.180166263569953 3.82120322890685 -5.07765877420556 1.1921675410266586 -2.3195117762859545 -2.6364500137747795 -2.653139751847863 -3.0672426375485538 0.7373257865327506 5.052070340382227 -0.5374336980570983 -0.26522885360787823 2.989714580328589 1.8572966188628903 1.5352318059452739 2.152335920816727 -0.21959316333595882 5.226415545353329 -0.5708187186725517 0.10070052618890532 1.0663874435854186 -3.4971652417330574 1.475160121537232 -1.9815576167403963 2.0465097895560875 -2.1882616144022973 -2.050030504143998 -2.638279704608068 -0.1043383591437763 -0.21924682890962863 -3.3634481347142327 -0.08494576493445645 5
8.708976977636187 -7.754403021059954 -3.447910442973447 1.66832140870425 -0.8347953160156373 -5.144664164038047 0.2722791035790572 3.135456191959293 -0.19839253317654448 -1.1961958766661471 -3.2512837397123677 1.1838460705089056 -1.6347332030725652 -4.405183408242181 -2.924403297468573 -1.3811086427030628 -0.36210264677063286 1.307540717973351 -3.455699874724813 0.3211026608439482 -3.6619789911060736 -1.5799637888892508 2.479894806095656 0.257458513637931 -1.938280411557399 0.0996788557790106 -1.7282868009215946 0.009133158732633085 0.19687974016966445 -0.4752214973050612 -1.1470079353101896 1.7435608999539876 2.265900936132094 -2.9909953300431575 0.7200069451862691 -0.37938289900709016 1.199710641449217 -1.1183497814123398 0.9539319707892864 -0.3795130092088803 -1.7560835779485797 0.1214837516924993 -1.086760471172189 -0.23306097566684741 -1.2684779343035475 0.7455310514178084 0.36058289567268814 0.7750513703177473 -0.40632286545624935 1.2682498453595847 0
2.32838931835602 9.431338167749843 -6.184114046135893 -1.7250660861652067 -4.092456035833413 2.2913903163978984 -18.6915387241844 3.99247316364442 2.1701180604851213 -0.1511406580996823 -7.3835003135851744 -2.0300467651981076 0.5865412092955519 0.10948389729739154 11.32897552117228 10.314627113000684 4.628769301436383 3.4660168946198295 -5.316515517479107 3.5571885083709027 9.506470329168947 -0.32260866184714565 0.13921579896263622 -7.42262281342798 -2.0040010759006663 -0.8675885676392584 2.4451792355265365 10.061792493032959 -2.7125600719548686 -2.4818101564235855 2.7884054377554643 3.3285594900472195 1.8493049164568802 -4.64370069644155 -0.41869020668896667 -0.5841173801014737 0.5366583711470645 -1.062198965452854 0.30196644655204996 -7.550143077816658 1.879901151549057 7.306954206702754 -4.666628472606015 -1.4738830913876293 2.417267778984935 2.7135634724433095 -2.3400110197607353 -0.8200631629548114 5.1093368116841615 1.4416323568051006 4
-6.582173305216459 -3.746318340238548 3.6908512676679854 0.46104068221503 -5.627324619760502 3.4615442907180203 -1.561415248275137 -4.600461607158628 -0.624819541230563 -2.617184477739688 -2.0466673937775117 -3.941351646172449 0.7617770986404091 -3.777261794897355 -0.9635506366469906 2.2071927092502017 0.6448614673825821 1.7106984026656706 -0.05149296391152487 -0.32271377003066315 -1.792278016523029 -0.2682045414271973 -1.0980665043327131 -2.0763463121345724 1.2335788859031795 1.0482593568801666 -1.230140530218642 -0.5570399704912188 -0.9588507616141323 1.215495447776474 0.17833919932182649 -1.4052275024245586 0.06165820131949798 -1.6829133254004538 -1.3849265401305604 0.9423121991033403 0.29639248145087593 0.056993402251143056 0.44102666416679037 1.14820354251182 -0.6211178846706196 -0.47488270799681304 0.5135455464194798 -0.5545241956331269 -0.7728455871814005 0.6179402724943239 1.2599276161283324 -0.06461762181939583 -0.35183323153083423 0.21555589662161562 1
-5.183251202132904 3.1332971177846627 -6.277947456877211 -1.459653990593909 1.6088423504149711 -0.6125648550622869 0.5800651674803603 -3.206010188877136 0.012948057215985806 -0.6990514443236732 4.812270552834563 -0.12323735729956706 0.761198947731714 -1.9712815284781877 -1.4728176299491431 -0.8389716528993877 0.9075952431959032 5.8174054638865105 -0.9964497567366406 1.8890008096262916 -0.5860677907943664 0.013605537228331497 -0.7070564240913939 1.8802712546363745 -3.8805693207508147 -1.1767330091621873 -0.7205754584041849 -1.2953990885232185 0.9392422267445005 -0.21479126252755013 -0.51815060956746 1.915214434683001 2.619123917783787 -0.2746680898472573 3.0775174537752266 -3.712394253763319 -0.49130364881481803 -1.4117552933981676 -0.014217916901047211 -1.7341312720518933 -0.1884955761227095 -0.38797022644151336 -0.1282891018825922 -1.2165063036238934 -2.40079961083166 0.3649737129922521 2.0084585170650007 -0.9640234894270272 -0.8722579807434165 0.4202282737780728 9
2.1984021090583554 -3.068366439443282 -0.23125719639068215 -2.7526005644651312 1.2168873072876338 5.791326138042771 0.6937884355075936 0.3355755291286432 -0.786536807266388 -1.9459169017002145 2.7535382460877686 1.6144220589182903 -1.215570756764889 0.23662258943480488 -4.4797870743774695 -0.45588847157745377 -2.765577363590184 2.910710161925109 -1.2932462470225956 0.7981643113008847 5.424887482896029 -1.0181498574772496 2.6549188905957677 -1.78066654228579 0.794250448299111 -0.9178118306931111 -0.8960775301859347 -0.4041098688674476 1.4447953438347354 -3.2800765188412635 -0.9447295647955614 0.09531113639443342 -0.7264843947913554 1.0064430962014355 0.5954261948020024 -1.8763782222496594 0.9416677919585605 1.968034238171054 -3.6730719570824384 -1.6154402154257463 1.037633551472168 1.9222484006445122 0.7202284889588169 2.9701180575720256 -1.3164939220291847 -1.2096961155383559 0.13102112471328523 -0.18217217518754236 0.485616342987194 -0.931260698871848 2
-6.773343686510167 0.8230793378106999 2.9323697099079795 -0.9885119448415196 -1.46036521588326 -4.947632212626385 0.14307986251237687 0.9723091900996617 -0.5278528923422274 -0.2483058973679198 2.743668810282885 1.1734066045585232 -0.5552936542957102 4.64650290312629 2.808747197229632 -1.4955665798605962 1.8917202973687632 -0.648349838027768 -0.7086594516161568 1.6695669872665382 -0.2962830818154987 -0.6549344389698822 0.6070013994985514 0.8086413281121889 -3.3456732925902326 -1.4868328363753638 2.121901032369542 -2.8540858346374818 -0.14060140301241955 -0.9049020250450217 0.3577133185111409 0.254889396370026 0.04065029039392269 0.10962359701371244 -0.7717124355123094 -2.209680697788183 -1.587190191366261 -1.3826366141864246 2.1555113906863017 0.6121422062869873 0.9526120750062026 0.8775368318436465 -0.6480391361832974 -0.6271517692861115 -0.7570558610896929 1.101085386372004 0.44642341120213686 -0.30836070934015153 -0.43572827470785064 -0.48698587792656817 1
1.9269085313053131 -5.406264343474836 -0.16303186233530614 11.15300860299718 5.003719698088709 5.1019206521448766 -0.5597958386785205 -1.926869014411498 -4.2301044750677015 1.0100688314932502 0.5455310283509037 -1.6145062052797472 1.3043675243659414 2.2712173719530524 0.5647632731960144 2.064270123520386 -2.376038297149564 -1.5349576051116975 -4.212870771290156 -0.8683677704833519 0.415977405928851 2.409249226850055 1.2417150181265049 -1.754631553801584 -2.426744095231369 1.8798136739928317 -1.9962113981579346 -0.019700710315605916 2.106846120457989 -1.4761777673498642 0.08523212332534134 1.367228164852074 -0.8029767973037288 -0.8800576080548425 1.1474563224664895 -2.5390262068040865 -0.02125908592063888 1.6368851162383555 0.5815876295473167 -0.31161664243670406 -0.22237964364949075 -0.823409424257415 1.036883587047084 -0.3345113013323919 -0.27400962577249793 1.214372043936212 0.7610206879370075 0.8123805633887412 1.3628814538999017 -1.2719050411555497 3
-7.822335262769264 0.1918100016833852 1.1001512696527362 -1.559558485990986 -4.221220442932458 -5.094354308251402 -0.6250606216032576 0.4172443168679778 -0.07049257524277158 1.0690378253071315 1.137107689602491 2.6475356431420356 -1.2408796119223835 3.480839058197726 0.7727733750747748 0.5202357650893111 1.4037304735005947 -0.5019663850968222 -1.5557495955752811 0.2542036521824861 -0.15034383292326212 -1.7148851565547094 0.8375333473528983 0.9649602072137851 -1.2257227576608773 -0.9242414131289352 1.7237380938792515 -1.9028412859592063 0.5527236183872207 -1.5193215666746924 -0.1914608545368533 0.471291243117993 0.7026570585835151 0.41107483148866053 0.14962889324448478 -0.8819349695780622 -0.9257500263858507 -0.29332573604440204 0.9873017964201792 1.1734954984739894 0.69508055325151 0.6659024535801422 -0.5075458125967802 0.21215670735069778 -0.6888047889982024 1.1828372291126084 1.4670821073143905 -0.7315763054366604 -0.4856950612303926 -0.7223450163388843 1
-3.227625853920923 -4.7264254802831065 -4.288980331870747 -3.6312012461222505 0.7120543146461924 3.527597262410811 -2.5360380294358236 -2.0930037625707776 3.5652053760959035 5.520485143749198 -0.5680937588513022 1.5739167287760694 -1.5168802862994746 -0.9713209210379534 0.37345212569114733 3.7148781174956937 -0.9448630959427187 -2.2540553518953677 3.639899764484996 0.8331975374690868 2.7710038758921582 0.2006338454207004 0.9364218688590022 -0.5635942240901276 -3.3367832553698262 -0.3715521695587456 2.391278228419436 -2.5989781351712815 -1.60012697179288 0.5108968427776256 1.1539710152533744 -1.5214423932145686 1.2671944133647908 3.4527647710848415 -0.15403829672137012 -0.636435444189318 1.4556976367054033 -2.5284982791099173 -0.7276650847267835 -0.9038742510179557 -0.5189666310175046 2.3110604345903467 1.1505986010478975 0.43659941220398135 0.37260305670042704 -2.6565120039774586 1.8250718740049419 -0.7174551056596865 0.12889071793028073 -0.4769155141407638 4
-3.147635346544397 -2.348114821696412 4.70078527945044 5.995226724934309 1.752783496474098 -2.6741423788576237 1.362149807593249 4.532846568622799 -0.7840735488486507 -2.387306977148817 3.810008363035104 0.22229257661685822 2.1812493743700405 -0.6613096663405693 3.3755333935483325 -2.89985987699791 -2.614056384392728 -1.2639879006902157 -0.7162921298241187 -1.1004187019850298 0.4900903802885609 2.6367873098269414 0.8085167411500501 -1.7763707086138312 -2.769744547121797 -0.8858411137197854 0.12268011296583177 -1.2196061052925549 -0.1681068078034768 -2.0440797903554904 -0.7450427831376586 1.9473084092677586 0.39075498855669594 0.5942079194456575 0.3437618012929843 -0.49630885641335326 0.8259041051345197 1.2648505166323536 -0.629274704185315 -0.06825041219172755 0.518158856992755 0.04865328600054838 -0.4067810537526193 0.13609019807312855 0.7546237341482003 -0.6075087870596082 -2.239173099837309 -0.2889400120550658 0.0162208494499419 1.154445956130391 3
-4.0622531357759035 -4.242027074105961 0.2389146864097162 -3.220737894014124 -6.871866957100783 0.8402666308417317 -2.1066536368679483 -3.1575805683708307 3.4875709385820732 3.6906661480514384 -0.038953097895055466 -4.010729969483219 -3.9449973738361557 -0.25098212890248334 3.0536179921918953 -3.789623968243355 1.8543568640456287 1.4977528335878627 1.8234329665690334 -4.4178243990647115 1.6313527821774985 -1.7886278180239774 -0.17675225920724183 0.37351062254490197 4.4201816881785305 -3.251266734204615 -3.1007419886777443 1.1078118216379318 -0.9439467561500566 -1.1839618729644839 -2.316957789604889 2.0562073495364968 0.604301267013833 2.344339784350334 -2.3720356874731894 -0.8225714629361276 -4.227963818610702 1.1999173177558518 -0.4664390293208446 -0.01884054914280189 -0.8082337413434171 0.8486652711107657 -1.5609320909921416 0.1250449259722255 -2.418039970096853 1.7029376264777893 -0.41939458882716224 -0.941015523476134 1.2594647224196764 -1.9312923718315003 5
4.026930757563258 10.300183909584428 11.924588324678707 12.615346261791846 0.44052007982778874 -0.3734869309121421 -0.9545964514838595 8.150936575898346 9.989357182864753 8.038990559429296 -1.8591108008017347 1.8414440607356237 3.692397349985186 0.010173027371184286 -9.88679421736483 4.265473314513261 13.804119754575803 4.1934052403422495 2.507560116233823 -2.9752992265409293 -0.07270465316291913 5.462579567510995 1.0235665532780875 -9.0213733850214 -2.4290152096530333 -4.566720298656857 -0.2112071133638007 0.6595465711833925 -6.6692817242201174 -1.1866394527881667 4.205326771124605 4.30116291563612 -2.5768482235769365 -6.891131535082294 -0.6429243912179516 0.8811795698151426 -6.133053725485939 9.058872534211396 -1.59240402317284 0.7739207064624257 6.8847699390764925 10.491264085452451 -0.9334531865469567 4.791416244968776 5.373619356751218 2.904183805225586 1.3162986293850072 2.9950386970541962 0.1824432606292885 -0.5969402392408615 3
0.9497133457449166 -3.9971307578049475 0.9412485388557296 -9.585605406892574 7.487633137462445 -1.317377990162523 0.4683932933288649 2.057262479742494 0.16976636145657192 -2.0482359045820746 -4.378103696180676 1.1919147671482768 -0.6844130343286895 2.473547214620269 -1.3887747782706206 0.1897761864748258 1.0733107262829982 1.8091255468217222 -0.3018919825936748 -1.3878816852655804 0.25957232189863033 1.8382497639752617 -1.5088613883172735 0.8127870802279552 -1.1670801445879595 -0.4915776507148685 -2.687974705093568 -0.0734841560812311 -0.862096659129971 -2.8790084667004248 -3.6865799529655403 -0.4248780023503149 3.3386741753015916 1.2922816401138626 3.0157281963875313 2.388582634024479 0.04991379590868296 -0.8317684739433509 -2.1980711467222234 1.0359174581655741 -1.8213788070139807 0.9042452739503332 -0.38058720241730815 -2.1208338302078977 0.4481180216555903 2.564337035499094 -0.6491531435213135 1.891581656398021 -1.6391863307033931 2.33218732234284 6
-7.608034784079474 -0.3177116948389644 2.181350706358855 -1.5651696694774342 -4.624429581885914 -4.858282831962516 0.0792901070592492 0.3932663140185341 0.16044757376859795 0.8383711972516119 -0.5504331909724174 2.4587161138343077 -0.6498043848358726 3.43200221342126 1.4726144910107746 1.0302968769806098 1.2245244483324629 -0.5061445578496161 -0.5339506769797978 -0.04884774164658137 -0.2210738861213374 -1.6349261706605818 1.3332391334436584 1.328432379240408 -1.064794932720499 -0.5744825979523286 1.1043923909466051 -1.8433168213784605 -0.4198327715585947 -1.4708701373166169 0.5402972751970311 -0.014176134539698222 0.1848030840629107 0.873550401567071 0.05527807066516486 -0.34813589574850784 -0.7399025348961855 -0.061207085041067436 0.854057028916814 0.7256562826908616 0.5004545078839837 0.30235481552282367 -0.2735785508645361 0.6732169378104423 -1.3184460662998556 0.7523464176881738 1.3247587397771121 -0.7513567606869486 0.3999104222586193 -1.4921728572416553 1
-2.985103064076729 -0.47162019566824526 -9.901919164334535 -0.9482049040934543 -2.8597928837546056 5.191640961237545 5.539014236465973 1.953172735367522 -1.3189182491933575 1.3731480129517537 -6.054352707983831 0.21646643821172307 2.0997039518901386 -3.939429993642997 -1.5576843466292647 -2.723305340712105 -1.2278219762327225 -0.5120174858087623 2.5150085701044116 3.5804020723377645 2.879136820563067 1.0214368053063283 -1.9411644849066219 1.650995840823613 -2.0177022527032684 1.0111703370117893 -0.17153625039655554 -2.1442225945908904 -1.1150694153147593 2.1083983077543764 -0.651923968366677 -0.41676058160230495 -0.44011950449214043 -1.2488303577724331 -1.0812212566855133 -1.961533885644069 -1.3183085229314966 -0.5217379135164172 -0.2916636478712808 0.6487311828134673 1.6233353442135319 1.7875782115242027 1.3222847879025221 -2.009927542841003 -0.605220676824293 1.4069810081276806 1.991137196099497 0.1426737028396502 -0.3198864506702696 0.59477496626537 7
1.951604997112036 -0.5457656393070233 1.5535575714863434 -3.1604290235469463 -0.7846789740576311 2.1210496178099723 1.4495363839460014 0.417429428214777 -5.1732700861393806 -0.4451721406420773 2.744438729111378 -0.9677543043063906 -0.9826493444801407 -0.9534694597569641 -2.385223034128227 -0.2870411107869791 -2.6178546586396974 -2.9448841971454027 -1.2048175561644208 -4.06215258033559 1.9588130704909013 2.7837741897770902 4.310233360218708 -3.010886634762951 -0.9403375065753768 -2.003210401710772 2.844142087749882 0.6960199470517544 -2.6317289186126755 -0.17280562438545216 -4.265178573068914 -0.46897215734749287 -0.39627052260535806 0.2235404425262665 0.4751556069659689 0.32877683341625247 0.29776523501456226 0.1847539933186519 0.16222776772853165 -1.4278764411313003 1.6432813703615876 -2.1830991909246897 -2.0637436887324063 -0.08616064437593823 1.3579627554142841 0.2067031887141129 -2.3842230022075896 -0.34931121849889274 1.7101310525580444 -0.2556839112090584 2
-4.334300327226474 -6.483934555539613 -0.2666712949798167 2.736331292433821 -1.065874173906081 5.097314234549662 1.928909253001547 -1.8007723059275167 2.614844349871895 -2.607093974622559 -0.6295247089004332 -1.5831206753201892 -0.12920190651740007 -0.6186092181059739 0.05767753421564482 3.0860458150640206 -0.8541940756663492 2.5267792493733965 -1.2998675058919598 1.076746132290841 0.6521108757013602 0.9102871923703377 1.1770977026690321 -1.001244120970514 0.9111729315611043 -0.8717396968736527 0.8363518323053627 -2.4155757851705038 1.0951452328469946 -0.4094595482259118 1.957384589627219 -1.0946013628116809 2.3824795438561925 -0.16663116938440178 1.4054450840393933 -1.4210344094813383 -1.3426368224630905 0.4025181765451052 1.2698356899989507 0.3243827355267559 0.14886562308905088 -0.6217120789232072 -0.07121306270219448 0.10245312769846118 -1.064248292533157 0.7059408721439357 1.6254058957932394 -2.2932134291781474 -1.1258620465329705 0.4936416369003284 8
-3.3626940287616143 -1.1951925724337598 2.5267554523169853 -2.6637451852392093 1.7504299416217002 -5.5667336738430855 -3.08809266372997 0.34686462141970514 -0.23570271225917577 0.831625979748661 -3.2703569168496918 0.8103845540632914 -2.05508344093632 0.5854043890078733 -1.4886573328008028 1.0195555169152803 -0.5694364596491811 -0.3346072723175749 -1.9722447060224688 -0.5079107820719816 2.3829430154237605 2.078960258150904 -2.1787988477041624 0.42416117893739025 2.603642627250655 0.6316196765670774 -1.730246823411481 -0.5576696297588248 0.8631417256064364 1.1101168653839995 0.8241771350093305 -0.6038465786092296 -0.026821882396256644 0.6647957400307593 2.6063579398481598 0.4467787043166921 -0.9471323688256595 -0.7334608328757477 -1.0360044303800688 -0.47543764019076035 -1.4464806175301987 0.28532837990100046 0.8696893419904665 0.32311476877042944 0.8273300614562573 -0.1818857073179744 -0.813878938326377 -0.8844794476330002 0.6985568341631244 -0.8192848824949661 6
-8.127625565202043 -2.0980293344009104 -2.5519022687636537 0.3221234949092138 -4.030247175322868 2.3213541262292563 3.5668053276062097 2.2315614784003053 1.6964231514249795 0.22907878227918382 -4.615590179780077 0.27875406847148265 2.940102120638199 -1.0529126751095006 -1.810336661271524 -1.4672355131994435 -1.459376980521709 0.2832950721798218 0.7371925331574605 2.0622536550846347 4.347475358765978 1.0916183899523415 -1.4986498367944219 -1.0702107550699314 -0.961170243168791 1.585103436232651 0.55845417164541 -1.8814760560451431 1.6292799777289908 1.6378660246522805 0.17752318025079553 0.6490639020511189 0.8633035647302828 1.2159067023235228 -0.17035684260525094 -4.072837139765855 -0.34252568603018196 -0.5752322957895353 0.4403216203117995 0.5726160123942221 -0.384911612070711 2.0450924988458157 0.02521800493711599 -1.4002699442668738 0.46679801807986954 1.1799038353051245 1.954486702163916 -2.279699734198517 -0.2958709305902137 -0.12932111516064138 9
5.5318789557805115 13.589312360613443 -1.0766054384921813 -0.50241153506739 1.3168924272756712 9.262710499034284 -11.899353265614018 3.710687774101769 7.101570403917788 1.2281708409193342 -2.6397013338554216 0.08918650707004924 -0.7413668634436338 -2.0989707083782987 -4.949788786630824 9.222687418005377 6.922046421999027 6.197258232841169 1.0589072015495982 -8.607549357504851 -2.3292433236024026 7.085230703340233 1.8203265816278966 -4.487673675057686 -4.878461096515057 -1.539217363262665 -6.501996251707735 -1.3234793809353738 -1.5999168152220051 4.207462343337309 5.688209714294341 7.301031232028979 -3.262086541176549 -3.957160840401199 -2.6008844120668493 1.5694267936406685 -0.6233887047786109 4.6751422808646135 1.8434019221882971 -1.1812413140121005 6.371897134208427 12.02520828782627 -0.8683377500111316 5.305067408778131 0.834841998523707 4.454702044956888 -2.3714991118204547 0.6266970699084767 1.637096742817722 -2.6633023034985412 4
10.410778444850967 -8.308396296214983 -3.8971366035830117 2.7437565668232473 -2.89622774493806 -4.375292176586229 -1.8722657716919655 2.538562565517632 0.6918371015967865 -1.8730119267016183 -0.0801628376347637 1.5204165005451318 0.9037847088902657 -6.600049772851143 -2.133675487255061 -1.1301868066206073 0.00012058580240555839 2.444398375445984 0.5031074789054796 1.5545169301157722 -3.9135000606722494 -2.635352516431763 1.068958435222428 -0.45679694351580613 -1.1252860386473489 -0.01808579139161932 -0.9793646335075571 -1.3387183551953719 -0.30404096761515115 -0.34419541647466634 0.269254792583165 0.3517819172190748 -0.3805056983489597 -1.6001814694251801 0.38640657361154906 1.0454615702875116 -1.369272291580944 -1.5708067927589255 1.0577271995647795 -0.5218259754678207 -1.1573378044264624 1.6794805934899422 -0.8328261507689979 -0.12936002376664868 -2.527979833040788 -0.2543098333631494 1.3018926554436787 -1.4572874772703872 -0.6563808564999241 -0.5935989464538812 0
-6.901838630531132 -1.8295658743110395 -1.656349683769468 -2.054791982697895 -1.5713008718476866 2.137272052981957 0.9704876171457432 -1.07240081747375 0.3357616323364142 0.8316296603911078 -2.8926694243011606 1.6435656163326604 0.3823875376283745 -1.6053007863665514 -1.652945805541358 1.3402154095465566 -0.013406747519489134 1.151846323945467 -0.6572261594199011 0.2734183071334578 3.0981350675005013 1.3487897316684976 0.9179558393183165 -0.18864294807250695 0.17473926139233964 0.5879257189347955 0.3150822279583928 0.8375222858686893 1.7025562958260818 2.401830261222782 0.6129512615010103 -1.7130568611437607 1.7797282372458898 0.9972167511279302 0.2798950625719798 -1.7965396300790775 -0.4669842877991812 -1.5045533002863727 -0.645686419628493 -0.213999893925334 1.0262890291396314 -0.8667894228650238 0.47445389781139113 0.31322474109124127 -0.35170923288233197 -0.9870917459904686 0.9590450109897053 0.033177298409939826 0.5494573718226771 -0.6194247277087089 9
-6.688767503948197 -3.1545111656472 3.4143107910241683 0.12760313319082106 -5.443435148031082 3.635526449893256 -1.5988580858818533 -4.570702815806966 -1.126177692962887 -2.517704414064824 -1.7515096697552555 -4.047359113109996 0.8336963093147006 -3.8392545787083905 -0.9628919024670037 1.9337443909923604 0.7315251536948111 2.200110696298586 -0.31700321988740116 -0.5940714853482253 -1.5925143161408273 -0.0735451436087409 -1.4271995068082388 -2.0535635280512934 1.2964143192920272 0.450380189663141 -1.0251106582798224 -0.7330373537878658 -0.8124459263973073 0.9999257572148027 0.06599503353726363 -1.2564049714792664 0.2849457350001041 -1.2632273611489524 -1.0644668449180972 0.9330413281053086 -0.04742595560321383 -0.12648280186708571 0.3218349392942421 1.3444804714076053 -0.824939253982329 -0.3814501225752047 0.3787696028140351 -0.4447630981964031 -0.7975641667673675 0.8939020274868608 1.2906871333296612 -0.06893212429771696 -0.1278488313584145 0.016450897544233355 1
-2.49488479141166 -2.8843362125760277 2.636787705313891 -2.6125657611918984 -1.2016948962816434 -2.4008017269674795 -0.7446761345650132 3.278260520104823 0.3179452618288908 -2.486640180319301 0.7826709577781998 -0.13619973090436804 0.2666584736591545 -0.0651414057323337 -1.0644526398906116 -3.2606119959794033 -1.5663674345419059 1.3375019889335282 1.6238568253274421 2.0041476593644565 -0.21262223195917698 1.9589911070714654 -1.943818374896375 0.6661161457508954 0.10119012444966552 -1.5672415101796804 -0.7473965259567064 0.3133143553486488 1.515250471392599 -0.8323439528744289 -2.148058668009387 -0.9044358276873912 0.47037124471148367 -0.6709028264977823 0.9110305747882698 1.3806608086127623 -0.10218742304232854 0.3535800090961337 -0.3711223073906069 0.03069205236928025 0.7685541529013895 1.562597813584112 0.22351829654677524 0.21106190523982002 0.5781305760669683 1.0564047606745084 -0.019799328747416623 1.8673450815492565 -1.2660655037841786 2.1665790814881434 1
7.792480090925341 -1.0422318747337265 10.06945668738897 6.3406138933917315 2.104436302389202 5.95868062290348 3.0212270876547245 -1.6868871555071765 -1.7562818728261584 -3.175441161846065 0.9219203202729899 0.019553155357608674 -4.3096679618985645 -1.796438974608454 2.6930789466388396 1.5503946673307414 -1.1431471440916219 1.2316117822851171 0.344278593706278 -2.2425731090398915 3.11542804697694 -0.7020556865230296 -0.1513216570935228 1.5430953776239358 0.4166570751888439 -1.681510445494621 -2.3982436071344644 -1.6855394956038783 1.6168939636054795 -2.2416818647467416 1.565516175641228 3.06123907679651 0.5165639234490251 1.133209971167529 0.6601786635212489 -1.9296503265826817 -0.6677501513271455 0.8032163177603325 1.862470483135371 -1.0962770512282392 -1.4143826705053786 1.2036090656986311 1.6067054486662387 -1.091288265942509 0.7494518778441399 -1.3150943340251904 0.6739621794212522 -2.1217075757307757 -0.3805145282483295 -1.362503188893555 2
-6.814281292004312 2.3922514801248242 -2.1595694761500464 -0.491040868759185 -0.3176203352073475 -1.887755243372155 0.37100412799578875 -2.141561734153175 -2.622254968798904 2.2795831706162852 2.656082085641505 1.052970150692197 0.2736470656604509 -1.5460074320351458 0.32656348856322115 1.4628395458314905 -1.0302316196205552 2.5700773747097503 0.09932515102695204 -2.003714013533065 -0.3683075087016314 0.8661322487633978 -2.0483216024688056 -0.7363367792480129 0.7398863758004753 0.3651349135118584 0.4441427317164936 1.774965874354408 1.4836146527773912 -1.3704689300293378 -0.7601056046059923 1.6150942823432322 -0.6371387392838309 -0.24846932584421141 -0.5343858859586862 1.0776735476027894 0.7510941361786756 0.21940283856840898 -0.6461296134480495 0.5359835194002364 -1.1787520288513642 -0.5310334268157444 -1.300766683595673 -0.07138551936886829 1.4712486068104416 0.17184549355981418 -0.13341816781758187 0.05020239254366011 -0.020148774481159017 1.2657309463541633 4
5.955185106582612 -2.1089931814981386 2.439316827697627 17.43724347814268 3.3088704610365642 6.649443276113071 -0.4633666103081487 3.4569773839997646 -2.3517942559953684 1.826381504129308 0.16258588131029336 -3.7425033466597752 5.056062414987752 6.032463571245685 -1.3381804186763897 -0.07606953201175085 -1.5597222086115556 -3.2212496221354785 -1.829334061013958 -2.147089989829255 -1.147396353245354 -0.06732627063092408 0.0341878970008457 -1.6937105397536785 -0.5196027501577634 -0.5766894283096704 -1.0084015345790702 1.1598622304436088 1.4605606287566462 -1.6512542511478505 -0.17442602178313724 -2.256626728074159 -0.6172755037034663 1.0499454982603424 1.906004354170333 -1.4668183440840217 -1.97208984408828 -0.08877160256741326 0.9808680929105458 0.12438649714273368 -0.2930690956634816 -0.582933350476877 1.7131553819285552 -0.7863865125734383 -0.824098846177077 1.4350053759640544 1.3430856706100003 0.6640489949406779 1.9378249304390462 -0.9944948069991686 3
5.156308245509307 14.178629301129854 2.5913193244539086 7.171778490257669 -1.4931648251902272 12.628110572804896 -0.8585768693300636 9.913861635855358 7.566315385672832 2.738129818873775 -4.536587919985557 8.973096824185415 -3.890808521538648 2.3935803745191007 -4.02325148778374 -4.37435186865729 9.57519345384577 -0.16511076880349645 -1.2995833600949374 -3.994472706678946 -8.871332063035368 4.763562010394652 1.525438528557804 -3.0280293121133295 -2.24038549814061 0.3377539802189899 5.736633722661985 -2.152229914338352 -6.600633436886306 5.1674420935794885 -4.043490788734147 2.0200177640745722 4.447891871381023 -4.400337566587291 -3.401383142025112 1.1936123090846014 -1.046881635194462 1.684074297498869 0.7258202213237713 -3.781894587205801 -4.267714556661747 -0.32172768880448416 2.2286961104040404 1.8383239458355196 -1.9444514791047096 -0.2657681366910861 0.5040529397216089 0.9719158732398756 -0.5446582362491408 -0.6388112057750988 2
-6.240714614142667 -0.9623538043988596 -0.42575811612390724 -3.5731828424743934 -2.7872202746433152 1.8253072872043878 -1.3306157424832168 0.061042005981786454 -0.38549612359971674 -0.22846037045100084 -2.315185515205053 -3.374894345675484 -0.7599849261237984 -2.575876967211555 -0.9939986455108814 -0.13989498312440593 1.4945080283071037 3.533035075313383 1.063564447708414 -0.008385266611024721 1.7265291565579994 0.22657769715227366 -0.5961805455041437 1.194766745752691 -0.10400756611122569 -0.22944546617691874 2.8035570523302473 -2.4536073128732516 -0.9362032354102656 0.9835306830963584 -0.13895290134509589 -1.1655756499439334 0.15535906449493905 2.749504556277996 -0.023779699693426633 3.0440147708297682 -2.842149892251368 -1.1655794043759589 -2.7594870509125853 2.6055871743331074 0.8186875908191373 -3.249516313550888 2.1605951098840865 1.2631473852286856 1.3312200422024953 0.4744129895756543 1.3130293808981084 -0.5066766305281134 1.4392337130977368 0.27105927372706484 7
-0.6187154572918246 9.894784601510068 2.486190076637312 1.4446132840608337 -2.864366235720988 -1.0953771687048235 -3.634023282534908 8.881028566220055 4.6130673016884725 -1.8804975165765574 -0.5306805247308596 -3.0644435992803967 -1.4674514188129153 6.002351847796916 -2.6929663780727418 6.0569328116276795 -0.11186170685661878 5.453899625404141 6.38289239688188 -2.3830604935944106 -0.11774539752826427 -1.8446927737957608 1.8611525981303305 -0.04050687884562399 -1.7407833265718247 3.610074782515164 -2.333877827247547 -0.997547323176774 3.4535154320558825 0.0717073997646247 0.4191961144027697 4.143136280150946 -2.3940572274268237 3.4083532031330086 -0.8052927161306243 -1.0077492452832246 0.9117628379032937 -1.0123416244306254 1.0970907032948112 -2.032878813140088 2.1575866834542263 1.487379045052274 -0.988459920217192 -0.8128259181932994 -0.22494369826487504 -1.1237844503612435 -1.5242957746750678 -1.2142607431821748 -0.40447053167409514 -1.4566458662556274 3
-0.941131320117004 -10.053363428542234 0.7642499113473936 4.834400467673893 -3.903998166435389 7.269696903375813 0.6139158867805287 -1.1010792765577375 1.7884442111554384 -1.4636334916734972 -1.6299918583878477 -2.8258642305996586 1.4392658362606667 3.293967170697875 0.028687835313457356 1.197367868239852 1.0596186218464385 -0.10616074673480336 -4.434426322080592 -1.3773856453874365 -0.7376066410022005 -2.228988336499738 3.6331746599803445 2.11208418152664 -2.7811554656783373 -0.3428704734164246 -0.17832655110097395 -2.280309551891485 2.298168200900062 -3.2183791325320206 1.1665706058198217 -1.6746036316671422 0.4907925989598628 0.30044877968203526 3.3309842990150877 -2.85971491281324 -1.583552915468599 1.9185288692694489 1.846348263379158 -0.002288117511697516 1.8221991845469503 -0.021674566576341675 1.3424003295465607 -0.9706423714894901 -0.5653953202013452 0.9676872752024237 -1.5002533829697136 0.5494778364664611 -0.059622097938789496 1.404967443223923 8
-1.2203150910335212 -1.0753487383371831 1.9976461423545764 -8.060546854097852 4.735166456462157 -5.494745314344698 -0.8681669018426745 2.5334403904269487 -1.4412018583948043 2.008978596235339 -4.955850130929869 0.14384545264193638 -1.2522581334573188 4.882395505889225 -0.3006916020152546 0.3793793551551202 -0.8252621879163706 2.1599115720982924 0.19726864038793263 -0.4036535144380251 0.7887765471164772 2.768133813687916 -2.4231325486760507 -3.1339528189260024 1.8999607894799473 -1.019137177230519 -2.6609420342256893 0.9855894798885225 -0.2577105869773863 0.1422503224922434 -0.17920424335799282 -3.2476722391493102 0.6440669242305396 1.03928018580544 -0.27894027806684546 0.2576170920638152 1.038724171714646 -1.1728062735585418 1.2434056266002091 0.9409288087631705 -1.8541663633463878 -0.9215879989046443 1.3999747151606703 -0.4516697310572843 -0.28995447795911883 2.9930808514886036 2.4879824271650617 0.4756590213672499 -2.0645319930145645 1.7799599662139725 6
-6.789284035571753 -2.8615503216967375 -3.941255636578334 1.1568207415942682 -4.268781779859714 6.1370495431207495 3.529144889002461 2.8738760458954036 -0.04908124913939802 0.7441451403586237 -6.807700460501803 -3.390640295775148 3.3492821812501883 -0.6229859258622716 -3.718129445406145 -3.6866791596214394 -1.1315529369505286 -0.2238324574131499 -0.741898508806697 2.7986110070575854 4.387459818623714 0.04624069606184273 -6.310158759515387 -2.5696568410992158 -2.5783778903985546 -0.7383673710092906 3.771542404658452 -4.63753004757251 2.389619411670711 -0.20736555997379177 -1.6652471082957159 3.283456213291326 -1.5752872971850895 1.8354573332006694 1.1020175376356127 -0.5770049374796536 1.341667918385848 -1.9154034521636125 1.352800451255814 3.0379443033998967 -0.3604615054376311 2.0212519433416207 -2.0440599051485 3.147512470670564 1.758599852184678 1.48095513491598 1.0349846815324861 -2.41047833798542 0.16484895748415856 -1.8909980062194827 9
1.792727409196249 -6.383528666178979 -1.5304413556422969 2.9857421491522764 6.226573027165136 0.9705552093282854 0.41903015590114573 5.5282093380364135 3.8924672600921233 -3.1075258044728 -1.3506437642844866 -0.8751588667583914 -0.5075732278668929 -3.5121845844146575 1.283843643718988 0.7407587423134683 0.6766089587346791 -3.87438111456938 -4.755924643393112 -1.7531076166802717 1.6387394056600806 -2.787520141579024 1.1437121939453805 0.15012054808562766 1.4798760050864337 -0.6200833547066861 -0.28531669236193996 -2.6184006235280815 -0.40996356710412823 3.1286550672592934 1.7388400237706285 -0.196911557420864 2.106012106004907 -1.0766619549766356 -1.7510600838068555 1.2942741788453223 1.9454841523086248 3.0163654667480966 0.584243558950943 0.45428286870217544 0.11912432051904998 -1.9522558626534492 2.082242831087992 0.6015629137034447 1.349069227635569 -1.2307817885833523 1.3437976920804888 0.35376435018279156 0.44992584131830243 -1.146355902691378 0
-4.1962385064793635 -5.479225626062406 -0.33936432284480733 -0.15711751668323573 -5.707582225240963 0.708212851086726 -3.506434028580021 -0.5835228259527477 2.5743470658796004 4.55435897663383 2.4414324099870384 -0.38694952147150824 -1.3725892365563213 0.28842591964011205 1.202613766675631 -1.9061357650123703 -1.5758480505586838 0.8493372765653651 4.6155557817025565 0.1637126356879024 1.7934817341059106 -0.7372256452713962 0.07638570938313836 -1.988629599896948 0.83760743665306 -2.1911805433555926 -1.1274539894436015 -0.04493805638404691 1.2684238910487577 -0.0784842457120716 -3.307033820894917 -0.5128683405696605 0.9919910771363479 2.1896536256069576 -1.2750580172222552 0.7481251475387233 -0.5666316603759104 2.3929029976472704 -0.08162488431700296 -0.22543214031505165 -0.5686055374742809 1.5697483986509273 -2.07706322269765 -0.8890324880255095 0.9978174545625099 -0.45784792633408705 1.9041996054089032 -0.765262830462653 0.6557569413976353 -0.5916054438453059 5
-1.1252812716081064 -1.9441154407476682 4.510985261402868 -3.954318976516776 7.874718863533065 -3.0672980374531784 -0.37498023890194637 2.2772264804603797 4.52873974821316 -3.4417381253216504 -0.38453888351929244 0.6124379863799155 1.3799014100748161 6.048310391015058 1.6864188226117576 -0.6020852516758766 1.1838328916863825 -1.1374957914851203 -0.2885701609617394 2.4669094326436536 1.8093660915818381 1.619960991120664 -0.7239571555362235 -0.09419478672301904 0.14618198461778237 0.019129861492926965 -1.4424277390179376 0.007097682563920933 1.6906907637253021 2.742147912259693 1.2302766091013537 -2.1694715080062092 -2.8012458973031404 1.2953925930738128 -0.0050190662646191425 -0.41230961811095146 0.48608420209001524 -0.8181847736523955 0.9254114579591106 -0.9221184735179868 0.652458455885171 1.833236027644131 1.4213442500170992 1.6558848203279424 -0.9916532772147078 0.7900180696750959 1.4175928502158581 0.7886259456296636 0.26105823865232985 -1.0904481304397324 6
5.901442794678621 -7.709874739435911 -1.889603456832316 -0.07059026813324583 4.8186466470033125 -0.5026069420713722 -0.41382161188316574 6.675163315871664 3.101759809224401 -2.640223164628528 -2.1050650782199067 -1.4197652497204365 -0.16871700473041856 -6.910642645909463 -0.6465665236361139 -1.8561908650829289 -0.3879442502412989 -1.6978772070136268 -3.9798120888843114 -3.0758754574156115 -0.3342340894492672 -3.2108061183684504 1.414818569065033 1.2730007511870145 -0.48366236161899756 -1.9917060045251036 -0.8595068036565716 -1.989290378158864 -0.8610195813734975 0.9793282099125489 -0.3743970682566333 1.3368408418468247 3.590982684828827 -1.4235899355102426 -1.0403596555861605 0.5057334859694234 2.2018177269824477 0.8357813887424451 1.1978654080045938 -0.3149651545992854 -0.5991851238071209 -1.094266492284473 0.7982136533471965 0.10188710186671768 1.5270037049057912 -0.688128370810751 1.0489663226625305 0.24781021014713817 0.11354610327379218 -0.5537154725334311 0
-2.289685832602469 5.217532685535924 -2.063156705421202 -3.692993708441148 -0.6050692049955604 1.1196295688307378 -0.04622449218705029 0.7996224346344104 -0.7900519720372808 -2.010133669305914 3.764033217091041 -0.9052336952384445 -1.2990823956547812 2.1216514940222218 -4.193957877106976 0.9238880394991819 0.35007803558192413 -0.7702278579630469 -0.23189603638467454 -2.4698854773710464 -2.300848638254206 0.14838918506926527 0.9503187106180203 -3.586135774633262 1.2154369999744616 -1.3838295512600391 0.8499958168803221 0.2777530825005048 0.015259915053519613 0.09150651958167594 -1.0007195469965027 -1.017213912341671 0.3648128544341387 -0.005691781766660001 1.4005528555452897 -2.531064089909857 -0.5979006235564246 -3.316785120779793 2.6659914239242664 -0.07189822530182753 0.03843051170312905 -0.09058300365187892 -0.9582668093535869 -0.889729338618836 1.5921640541156599 -1.7865326971163724 -2.3974756763176863 -2.3780967621563955 0.20457540131596882 0.366763914149902 7
-0.6060119876347301 -1.9292319258747403 -0.4979163368669097 -5.404675790666901 7.737032263686637 -1.9525771315158722 1.6823948061847518 4.293152124719139 0.6610150651155541 -0.18037468804634196 -2.465853649301454 1.3162416066742355 -0.4252354889241615 3.3302884654471354 0.4825443765924428 0.13352811883172838 0.17749427238286178 0.012224802366559548 -1.3046273370509214 0.5008913288736995 0.7026048647123115 1.2058058753484233 0.30023815389134345 -0.3798477671945011 0.9262441574238696 -0.5627777681901198 1.2539821681643484 -0.6697406678156401 -0.7161982273449566 -0.21200575379688916 0.5010592967265282 -1.0044995247186774 2.1088472511772873 0.4445197377894186 0.8537074950077108 0.4644406646494295 0.3552004019826973 -2.247843125514809 -1.346445539390698 -0.32701970552112997 -0.2504007863997448 -1.9200925942027804 0.43294148891344114 1.5939931008569381 0.2841687714044438 -0.3204842307779487 -0.4920355820809632 -1.2449699006528698 0.949024220197512 -0.9957828838755557 6
-8.479701220286476 -0.9562732372778072 2.579298505435104 -0.8874718331417333 -5.690429560397952 -3.6833555633539996 0.7573667607239214 1.01768482707596 0.8260494347474794 -1.030512463776085 0.14472398758822405 2.9541520578160716 1.4211391246691296 1.799354984874717 1.312796088295983 0.5295137454067678 1.1569786796015975 -1.0619705905857413 -0.10743565360140306 0.24789990313974566 -1.6186264437248714 -2.25279214312857 2.6611624312970843 1.7350090770578623 -1.9219790743132086 -0.224978268422339 -0.20098317101141566 -0.10465924473835322 -0.22006891438077666 -1.2004356852082347 -0.10776281682592216 0.520333169711347 -0.16200654549426777 0.9658276048892579 1.1949896856559281 0.05431991440693565 0.03782798076884965 0.41444034900173937 0.4339939112475262 0.11287787021317014 0.6683865002456898 0.45753473727289357 -0.4207222451659257 0.6351831393425841 -0.7837038687325297 0.15944449964531665 -0.06656139119650656 -0.15330833478169206 -0.3225670575572212 -0.45142328556699735 1
-3.558679147286689 -4.916116494525614 1.0600664340231623 3.7525594621106824 2.003763277265173 1.8367189990024924 0.8013901349367568 -1.459740787158173 0.6894314581137938 -4.976346720965626 2.7908736445278386 -0.8304550830004267 -1.5656397211900566 -1.7067619964060103 0.7796074204493202 3.084723516803851 -0.20203420156926089 0.8673944566768635 -1.686215877599507 1.445904796098084 -1.061560454679621 2.271608209979124 -0.7212394255530586 -0.8641799475000703 1.5280687748710537 -0.27567558501569844 1.8134691004919443 -2.1558707490169957 -0.8013561918397589 -0.19046268841307676 2.445530342586987 0.6842057879575199 1.1644935935501286 -2.282320801604133 -0.7606017726918584 0.6048610173621333 -1.1811254368316695 -0.6603536708996123 0.5149900820969472 0.30111538707632735 -1.4726115322401752 -1.0139299156157973 0.06990920823962768 0.6394773862562891 0.21331408754137185 -0.20486445553221824 -0.45222517982116606 -1.9665268238908704 -1.260115332069788 0.10258124917659409 8
-7.624919260288287 2.3123486632078203 -3.5393632699590123 -1.0250375742313556 -4.134381045729299 -3.3693760583103067 1.9297768443856396 1.7336381136191283 -2.2424341278531434 0.16083597763157928 2.4678521743665156 2.9272445067600747 -0.7525488404329923 -0.7672947561722622 -0.6744846154819785 0.4925473559583637 -1.101499406558721 2.234963941321139 0.5972365092065789 0.24102534540244525 -2.7094515009980946 -0.9282981767655483 -0.2870811653080796 0.6872497266697085 2.619236965862304 -1.8779185993813126 0.5212445461521887 1.8111797930513933 1.4111621888541814 -1.1954168768804578 0.3856945053735217 -0.522997167720199 -2.1048849055249588 -0.14786822307430986 2.262591452388832 1.92136990835629 0.6680151369452537 1.158222947235151 0.16541326431890582 0.2730608835133513 -0.9970804791525403 -0.31320719271665426 -1.2202489790863755 1.1863886321632136 0.1319960337783641 0.8455028023607806 -0.4842235591145296 -0.42868651253865936 0.21970040165552207 1.9311642915381801 7
-7.482214647674952 -1.5997337185564204 -1.194287566017143 1.4653823956092795 -2.214642911917887 0.016886188683204167 3.5445327104984616 0.9149634604300056 0.16556541565859556 -1.1772355472108829 -1.7159576414077475 2.6475335919544727 2.5053735461392383 -0.7699433719573776 -0.8520058512327303 0.5272964523255448 -1.6531352023677521 2.13164017010443 0.33877613031833015 1.4843092818954775 1.9222006999878032 2.4620834616344154 1.2495325338678993 -1.0021003042240724 0.07115495335508555 1.5048122085399145 0.020260934200540908 1.4568632707688332 0.8682965156129622 0.33812278773471716 0.21200050004107532 -0.5381258956659057 2.712310616719313 1.1890750954024008 -0.767895606214107 -0.5265725038320884 -0.608381114248795 -0.3342182848462919 -1.2236692699175924 -0.17341523838463493 0.3347397746996835 0.14822795067774114 -0.8056783181391973 -0.20975528975117894 -0.7422755489112575 0.162176642162867 -0.970707409865706 -0.6811775103751452 -1.369498027462476 0.6503536925053962 9
-5.151654380524898 5.524709498734122 1.8021924407734846 2.7849828678438318 -1.3428392008281882 -3.3449665346698567 -1.1196711915896933 -0.57127107490421 0.1362260978258374 0.9878721369993677 2.5649765883801763 0.7895559384844085 0.31455135697087566 2.4254714340140286 -1.855720346887566 -1.0057422380175824 1.7664849969917171 -2.7821857556255587 -0.8375322553657344 -1.2722743736433706 -0.9974123087125365 -1.6766150897230496 0.8306896056279156 -3.698453672484292 2.601360694643957 0.9372257853153052 -0.6941404913626236 1.8064549507745997 -0.7085398521291688 -0.13283275402585237 0.6901275538176285 -0.4238991051811286 -1.1874442160528034 0.4778636354359313 -0.313622340334118 -0.6627128833791625 -0.3862927086437424 0.9819213018266271 1.3375239853680339 0.1547142957765562 -3.0123365482529763 1.650739741879555 0.5899328862051858 -0.3426063759388995 0.10982055106797296 -0.09729075007682059 1.1409777777051215 -0.7463856465074242 0.15265457145254205 -1.2578320706097508 3
-5.372487259201239 1.787177455789557 -7.75574115759213 0.07303716232149642 2.379489499826006 1.0036325928278953 4.9120708088530085 0.1536244330886667 -0.8531581597462206 0.9035692225226724 2.3225986130033025 4.243958778522976 2.323639128350218 -3.854154091467363 0.01624288162487188 1.8598331778560662 -2.265008711649653 3.5403049003495344 -0.2462019151580319 -1.0905456758372714 0.6433173918132548 0.7098121326667934 1.525482470221958 1.5215836599279318 1.479344980481896 -0.6569985784371701 -1.8958191497280361 1.8570883318875806 1.0778523713552361 0.005953035291163313 2.6722427669398177 0.02112201779675456 -1.3685135709962315 0.8019265939830685 1.3144628948622095 0.22569725278633437 -0.7809143772448576 1.9515400261430715 1.9546638828870766 -1.0826471447849333 -2.2909662067198595 0.02222540390315608 0.640448863085855 -0.31485658710784736 0.6875933177455555 0.873216557490413 -1.368814146430195 0.13641423056841726 -1.3330000390580719 0.2662948646631456 9
-3.8331620100677144 1.641218644232727 0.17472030095149985 3.1439694202574278 0.5118550296159093 -1.2450697154301333 1.5164859325762983 -4.335253109001406 -0.6628311838172585 -3.826805491002215 0.8709139674536459 -1.2135182236661863 -1.5642793334754341 -0.7249057062041139 -0.7145247950630096 -0.7011775648631174 1.8321501636509585 0.62576822454736 -1.1674981301121787 1.5579105261207011 -0.4510303188657587 -0.9916411545216188 -0.647508889996723 -0.4966788286605898 2.8185061223261556 0.742935946630025 -0.04651061464984144 0.6377444714047155 0.015457935844541243 1.3929186580677537 0.01012207838212573 -0.08571459700364831 0.26485004904586856 -0.2961117377774036 -1.886763140487458 0.6627119375475865 0.11481635126452767 1.8589396495645918 -0.41521530807461926 0.31584018108743783 -1.2268495259371455 0.42179510204765136 0.28660730083385094 -0.6106174111021202 0.7317766980291874 0.915071384134733 0.6444664350963992 1.3056954806789873 -0.7708902789771808 0.19110465817416172 8
-2.8631437959084107 -8.987506832571663 -3.1548555071218614 3.31270075650014 -3.106005781251766 1.7502617713091118 -0.5526498092474412 -2.5148279323575022 6.245810054191297 7.8989206528378295 1.2896804342134138 -2.601968813291262 -5.352999487551303 0.41512441216464707 4.56504109405094 -0.5509479854134182 -3.1061243513650925 1.3117596100898403 3.5743215159234323 -0.2515300988481169 -0.7891950712093926 0.7478577012967275 0.7704369458724772 -1.1956791385083751 0.8532121797732772 -4.8812646096260215 -5.596794150857392 3.9607307729218406 0.8832083379360359 2.5759857840172757 -5.027906221865781 2.821834732582724 0.6953876626748369 -1.4780495814125478 -0.589203672391929 -0.944116901068381 -0.6885100359961858 -0.7220307069888693 0.9292067295769761 -0.8171150759337601 0.497816789782707 -3.591579924098439 -2.4385016416012837 0.0477507021556599 -0.17059580041043013 1.2380807946385997 1.479009343586361 0.6717619777862933 2.012764641800501 -1.1520433371639904 5
-4.110379414989974 3.5581377935290126 1.2670998078487952 3.0780659094057947 0.22851760534685472 -6.681570856890818 -0.19705985121471967 -0.32611653634271065 -1.1316276380038681 1.4569636680081186 0.6112959991930825 -0.3183446058511908 -1.306685093266002 1.807418757374163 0.03340088924689023 -2.5514448545834214 0.40862491729497225 -1.375799898493417 1.0473350629910867 0.967890074799169 1.3433039231241028 -0.5123919402232298 -1.1585805924399695 -0.1221832356775363 -0.10415253878285065 0.7242860805835679 2.984048150747865 -1.4966326083075292 -1.397732337071584 -0.32931523732618656 -0.23427803382349366 -0.6493578295102346 0.7933062686212361 -0.3000239297806498 -2.6521645002250347 0.2850940765597831 -1.6252734563128028 -0.37874359455568446 -0.31006620664263446 -0.1709872966214452 0.05843106979222123 0.7715032394626463 -0.3255355336252655 -1.1917573686738372 0.9760299353789922 -1.1450304167675402 -0.7035504565934888 -0.17827305656297415 0.5844600004264646 -0.09614248879079768 9
-0.16333841067044136 -5.027756269419546 1.8608595877581118 11.916290641956387 1.1776575278708652 -0.6202420253295565 -0.17620511702037864 2.534637112827521 -0.25876091631055725 -1.984484290018637 0.9588306684124399 -2.2736800180608703 0.6527450012340201 0.6481191117970309 0.3699279277254048 -0.896194164600687 -2.4246568300129896 -0.7313958542884829 -2.038753555963373 0.3441131187585341 -0.12650796036625742 2.1832108970004636 1.4979282442027935 -3.2233488577411054 -1.5875315389033913 0.4963353794426458 -1.0360178849003716 -1.0821686321294892 0.5640093367364274 0.2770907079715643 0.24455179823264087 1.0342655049561373 -0.7275936657007539 -0.6839450265889876 -2.005862502608075 -0.08822827326511135 -1.4757898491984076 0.18624675384132272 2.1701670237043786 0.6045481320596152 2.147897511502856 1.1502862297958596 0.37109303820747813 0.07921768908727281 -0.3288815191726036 2.1996075318892783 0.5046942825593767 0.5260724944456217 0.4139124406206123 -0.6962853666457879 3
-1.7307240938525263 0.01350220529859346 6.63623589085214 3.709821398354697 -1.0338046544693105 -5.7214638605879165 -1.425992259001698 3.5736082792610744 -2.2550509036977964 2.461675989454216 -1.8161876886382244 -1.6037171234457452 0.16708869538616178 -3.46873641405387 2.2048157792654752 -1.9628254352898595 -1.443958168179435 -2.4233261038688703 -0.4634866541072182 -1.728599578054233 0.5233351267440008 -0.11399589719956442 0.158724892405235 -1.097399425646907 -0.25112834210659074 -0.6291431123057353 0.6696872530325901 -1.3772391512819528 -1.2471728002274387 0.7778650269782188 0.24126580032298817 -0.6576708866594304 -0.4496477772511709 0.7141219025466682 1.2572736375545879 0.4685672166186157 -0.30465140869074236 -0.5118704203547773 -0.9155770256517316 0.6430271432643023 0.9114390812384937 -0.8034284417704727 0.4729621919159996 0.07358518822066912 0.07860210034783972 -1.224550178004322 -1.4033923587576298 -0.09367398486030486 1.2011710025162587 0.16451976282544126 3
16.60312769760149 -4.217017599310053 -6.775573275190246 10.21840565348361 -1.7644386949037167 -2.377705993316321 0.8583255854258692 -1.7990232325141933 -1.6581227028411223 -0.02256923233320242 -3.336272116072061 0.7430687914132383 0.4162331819066522 -0.7628471190370233 -3.943773432399411 -0.32348060139621 0.9061319587217774 2.518959054216123 -1.9969441775612975 3.442573364847928 -3.3904951410381154 -5.823083492569223 1.6225190626026091 -0.510393254963345 -0.9878786441857788 -0.534752432701862 -0.3159923430297893 -0.45883973082314167 2.373301541384144 -1.372189678388577 -0.5899398224430381 -2.5751520102121934 -3.2204910604884196 0.19109267308572575 1.579275008591088 -0.991169883319649 -1.5877558350256713 1.0069299894681445 1.2332534097385852 0.9653042270865019 3.297207592910176 1.0603920429500673 0.2598555276311904 -0.5587435907424976 -1.7475301007834834 2.802454133429731 0.7944662576939424 1.719588522053711 -0.5990910119094595 0.18293499902131327 0
-0.21781560309596554 9.151050331900985 -11.984076755724992 2.333631443984731 0.2563978372625812 -1.5293030574913584 0.7434587033052167 8.21333970159047 -3.766106059174828 -1.241504926117769 4.329069614312992 0.21495905301301246 -4.126576926735512 -0.11526869125273034 -0.30870450459176124 0.7086591555761516 0.3089635750546047 -2.567321664667303 -0.5121483973129917 -2.8687357144834706 -4.249632140357888 -4.891191692298752 -2.694419119347167 1.4374188568786916 4.454870053841449 -1.2713345191823966 -1.0668817196374916 -0.9031326755385447 1.3060081789042506 -1.297328409345454 -0.8343056962973887 -1.2803864416273023 -0.6030567367161374 -1.4959353681556455 1.4481712796861617 1.8456678730994387 4.4714241716664045 3.3928641041008274 -0.3306905034783781 -0.23160524109038602 -2.1058563198451785 -0.5990486770535512 0.4638793807957868 0.2946247322895909 -0.9916558750335327 0.42395998777386373 2.0715532870078532 0.9377370520686751 1.331760540267781 1.061354142139807 7
-6.354011572003322 -1.762890221238401 0.047610397602883305 -1.5281900794027659 -4.103800356634149 -0.7962782540335606 0.2535670272685868 0.6000785445963741 3.459870681044848 1.4740163350243352 -4.144274791254704 -1.9227326372873426 4.593595977001556 -0.7833519306344149 -1.4304375748787896 -0.9118497722861009 -0.8050537368921233 0.7278757402164583 1.4593252816777118 -0.8642207924819488 2.0795090483942333 -0.7319852198846681 -2.2444785827374134 -1.5951698028917902 -1.0747905986400834 2.8956320066591505 -0.2687966806794343 -0.8961746107236667 0.37953549043268675 0.5411600172078997 -0.992987697813997 -0.9150015595939436 -0.17487706745596573 0.25086789226506656 -1.240188310577836 -1.9191783692772344 1.146047769400528 -0.6201460147719287 -0.5311533432776793 0.6891441452813587 -0.11844254510742294 0.8304569662704732 -0.2784978982248728 -1.3782279480940247 0.8503854451859282 0.1665109413678778 0.34162809743573846 -0.8706188403817045 0.6466617892673041 1.2263343153038988 4
-2.8434629677938164 4.13121433871922 -8.186434747790269 0.6316788503816232 -0.131097251445606 1.6409616118032015 2.3282816434516245 0.4490112039222478 -2.3722964108296094 2.3852669468852112 2.3661780170852365 1.956989005330707 -0.639737161735512 2.50250794463503 3.4524039752297293 3.1079313137527036 -0.6971633758256093 -1.7131775175630588 1.2652451142500607 -2.82370793658212 0.18023141919040483 0.14074177058168422 -2.1924019066090983 3.0127199995784615 1.5605531624181816 0.13563512639700215 -1.2544952127857445 -1.911000078509169 1.7135794245139673 -4.268410363165991 -0.08375779881850401 1.5585244471404895 0.6544705146876213 0.8828356889605458 2.113260656379211 1.555862765370048 -0.24834144212960946 3.514859191461561 -1.455002168827594 0.41944776432380343 -1.8517851935814196 0.3156084040142639 -0.9239794231884727 1.0048848204452618 -0.8262719150122365 0.006827043200923297 1.5268653305471982 -1.164953920528624 0.9194777852486735 0.7923728091316095 9
-3.92754938300525 -5.205171909291587 -5.604115546662839 5.89498288903033 0.38598125979394304 7.64567194802836 5.8208177026827395 -2.3205813162312943 1.3190408412451757 -0.5905633926333322 -2.182195702893158 -2.217667279322558 -1.0430446851845698 1.331383680357219 0.6581568228863206 2.107953166733968 0.8023789823754228 2.1040060941963157 -0.8269179852095093 3.0523004478893774 1.1160193273068755 0.3707720656758084 -1.4791830409162663 -2.943858946794061 1.8093815661995913 0.06310536725016368 0.7926939752090123 -1.1943083441115716 1.9042447018454092 1.0063883268919582 0.011074038207176371 -0.3653196164435311 0.4398308934621026 0.4249629768899249 0.8405313290725747 0.25607783114879024 -1.9993223093387664 1.6131491409797267 -0.5718466282122062 3.0794998714015036 -0.725756926510959 -0.03761833631079169 -0.49900872207507746 -1.8126236144035097 -0.5772187077590072 1.830117741303069 -0.007859230192096197 -0.13881644079635602 0.27097870868560014 0.8921466290324847 8
16.294833319007658 5.449267742486728 -2.223162161601926 2.829199252005545 -4.3138111545575795 -2.6829016852924106 5.883671473430101 -4.242726005798053 2.9741726191890563 -4.290969884283221 -1.525508339217622 3.4148685413525217 -3.5812758624455228 -3.2858266494370056 -5.09007013405472 -2.6872130821498796 0.45011742952787537 4.212888445873168 1.110143052718178 1.9111634258746384 3.142122440470389 -4.094104097438804 0.694494277960926 5.473764203859521 -1.6072784237756355 -4.513668740978871 2.11917043328839 -1.5493253424656739 0.9430485456157526 -0.544182759237798 -1.0467079230256582 1.747419150010401 4.202030489336299 -0.30283443301723456 -3.759085039121611 0.8460351188639257 1.5206897891182924 2.2271406422045974 0.9495855516410681 0.32699386021580984 -0.5859799606243845 -0.29105615986155364 0.6835732650922327 -0.33250514891849253 1.6777728923471553 -0.03009368154750357 -0.06964592491315609 1.297085690254356 -0.3819566519750295 1.065051249014155 0
-7.111918925042822 -0.6986141700756171 -5.406329428672013 -0.8754428600641463 -0.3125886519153468 3.1028810843613193 4.224498170809849 0.9911015618425912 0.3485042320933389 1.5964785283197545 -2.514159858586513 2.1558545315015993 2.8297306753553015 -3.417280325613005 -1.4243821710250228 -0.029812246456298576 -2.158105784915843 2.447550405065012 1.263095363450753 0.6167403582236689 3.729520346028921 2.236562525895706 0.4296517993010315 -0.16667562678603154 -0.40216241654190865 1.4867799122800731 -1.156384978479905 1.3535432778502243 1.2411750147720735 2.1306200901572585 1.1896082333308244 -0.32430783420580117 0.22983815930520393 0.6231411822218591 -0.09287663314897977 -3.5302199405146815 -0.45005203701228114 -0.8325007761468819 0.48880512043753527 -1.8062327674562881 -0.9746550393668572 0.5232818595386729 0.6562304643881774 -2.250808051752203 0.6199719539886002 -0.211366093784047 0.113748695921673 -0.8030197536378575 -0.6085270753503963 0.7638759455104412 9
1.4866931113026391 9.184929103267502 -3.0388955802906485 2.2900565491063607 5.484183724932838 1.903416100053927 -3.811312586858742 -6.684047537483874 0.6278164003483183 -0.4643725511944737 4.620128986974646 -2.0428297841178678 4.701725286205671 -4.487772965167102 0.21656396587603982 -1.1270131879423972 -0.1771065306997727 -3.4302638361943014 1.070492553768155 -2.0412325768073916 0.27802150794589775 0.8036486582633052 -2.7100086414583773 1.1046592621192568 -2.994373925979603 1.0126574780386428 -3.618794764306016 0.8559533630976024 1.430515312472971 1.6093586572030507 -0.9860693837575258 0.33634099278230767 0.07786845484832955 0.42254169900292265 -0.43657132079500516 0.2918748037032341 0.5113321912376604 -0.5118739514920077 1.879745574207059 0.6261728540809137 0.28595427722026223 0.9356358197114957 0.7535717767967333 0.5510546226785348 -0.3163565283146376 0.34415779200647034 1.8806005259124414 1.1082657532961542 -1.2804906303752273 -0.15392660743506614 4
-6.294849419470778 -4.062284325570971 4.963383579658362 0.41373881419717123 -5.430154526285001 1.711970643119086 -2.987430445767031 -3.8772884656624753 -0.20989204269486927 -3.747058908616098 -1.0995005791719514 -3.0608426042493595 0.7222165247429304 -5.031878199721029 -1.3782103175625837 2.0860987926121677 0.3929025091929314 0.7868507115813385 0.483853413097916 -0.769644508021998 -2.235145126208036 -0.2813922417630678 -1.7678432157021753 -0.5578556946099135 1.217195445416241 1.3774049004607827 -1.3532184685509077 -0.12764548951204896 -1.0355489283575248 0.7523483924989693 0.2285547453121707 -0.020831718885775737 -0.7392537949239382 -2.5006493910221543 -1.3571167464660796 1.2819792210396286 0.8716050662307 0.5522297102468826 -0.01600154890710313 -0.10841715072432072 -1.0468163814298836 -0.5553544283138656 0.1558009741895637 0.1427014147990801 -0.18302679447605014 -0.5353265985951358 0.6053687536309038 -0.4459989192268125 0.2552104030216054 0.09985075304926458 1
13.275667319711685 7.776854912251174 -5.135345242290093 -7.264543955404124 -10.511031938253906 3.379130847524962 -6.000769403998001 -2.723096142453336 -0.17498298534278425 -1.889693965515323 -3.703246521491484 2.8350145612244493 2.0634653475878997 1.3707370164239085 6.543241146115588 7.765070744104068 3.193117800469909 -4.721647963743702 -3.914254483582782 -1.0609023684747072 2.1412658239053353 -4.636115421002937 -3.732890907775369 -4.778075698711658 0.04113952911125412 -2.5965536221724594 -0.9139429956210772 2.6349538069896115 1.8821279146088372 0.5406477475968077 2.2996775950887915 -2.3178180194014475 1.3823848605785143 -0.17209092324518777 -2.3097874556449742 -3.1713362891825287 -0.6501435954113977 -3.4076531454137475 -0.7327657960667516 -2.0128080039061538 2.7065900855148177 -2.0332164946156492 -3.175253633417974 -0.2582084061214741 4.454953516477781 1.957500661565134 0.2292417604922795 -1.9819808712573836 -0.6552739579321274 2.1410516706484577 4
-6.333895371896134 -2.481096231451818 0.09260147408460663 -1.2291941700878946 -0.9464449138275349 2.1441782184736993 -1.5377726558597322 -3.356141842677269 2.5016105389183743 1.3483991735653815 -2.21025695278 -2.445617337023525 2.0312567385792732 -2.618633143213542 -1.0590908871737545 1.284152332832907 -0.5597844655281773 2.1342342122042823 -0.5386824104496508 -1.5264427890190582 2.5720890922117756 0.25215973947079184 -2.1157218409329257 -1.9443511384596388 0.1274171060137755 1.2585606067949313 -0.5445287147463533 -0.8424478478975693 0.7817207046037549 2.1817154731076083 0.029517925652203576 -1.547875157955126 -0.2343437658002961 -0.1114056568626692 -2.0378054076070593 -0.4011939353994886 0.4504267922590155 -1.5707809273572118 0.615161763801007 0.9587100465793326 -0.8025993340923989 0.11207547066769535 0.11748916878466423 -0.6659777874995781 0.027585453375943543 0.5010901799157251 1.8233569020973552 0.015435441533661083 0.37470476113735196 -0.14243280577447492 4
-0.5595719000304018 -3.889551516337141 3.1202132119326214 -0.70071123561899 8.16341112618185 -3.3262375323888222 -2.055140287601211 0.843118335096681 4.729907544444738 -3.6378411482711552 -1.162903773654358 -0.27362505166353496 -0.049560220709965186 0.43239494424278396 -0.13322798631182434 1.5601055362185756 0.8800196315347619 -2.0741205528678215 -2.936621754445077 0.5554410968480183 0.9921800743271815 0.6630468772182383 -1.3036973664678455 0.29935068985717456 1.5530017657762518 1.4040818895468132 -1.521042763810458 -0.49890277753017537 0.7964154779199814 4.0339556988208845 1.7614708085179902 -0.9567316464256888 -1.4512383423177098 -0.611119901557608 1.5162203218659813 0.6572781832789785 1.0422466075415744 -0.5879694064914159 -0.4979057399504361 -0.7773732637469065 -0.25225412633176586 -0.3243131722526779 1.462192656538032 1.8464794641583326 -0.5435491169384362 -1.510240242782117 0.047351483284784 -0.526855848957356 1.624677432028251 -1.3301198011639639 6
12.868010061716369 -7.982917175409437 -3.9769179507983843 7.504172746994019 0.06303206077753555 -1.8267739061391897 0.2694083743625281 1.8983755928226889 0.7023064270135274 -1.0564454722962167 0.4221392360941346 -1.3489602953919697 7.494132740989754 0.010650169675654332 -4.4037780695500315 -0.1427576236030684 -0.3318942518652785 6.738572112240472 -4.953006944886385 -0.3103051057988598 -2.8770635579568715 -6.3096795048342775 2.9788021475654896 -1.5011962259662726 -0.6445126419637902 -0.9572163939831105 0.5112763775162981 -1.1368164654113762 2.212360745768218 -0.2975838513382015 0.13067703840998166 -4.162400804419341 -0.9763972256416983 0.9626359414443897 0.5048448686811133 -2.95071057343641 -1.879864997423802 -1.3840118387955405 2.612650907578431 1.401553637307 0.3312881991597577 -1.547638397913981 1.307522883159186 -1.5399905802874074 2.3202656993926327 3.278338881420724 -2.1334692409115337 2.743251513953173 0.7222692994444839 -2.6982622089588477 0
4.459892525677684 -1.4688066036340597 -5.060140200748123 -4.424353871853203 3.270944328812008 -1.8293369816856921 -2.0723201034648375 -2.3340097169986094 -0.4519173425829306 3.9378253545344655 -0.5251858329583533 -0.8350220541792084 -5.003136681931412 2.1376264629054536 -0.166830500071365 -2.739297605460097 4.059010363965431 -1.252720668753556 -0.9643991191392407 0.7368812750044357 -0.38692795027024435 -3.4297463615879726 1.2437644100733025 -1.744678787257597 -0.7656356497565109 -0.2669856436785753 2.4616223480460895 -2.183654895172858 -3.704596946841393 -0.9754270039545881 -0.8832900130092047 -1.6694343056455743 1.5239275268834331 0.20925202064898651 -3.148677647989915 2.1486024838994804 -0.9667491610769694 -0.5062498588040296 -1.702510633939088 0.895327110133833 -1.2801650816643253 1.9839702901779632 -0.48285556114850914 -1.6628886210047598 -0.8196147866996744 -1.1513742291800504 -2.5268910655844365 -0.5601634729287737 0.6421670151209301 0.5896245256224432 4
-3.8382782014493477 -5.409220694938841 0.5315257382263368 -1.4977928621601058 -7.052113754569241 -0.36600966599204354 -1.820765981189571 -1.8947179499262126 5.389380799775448 3.79785995130287 0.07954254021765397 -5.303573466508342 -1.7299985676817238 0.2809893914641223 4.356420098476479 -5.49750674684394 2.6844369290532955 2.660302186979589 1.8112022267138506 -7.576397320139575 2.9271904905162085 0.3660192384493638 -1.7670406027568537 2.9267658663308787 4.729583263265691 0.1962895430671944 -1.291392468100483 0.9703513138560472 -0.5384001331236389 -4.158310061697292 -0.6485581759172359 1.7718613970197699 0.5677914583127304 1.0997824386004824 -2.6340198429745665 -1.4033190142070755 -2.4762106783469293 -0.6236205095110716 -2.284845976662137 -1.1707117562790277 0.296303266109193 0.31424445974843623 0.7956550428153818 2.5601115605123335 -2.9326574475571476 1.096716359119844 -0.1688999370499444 0.1587829360996315 0.32654088471743253 -1.2544295365107623 5
0.3593677563007097 -5.156782085113817 2.44790991980754 -6.258135706301654 7.359196781871921 -4.2206435963165685 -3.223224468329808 5.321227311492974 5.3742189712268305 -2.4523378059078804 -2.5376376830421714 0.7706012570541544 1.6881502934570043 0.26337559992127985 -3.010158173553832 1.070715191521082 -1.2115900370533497 -2.3831865874593423 -2.128486009934159 -2.5157126752283396 1.6069802990047006 -0.10212670659896278 -2.7250588009380334 1.8455258162426516 1.8504902399537968 1.239566412289555 -2.7776532478901603 0.42557504197876955 2.0890653604202525 -0.6078371721004012 -1.691436786132511 1.3211307886039418 3.75580136857212 0.5941350372365689 3.5942426394315308 1.5927810359977805 -1.76255594004426 2.5627579746839824 -1.8052745714165483 0.7637461275614192 -1.4049335816657225 -0.40232350540887846 -0.3869625929843482 -2.126460298766494 2.5370354494605527 0.18939207170306177 -0.16833348006708213 -0.8749452651433468 -0.9190153651528247 0.23949845579177753 6
-7.708954522987309 -1.9168589032034873 3.8421967316332957 -1.0819900564218154 -6.304467324067983 -0.49906027511286016 -0.6500491739077061 -0.9365039048386421 1.207511367994903 -1.6301207643843467 -2.3352919794764806 -1.4192915972575346 2.379415856478967 -0.876463562135011 0.3353158123034318 -0.35440031788513293 1.0758352687494364 -0.500294302289869 0.6701097279978672 0.08167717879056886 -0.8613717960550781 -2.0633722562224275 0.9515161935459183 -0.11388936367013856 -0.7789192852493343 0.8074434116636946 -1.2495554595326406 -0.9774115841019394 -1.4826457900399206 1.0439908152669 0.12067053333935467 -1.0544139433008728 -0.8890255878540081 0.2869703939234283 -0.6757967517986562 -0.2619211261831355 0.18569221560556903 0.754009048249091 0.07886740252501369 -0.03810665401755793 0.10332552757629597 0.9350248541885985 0.768791612164056 -0.49082317110421536 -1.306307410301365 0.0461407048498113 1.0591758226098993 0.5264355326374874 0.9464814494822651 -0.8948811490416396 1
10.997794313741709 7.414246020745879 4.452611552392825 -0.5059406966483503 -14.75907682695734 -0.07168516703665694 1.3875070636061204 -2.844986118639056 0.13691716517845717 -2.258462423262755 2.7912951652629228 2.4518602325825083 -7.035437153540521 0.9984816185031538 0.9737449032918705 0.38105756128604473 -5.198007850995125 -3.829321708710554 -3.444199219942983 -3.859337829307459 9.375837042419045 3.6309965277807335 -2.3527332594099213 1.3820961020512934 -2.0369129393976855 -0.4428132015894083 -0.21846291663036102 0.24852839224027692 -0.40178769311420504 3.14071325443319 1.2810094260841576 -1.0710525316316561 1.0797186645640011 0.43355395733732055 -2.8444209997514767 2.305367864450258 4.797867559540677 -0.13154542320921905 -0.8609121624200199 1.7822595885823542 -0.3598932052565249 -0.8544551924413967 0.3154502455953836 0.7735422370533311 -1.4342556993458317 -2.128219924896758 -2.6128666815923234 -0.8130901956678033 2.3224636541213157 1.1828143265768842 0
6.695501676006264 -0.24325187024603825 -0.7775126856752195 6.206710405336537 9.741027966137093 -3.140296469925859 1.389766068488634 3.225563854367163 2.6732256860133328 -3.8460168237437427 -3.0549620934508135 -1.1716351549569708 -0.3997754566721378 -4.497007434964866 -1.3283761603619966 -2.48568205702016 1.0391786924950572 -0.1339251212910332 -2.2874426463693887 -0.6138483644557158 1.4628785968121143 -3.8129137230573935 1.9057047678980488 0.3427449862206854 2.972428424248818 -2.201416311303528 1.546846628614529 -1.41880389296845 -1.4306173857845954 1.2774675221143965 0.8891596031889791 -1.4412465991213923 1.2233233544498967 1.9820846004450832 -0.5081068437305863 -0.030522271841204825 1.1619705923388506 0.724164711878636 0.11111465014266311 -0.8372176472788614 0.8062773260482982 -0.04797594939058621 0.15898543171146437 1.0129067582838618 0.9927512591692825 -0.813525904469635 -0.18123554004606984 -0.7404703587534146 0.912543791991702 -1.2065718851470966 0
-2.7178727882476537 -0.5636282929286276 5.351721982086736 -1.7826192301137826 -0.19237985548293654 -5.358963066949619 2.100719446178478 2.8235752917275057 -1.9934114379885886 -2.18361840734576 -1.709806227246475 0.1658470333683489 -0.40127939218458475 5.902990543317305 3.2591801355184975 -2.1920947032363376 0.0027862052468556275 -1.7308640528031254 1.4457058546905404 2.592566526975699 -2.358590850754239 0.6629461822556397 1.4634702786173204 -0.3886090003808747 -0.9050850432861985 -0.4067327594457499 -0.7147830833012163 -1.1979512685151124 -2.2064028178176835 -0.5491909204671663 1.4072216253162129 0.8371839788802371 -1.1364833060299222 0.311765620180431 -0.429347573698031 -1.3692960143044162 -0.2653969880556195 -0.14127295446926386 1.5112100489073135 -0.8348564682683337 -0.15235245491777255 0.7965832337545677 0.9042536506608438 0.46740846347364484 -2.406560559660915 0.6419183962160013 2.2296606782212005 -1.464766230917993 1.0883645607865042 -2.6322637144514447 1
-5.01536434292498 -1.9406724473630468 -6.603355584973824 -1.3418873200482289 -5.3969489403723765 4.3000391130128275 3.3178025058922658 4.790656991509618 0.1356127651557059 3.431542384607677 -10.249094219806956 -5.064578624851747 2.6949642764111372 -2.1898560090130057 -3.847024297001624 -7.19976371028159 -0.9525621446951483 -2.240353704187082 1.14801636807283 3.081288274407769 5.409778953315671 -2.258217727531133 -10.453076945473311 0.2366164518036904 -4.051462959608106 0.7520152450928475 5.526177074244236 -9.719044203912665 0.048531283828107695 -0.9704612707818243 -2.4039178301959816 3.4023516900168684 -8.15254661609825 -1.8001488917049917 -2.1409320716189506 -1.8830386269555055 3.6237309371455835 -6.699458501839525 5.838155071041739 5.4222865744081234 -2.8539492375545006 7.497924100178204 -4.856428759254535 5.351064151106467 11.330431401251463 4.937830316910636 -5.048888734791793 -3.5239015155622293 -3.77661353964393 -0.8510504755012958 7
-7.701781445370102 -0.9403442694771456 2.837676671254614 -2.72069051909227 -5.786160205107791 -3.8500877303181804 0.0485412195238363 0.7653373416099258 -0.4008990943878253 0.7535357254824566 -1.8263595459159312 2.20785489837456 0.14306479939631497 2.4425285281643374 1.0904757983432534 -0.08121496109062445 0.5755714614896058 -0.6324018205223055 0.4073631257826629 0.6120733382793035 -0.4518479195091572 -0.9225433005798256 2.0083214071261777 1.3575982641798932 -1.8277661937441825 -0.32685724151182394 -0.02683456866691641 -1.0669801992674866 -0.8746921501384776 -1.0464424067493072 0.44835348258537344 0.1683443377260555 0.18385352718899944 0.8323962901203649 0.5769883327076722 -0.7066710522652061 -0.17899019191376087 -0.19052037934846197 0.4910458369155894 -0.5290708166536859 0.3256726123336012 0.3804375157748529 -0.1449952526461173 0.5932414211036379 -1.5405394315721344 0.1443574403783359 0.741485723254393 -0.7638286060232785 0.33143108232640217 -0.9385927583071709 1
-1.5510584702015962 -4.234786193969229 2.602396009474603 -8.706140217540971 5.304523239392251 -0.8079239259840567 -0.7499800349250642 3.5395671188384195 2.1437200420715454 -2.696967856113376 -3.4465775535603056 -1.1129996582123083 0.9755787333706618 3.262791160038443 0.4379277903868226 0.908989739093838 1.2609485834430354 0.740270831548819 -1.3460463078521892 -1.4326210558969186 0.012039480248646301 0.19479906838789718 -1.0546483532897168 -0.25496548579090383 0.5398835419007899 -1.1730203745578054 -2.813564033819685 -1.8629795472388218 -0.04397001736074837 -0.7282833646087677 -0.21739603496495438 -2.3222524354968557 4.081645139749708 1.243706809651353 2.430836679275853 0.8650894824242971 1.407992848787542 1.2923785100669993 0.16098375749832167 1.2217546283613954 -2.3567827360590807 -0.8421378593571033 2.3245142432807855 -0.5873316303730209 0.11530681024037694 2.0246300983115395 1.971312571084495 0.9579813953087635 -1.1602834369447501 1.2836437330877144 6
-2.881438095711326 2.9890981282744717 3.4773376522799095 7.274135195555318 2.6228017382176096 -5.091591351694584 1.5953029419344382 2.3571914589391563 0.8267030360779546 0.5242826590102435 1.2663000901889996 -0.2170761376172541 1.8667090351983593 1.8238869964777633 0.9443334116389567 -2.2598347320177496 -0.9995858697061353 -4.736074178383692 0.05985747519344166 -0.8659649421017773 1.3342639322149241 -0.5509116551861581 0.5706372412828299 -3.1518452356141284 0.5744298585197342 1.763861906273306 2.040886632541376 -0.10048642123665656 -0.8090346859072837 0.02092144004406236 -0.46872979373059354 -0.7136700632104782 -0.06998749822725518 1.191031054771959 -1.3213624341223407 0.07876925920009535 -1.8140551227057031 -0.1363349482784468 -0.3277643984342699 1.6191450861462848 0.0715188884615889 0.4758542964402535 -0.05150500803503481 -1.0808430465081371 1.0576568733755665 -1.2316518175012336 -0.7586361595164053 -0.33031235589818203 0.3044181118811496 -0.14812495546240617 3
4.8838457376051725 -5.25434751793686 -1.1524037806609693 6.6361774523638095 2.8465705714387783 -2.8517385437237106 -0.9648749079114673 4.348481610379774 1.9602828340014644 -1.0348963377902158 -2.351484279403701 -0.5162695386559435 0.40080610353585994 -6.873544209516191 -2.2165390680012966 -0.652034679827951 -1.3628297589640652 0.5802666389331665 -4.428379484999487 -2.0337233837181494 0.33039185490366046 -4.090522671420628 3.277287134594221 -1.2710790486593853 0.9257962455738371 -1.9331831223455842 0.021728323388439323 -1.5613115268529352 0.8163734855462421 0.567494335803148 -0.4631420464774514 -1.2870742954201249 1.478882555600869 1.4498953511074182 1.1470447335039657 -1.9664536086364302 -0.10588163937022986 -0.23479566006690006 1.864918743802666 1.1617963633973762 2.618255698286684 0.5367407752104597 -0.20622632957442197 0.8093949201432096 -0.9835616314485627 0.5189039734439277 1.4260489388949453 -0.39634990543820536 -0.26312341150278257 -1.7767577330434134 0
-1.0201293822796207 7.262982993870248 12.484883212432782 3.937236130624149 -3.0368725906533474 4.033670740323379 0.08823105861356288 0.8771545024512108 3.314334624043829 -1.6983737918300879 0.6225771112694745 2.5825371895873306 -4.392241897162952 -0.2023050190454816 0.9918259354572417 -2.8506934374494874 0.04660822423028733 1.3755381612707624 0.10287960946141339 -3.0417568322387414 -2.038505463585202 -2.4821051365485762 -3.0797317789088603 0.29927721121757717 -1.0575450093083407 2.547730648827393 -2.1815233792583943 1.1120792728004996 -1.8702921389302363 1.67616760219422 3.314107387997296 -0.34866125222006705 2.434252413904924 -0.01039517170454805 0.331587211053514 2.102611966338201 2.569681971180492 -1.647282806303526 3.6500999035856596 0.756366511734377 -3.2933524851336067 -1.7175621719705219 0.8085594458596884 -3.1994457230685747 1.1262928641597456 0.29716380620405436 -2.143951680568599 -1.5597561926185741 2.899915547427085 -2.0494841391034355 2
-7.270892320129466 -3.225744025401502 4.40423067184813 0.7084969775899937 -6.224781230047633 0.8258625868801757 -1.3615071197336794 -2.557447552431556 1.5526170559726094 -3.8182010268592332 -1.7917330601733392 -3.016713562070444 1.9798676873945942 -3.161893567079559 -1.2807715265298658 0.22335341272930756 0.6812697377870361 0.16926188413473692 -0.6731582191231671 -0.028898900209477857 -1.7478052425012565 -2.2295838622733877 -0.12414981334668071 -1.3526981229523927 0.8500981390223616 1.3440998443015413 -1.6305137658367392 -0.1855386303432329 -0.7329412750580687 1.7415267254280802 -0.11389418916623335 -0.9629687575951085 -0.6254702413827083 -1.3499650343100411 -1.2519279698049706 0.5248216832961771 1.2964857022527005 2.1001134690069483 0.016606967579134324 0.8131201297016912 0.34921656569267334 -0.2938929102360121 1.1207961916204952 -0.7322091912340646 0.08969154499632574 -0.08789019207033122 -0.00625852352761177 0.915915803878085 0.2946889645276335 0.28227981966571447 1
-7.565755673680806 -2.850585193746904 4.059463471197702 -1.1857438983095134 -4.5588385214316025 3.62347426937002 0.3364916474514246 -1.2978605424970102 -1.3419042544119189 -4.493236359760425 -1.0611664584454021 -1.37931429912058 2.754779055203156 -3.319760784668005 -0.5149567801091661 -0.6090955906872272 0.9027276091849266 0.914685140702278 1.5452409360560175 -0.023768073402092714 -1.7054990590947643 1.2941923768202166 -0.5161287699065013 -0.4505835321951843 -1.8638775583836122 0.07381788318644235 -1.4726817795342568 1.2681062681523814 -0.6419029858406282 0.32983128167670656 -2.4841330529110928 0.012457061630352968 0.10568022992999578 -0.1080672354581921 0.3683796534302334 0.9973438471130013 1.3178616267180285 -1.1734961845931686 -1.9381100612172146 -0.2736245575258223 0.8208990737242369 0.2675846077500389 -0.3907099671956288 0.5475273745816142 -0.1109526323580981 -0.5585622790797055 -0.647738830062083 1.1731609766659024 0.5422927791887913 0.6669166365332483 1
-5.054889862775574 -2.6834859897613685 -5.1445100179387495 0.17538121592429315 -5.024184435675903 5.770226347009013 3.2320281601714282 1.5651614123050457 0.7847029006233093 1.0479682577624885 -7.671121024087139 -5.441809651365897 3.391155437873012 -2.3724629617457063 -3.8131547873805527 -4.554174705571121 -1.057193817883463 0.8229894942141337 0.41583492758314794 3.4341231575573286 2.7468135515116194 -0.9117647879826004 -7.771435399987959 -0.9603906256937662 -2.981061116479001 -1.3376288293080116 3.648249340698245 -5.6252166802520565 0.7229999053119648 0.4046581262162172 -2.303247253619751 1.4012417738679055 -3.0202021235959773 -0.40499545252001445 0.605915239326013 0.05524873893254842 0.2688595092759602 -3.6818181330637363 1.762520136484166 4.107405244045592 0.8783507705906457 1.7745305494038448 -0.865295898014471 2.119515345453606 1.288321765038727 2.8201126637703533 1.8044868031655956 -0.8711611629816866 0.8448865737720362 -1.4475194222247623 7
2.7738796526191867 1.0210145091027985 4.45241073148735 1.3830665448956971 3.6022794706000796 -3.7350526075403008 0.5278302030049339 0.9743239098411964 -4.107266468811848 -0.4021913635726189 -5.4126704558664045 -2.1949022923517343 -1.697970062910768 -3.268953857906764 1.764891521360371 -0.2317822703304114 0.4593307749033345 1.7055416898500444 0.5041133820007186 -1.81659499047549 0.7420437969697399 -1.4221738148017733 -0.7683385431805905 1.4632519516610385 2.386473366317283 -2.304600371448077 1.2526399284979666 -2.9730439948728327 -2.5198908958309207 -0.3447585347964034 1.379184128213526 -0.44548866235282675 0.04760275480920234 1.9373590380442474 -0.31036668138998214 0.06448893907905237 -1.462186360766405 -1.8300625375095965 0.16789144290603797 -1.1504021287179507 -0.26283407971778155 0.3611229152858724 -0.10317944586751641 -0.15432417904452478 0.8060015557049354 -0.4900479997478204 -0.38521389658169997 -1.5399810889616534 1.652115185547545 -2.1314788584417794 9
5.266807477892097 -6.680469902861625 -2.9741931966897552 6.626710068944743 6.558484089549944 -2.530396895018693 0.06052021024975509 4.567639090438326 2.0897545779034097 -1.1017895931597588 -2.1862260878270927 0.5518971874061962 -2.6816081339952196 -3.919609617352456 -1.109848507399108 0.24514527534517802 -1.3518341626791879 -1.6996406646421627 -4.832974615548241 -0.4714583433193647 1.1836634494038871 -2.3060533291015752 2.863079099781641 -0.2065259971537529 0.9823508026555827 -0.26755439091496774 0.6686895166826939 -2.3659076525899647 0.12330892339778174 0.7847999438236753 0.7810040579339208 -0.5150527181430818 1.315463294496316 -0.6593450253388108 0.15244448342706526 -0.2507378346734543 1.0534800142526055 1.2218793026296233 1.0087182582898127 0.3664649708599652 1.8518348255212342 0.16521032577289466 0.30245960419201817 1.0407435160664915 -1.2279516980975782 -0.6346524743368244 0.6351836006712475 -0.4068742205332513 0.2624944785934341 -0.8651394636964586 0
9.344699822147993 -0.6653300426018388 8.948032891541818 -2.824718156536801 7.06011240849532 3.261345883445895 2.5442849816633015 2.0262252069078186 -5.391101022688849 -0.08299438145763728 -1.3177754547595055 -2.58411541667805 -3.3509127192945005 -1.9752800278854095 4.004075193960906 -2.08121606052843 1.4448313654893894 -2.4768228206980445 -0.6635341134599833 -1.1565398376884408 -0.7319741838033037 -1.6570122503629379 3.5451156407399345 -2.286569209439213 -0.9776071917047258 -3.271859397653376 0.4015672590151726 1.670478640898809 1.2129287363477563 1.8313751927696829 1.208097982769579 2.144126003300437 -2.593061187643264 0.9058536073222105 0.42302278225620527 -3.972803510871124 1.5025690116093682 0.7794526868640083 0.664503742680463 -2.193789578923303 0.49694054421518363 0.5633422838781028 -0.41366644998474944 0.5065524492637913 0.01349483930261129 -1.2290925742356102 0.9943879193935206 -0.9248382750676168 0.3827379981188257 0.005991677639760422 2
1.82404046126536 -4.247281411469354 0.9246970405214431 -8.065894943451012 4.1198848889143065 -2.416644304898219 1.22849072838575 3.0686676010446794 0.45572732728458215 -2.022304000505288 -3.772473159155894 0.21637714749327205 0.1690228087304986 1.5340144364769122 -0.9860571048300357 0.7033598412603013 1.0315871468905302 3.519497138023968 -1.1046231686424617 -1.285329494088823 -0.639671623969135 1.0927615279031626 -0.21418267710764405 0.06186383229598233 -0.20487329414926386 -1.544807952430648 -1.4835050304437714 -0.7671757378120491 0.4065840878485303 -2.5826427301649004 -1.5052882219562715 -0.2752511329172439 5.7773271420217025 1.9892808361879841 2.8240725784983147 -0.20126528927487222 -0.1828178686992312 -2.1419963497034122 -0.1152296996903049 0.5135035407878058 -3.8814279671052234 0.6954876661844689 -0.7904471903018194 -1.1503638644297773 0.10617284320471382 2.5537842823522583 1.076632548293482 0.3810613154883749 -2.3577208712376283 2.302922985893942 6
-4.638887029151397 8.096347489321944 -5.995106626240709 2.110282720760524 -0.9105112699641557 1.0669857629380528 -0.34720241555256026 7.926095275529257 -3.945212439468281 1.6793146645086245 4.6801576396387405 2.480107429222279 -6.019094559392032 1.9927933184138074 -5.23884213410727 3.3016331858121823 3.376584075258945 0.5498046406730436 0.4630315625037093 -5.167218224914061 -2.804234652527418 0.6035634669899369 -0.7442806578591628 -4.199410012455999 2.152793651138793 -2.260311127557702 -0.7616189935084513 0.11897120064940718 1.668961812525392 -0.22680135405679971 0.3669055123490878 4.173374394570445 1.7359578165126581 -1.713375062722692 1.9278928227812566 1.464744309192091 2.080012097414682 1.732282931892966 -0.03112975428623072 -0.8398324968961419 0.8417280285684958 2.7413605124411564 1.7379518694656002 1.1643598577103949 -0.2155031334454122 -0.2307861844645508 2.7888245142245354 -0.5765608255656443 4.532112233255539 -0.845028773997912 7
-3.2956946492776806 -4.63738044466973 0.7503081109039131 6.062510589843075 0.34036460325029033 2.289336709962165 0.7862350686933297 -1.720776998956916 -1.1976011510469053 -1.067627406969008 0.6452688801794376 -1.943544599954725 -1.4982857217587717 0.048847249709266884 1.8521885643714924 2.831054222518717 -1.0429968370612814 1.3006826905355158 -4.301687575225341 -0.983888548876604 0.9854832267333485 1.1107728595361808 0.5660108633131349 -1.8713500543097885 0.04241770052299151 -1.3444805678460365 0.6283415538061453 -3.314424327075136 0.7554915690127738 -1.4271729361296133 1.2519702620043847 -0.6823413466006505 1.3917764430721586 -0.013554764512302527 -0.7887860289077016 -0.5614498919589651 -2.811008515114774 -0.2749870063589023 2.7814607370415043 2.2929976573983035 0.4093633587383651 -0.043700322195672145 -0.22658289907277124 -1.4142006236205213 0.7181229888678516 2.5506134820444597 -1.2996210000852872 -0.04255308151731913 -2.451147385849791 0.6726760425462418 8
-0.3609902196735916 13.473284273611924 4.272830612290542 3.9985954711790788 -2.4993089203497014 0.6614405095385503 -7.108423257470393 5.945542648974256 8.866239353941532 4.53043593857457 -4.174817567878564 5.281457828858483 -1.5255880834605728 5.484092467096263 -9.147460967898049 0.5316355503650533 4.010225466850776 7.051281848198886 3.656501780076402 -4.944736358666235 -1.5136520024730327 3.7654160790985207 4.699072670805026 -3.9703327874612917 -0.5172159041595883 -0.7921982984367768 2.387469722371911 -3.4725407573148233 0.050549573807866566 -0.45706769342813724 3.4635525507781955 5.203059348743065 4.647328829076107 -4.431736452257592 -2.242837398160421 6.1435576047538 -2.3161907903790726 1.8560678972212514 1.5649303332657598 -0.3281953272057492 4.629049553401627 5.093876774867638 3.233725484062532 1.9310272825369086 1.863163493108994 4.242051455214124 -1.388602944993856 -1.32665785868918 5.418791396989336 0.4414625874745936 3
-4.312250531154734 -1.390448111742153 -9.190897687789036 -1.6892418129789297 1.343476649147237 6.174029826905578 6.324637433848129 1.1567628714559226 0.5763657947368855 0.8838341323309016 -4.858023908383948 1.4588948994755044 2.331225300072697 -2.6731151772807165 -2.0858085905503105 -1.7451907107263969 -0.3316534461768752 0.6891176271942726 0.6250411249384678 2.7517127255928617 3.5587679798220333 0.28737732854852527 0.44108035387472433 0.7162741909662881 -1.4386649850446724 1.626402711577817 -0.1521460042925575 -1.5366770560618461 -0.3698582632831575 2.6784337666411306 1.1366239338255841 -0.1651977481417688 -1.6385656088542644 -1.0664950601283696 -0.37524388794989144 -4.607751129244197 -0.4899590735680486 -1.360956622055572 1.3751970662526518 -0.8781541821380721 -0.43856869321569425 1.8714352321002312 1.7166174783262749 -2.9408611005603036 1.3740314617942686 0.4651260156863531 -0.3669795032268794 -1.3299975915410394 -0.2553508152926694 0.5526743949959811 9
13.47972127810234 4.207460068535674 1.7608342929994691 2.9418587355924597 -3.3333105847485403 -4.605328562990277 4.269763198205544 -2.9115886281213847 -3.699137406156278 -0.6447175222205372 -4.524706441468302 0.24434409441479302 -3.266559676971475 -3.525355447955621 -1.5724854218168358 -1.1703296790768813 1.4485800478868107 -0.7017803000492814 0.231075010484379 -0.3153299165685138 -0.7670607719159597 -4.408711439966887 1.7223068614003836 2.436500087635608 -0.9200580111858324 -3.328739654068456 0.8254501841527607 -0.4073722191074737 1.2955255304920028 -0.22506088432647992 -1.1114856408336986 1.7761834350866468 0.658553415776896 1.9822480393472914 1.1502145333389342 -3.342425766373688 -0.9467780854708933 0.6000119609840526 1.458695169989669 0.28902695765762926 0.5853985820447128 0.5028358384102637 -0.8890984041921947 -0.8890382119671746 1.3858079757570185 0.12479611792063866 1.6536452442261398 0.823693253092494 -1.1132582435271652 1.7964639228151473 0
0.5004747708108168 -3.617677533713586 -9.846527951655139 -4.222757293350638 -0.49393641956910167 3.433727528974889 0.6711926710273524 -2.9426299751096647 3.0798259612119767 6.949277731088146 -3.7770228999713344 1.2734640304465235 -1.304477428077668 0.5394725809005038 1.7926061307426542 0.649378645948337 1.336430623641088 -0.9269556747830486 1.3736517450551304 0.9384267840198055 1.924046770991072 -0.7554019144623894 1.5132414157078868 -0.48889235962055644 -3.283403149079166 0.27288915091729443 -1.8802118150803317 -1.7362167522014786 -1.6769977027583405 1.8006887167251293 -0.2494575440066844 -1.2033192377783613 -0.897832132660205 0.6803368587594627 0.7144025535726407 -0.167842979787613 -1.141050015992831 -1.6362725465311532 -1.6425747083578996 0.39384494494008815 0.8420672337092657 0.8619180178915454 0.5084325810901911 -1.546024976113304 -0.7661456056497107 -1.9106806460651624 -1.9122974564224662 -0.8042789755646065 1.891010086976848 0.5173525962939245 4
3.3992412380770527 -3.671744134201212 0.7282844634626124 -11.01154343928772 9.528979863510388 -3.7401154702053923 -1.607549066120135 1.6130577588839192 1.8368946563960065 -3.453069247503654 -4.679092094252637 1.304775625165978 -0.7290406682582056 1.7972681866549582 -4.824900182824883 1.7956477839018365 1.2524237608851578 -1.5073590237833911 -0.8853030822171322 -0.22094971517625442 -2.5502941174053095 0.2577970036436552 -3.166046907651498 2.5170319469654454 1.94298042468515 1.9175247881861064 -3.0689201096125216 3.439240344228704 0.12373511640221727 -0.892418712780842 -2.726410845509245 1.051039155403186 -0.1552522455761727 -1.730583885508901 3.718520628126784 1.7661407425002738 -3.970376384420092 -0.28645521964404774 -1.9447318946691312 1.671938084938087 -1.2022804958657003 -1.0621124754249534 -1.0529865288433404 -3.37494249269971 1.7958007805440563 1.7841201715658492 -2.0724186198551005 1.065003085880283 -0.3716023881788947 0.12350612779640546 6
-2.0528006997278867 0.03700510901996424 -10.0295298053397 -0.5474887884261935 -5.635921206383547 4.4796261578686964 2.74153667174428 6.977009163220515 0.7232428119642448 2.6709888769402537 -10.419148622713672 -6.298702441883284 4.929290772304478 -1.2742651132930827 -1.5204409402066292 -7.468854501256042 -2.5617202290388197 -4.8164386661506615 -2.359222625755164 3.7421204018881777 4.49054207442965 -3.468663946459992 -15.802655464734396 -0.5600466238727483 -6.81619509473416 -2.864726617831729 7.360025354025602 -11.252034037391184 1.3996387900490672 -4.223714486941231 -2.016299456877186 8.420215958767718 -12.129063124974277 -0.7322798063192109 0.22258340625691705 4.226334096863891 8.331003255354858 -7.487833400747204 8.186870913865715 6.910271317646901 -5.860650586008346 5.558752886189875 -11.944498922116315 19.43206018768733 16.967334214640076 4.715489412708273 -10.539276080287504 -3.865435722935136 -6.264736571227691 -5.674828728355319 7
-3.4330488140544073 3.5881798586149505 -2.1491009504713703 -2.2227689670230713 2.6338557116068175 -0.5390079607968248 -3.862240853731567 -5.518104699529651 -2.4650134697919075 3.2777759323555244 -0.28778865687912847 -1.2671286690110024 -0.6043715668019937 -3.068973536089966 -2.222937369381337 -1.0313402541711212 -0.31024240272699355 0.26855188770721805 -0.8349024626798669 -1.0254541540656918 1.904573424083287 0.9932164924074789 -0.1265462756773993 -0.2007101401634807 0.04768041852179333 0.9426973839164913 -1.0137071736110088 1.1980861770901883 0.18898771731539774 1.1885634597685937 0.8160039227645279 -0.11278421723620069 -0.4277615212550383 -0.3673800062807609 -1.0277865422725831 -0.5675341032954141 0.1729830485914535 -0.25884276204306855 1.189878776165516 -1.2142043210717886 -0.7671543723966366 -0.07038005231966979 0.45456148079068714 0.27072612584194133 0.9606624174971418 -0.7228793047578512 -0.4640383139427808 0.6497761198713866 0.3877907509428587 -0.8860401606206927 4
-0.3232975993923158 -4.800802585229857 2.556059731773667 -5.231971895050787 6.4722011859512 -2.0540022931502846 0.35055007608390965 3.8147679098823315 2.1260339407900695 -2.910744765136391 -3.2230715335033255 0.6397324432303909 0.4859447413464165 0.8336944952287667 0.3127132973081103 1.3798322858588679 0.3030184844201621 1.1950607605203625 -1.2473111141979407 -1.1275385152103383 0.007675711908996126 1.2034132547455123 -0.38919471260307736 1.7182413948022717 -0.40974929253058834 -0.9487535667395471 -1.780781068100847 -1.9450220857529128 -0.15681437894557518 -1.3555240222176814 -0.9071803603360236 0.09141936979114461 3.1011839929782514 0.59953133891367 4.311487442550602 0.22121927712791267 -0.1432052595328986 -2.267419490921183 -0.8069740140711921 -0.46165550520334636 -0.8162766880175854 -0.3746961963432436 0.1991545069915291 0.38042739219689603 0.12684349717934046 0.5753993247679398 -0.3032401876068536 -0.948836755486954 -0.2234771111436908 -0.22708724941079608 6
-4.027280212210852 -4.275108581683517 -0.7055255462015918 3.42983960504996 0.8516763585010537 3.0707412477470415 4.774739849650195 -1.9498813738572873 -1.021538281149257 -3.175864304831335 -2.7415392432807053 0.5122905247479065 -1.2848439907826124 1.2495454503406238 1.2445930251530848 3.4507048043957482 1.159501854204342 0.9336733185295402 -1.1666397608116712 1.5211065027755069 0.5174802214503161 1.8862049728960608 0.3613624287836607 0.10536430451681418 0.3022204949965697 1.7129090316575653 1.4464886958517498 -1.2405295512420167 0.5008510609047364 -0.5618329817661537 -0.12080071479111411 0.39069687602571274 2.216227213033841 -0.8542016089091669 -1.212748546945346 1.5810081015484423 -1.3931696089708439 0.06308231571300271 -1.3550682760524544 1.910364199735752 1.3353656146418666 -0.681403868261797 -0.9042310715615598 0.6301632178476256 -1.8466848770536541 0.9794693674644342 0.8321093401597464 1.404102917170297 -0.007003073721038875 -0.7468635341075872 8
6.603725742356209 -5.47145784333013 -1.4621253691699458 3.481143010820409 8.350055126029606 -2.6548946942255465 1.426001166053216 4.040722884158413 0.014745731479645042 -2.7518132546817884 -3.149030175659726 0.010665740695088353 -2.732157606623113 -5.616004469012569 -1.1915943078606328 -1.683427155874412 -1.7178492861295411 0.9927344374508618 -4.332539542019991 -0.9487188819635071 0.3926474791639097 -0.1747533491444388 1.7801829584272881 0.35900740292821137 0.7095276365307842 -2.5173082621175777 -0.7315230214262158 -1.545760046774246 -1.3603001051785437 0.5168422886558062 -0.3730470922755812 1.0546513053863298 1.8330436160432662 -0.049665809360363786 1.2682265735079619 -0.23879665722128582 1.0762998933185834 -1.1466644870200209 0.22189214439234192 -0.49026659928312355 0.7134796044533057 -0.30970913649972626 0.6180153283423313 1.4019375942542487 -0.7082980117164013 0.316852634449429 -0.06505013877991388 -0.5687699767429016 0.6720100279002786 -1.7234764061308303 0
-7.616057268254205 1.9130460719484428 -5.8473966797504815 -0.38840214099279985 -2.7311943222917123 0.3518834397898018 4.438969652182366 3.367648006502455 -3.0505569048742482 -1.1446454062585378 2.5607332679254964 3.5717497617036806 -0.020625537032326238 -2.4324137470016143 -0.7458713299617145 0.6115333007884092 -1.5445496434060733 2.98349420288377 1.677105283971033 0.15929054011844898 -1.8078802569381733 0.583976241273323 0.11751638080208507 0.7809426097358165 2.981757107185922 -2.7584712478654834 0.5602545096999632 2.781545123759522 1.832355740262954 -0.50219744692577 0.5950065003881362 -1.3431487175100507 -1.5791708650292995 0.9468323292516515 2.2645077277321426 2.1170341572175944 0.06634449628310947 0.7727437846743651 0.19898991184254466 -0.16363056499747056 -0.4686607979504583 -0.49749489818863607 -1.206644095145081 1.6368323275602952 -0.38984652899749733 0.7829787489496935 0.3333705204308379 -0.15108165947004598 0.317521130803186 1.2955869258922805 7
-3.0832734570681004 -5.7500547726228906 -1.342795291648674 4.827865674552406 1.1686902694700698 4.743692845091591 3.407749055427695 -2.58317311830225 0.13239078504485471 -2.0273892746770854 -0.08869033510391566 -0.4647977480237645 -2.5001973780792155 1.609613524379045 1.886542459801426 4.027429028482478 0.7753695981205356 1.1043299929681543 -2.465963994182957 1.5027636831580378 0.22379013095084957 1.3073015143669795 1.3349747553408777 -1.4907420512514944 0.7778518056943309 -0.21272207075177077 1.9583522415461896 -2.339977840273929 0.5900063517598029 -1.0550809633840297 1.6161745689544382 -0.10231097763029118 2.204017753399605 -0.7518376365674575 0.1286792938733449 -0.023837607671578942 -1.876049864824726 0.3839385552704092 0.20983985620164305 1.7220353920708946 -0.18271187100162498 -1.2848661364397966 -0.4074422515879975 -0.1871958864494454 -0.4736176568852177 0.8039961524579569 -0.05139863660174394 -0.8048052193915873 -1.1699126748194437 0.7412919117968175 8
-3.461377380178007 3.371427411170588 3.905271612974398 6.904341001887711 1.1386408783712039 -5.734143105549222 -0.006573991563507997 0.09260386545515617 -1.1930177598585334 0.3852242787682376 -0.000994950448719717 -0.6220188239032829 1.6427925179047982 0.9691449114161127 1.0202264693490963 -1.6084450751235486 -0.8806700182707563 -4.165153852037767 -0.3777087818966319 -1.2813727701586646 1.2086899902717236 -1.1669024044439742 0.6893800550162166 -2.945905864891423 1.0076986754906254 2.4273761308618815 0.42946906815052527 0.1677167965325073 -1.1562287971304905 -0.24396348099653453 -0.21126095569864037 -0.5913641733675437 -0.9794348672239576 2.0142180437797226 -2.0521117977819827 0.24935390931229653 -0.9177870789204764 1.8778564854689033 -0.4896738564862701 1.3296263192041395 0.7410651085099466 1.183635334069541 0.10105128293641742 -1.1214177302045862 1.1302853785686189 -0.8875304124039204 -1.7241699878802208 0.11406551705587652 0.27357632438537666 -0.4322720243552865 3
-7.731287702519656 -1.6293556034857026 2.844026804421987 -0.7762458896405389 -6.393402205198796 0.8635539811454163 -0.6386621221298084 -2.2524701012832313 -1.3803863091619055 -1.6234890961701527 -2.112067967521817 -1.5509275578565076 1.7629123532682258 -2.798641473208992 -1.71491834234557 -0.6037483612696068 0.16207274096470622 1.067273775772306 0.21237668292435105 0.22647257833655857 -1.5994125703945152 -0.11951937966217342 -0.25793115618701745 -1.8537899972989453 -0.7323483925325285 0.7798672531875498 -1.1361268304911052 1.5597032243989941 -0.32490005239242453 0.7295217569187766 -1.7419226886413008 -0.025425766869503114 0.1972509893510572 -0.42197117134634354 -0.4414269722264761 0.024065218869593247 1.2943911958318692 -0.5724826803082692 -1.1814475112231941 0.519025533397374 0.38166748502019726 -0.24150560073255647 -0.3439816961144506 -0.1827362033045094 -0.27707460603928974 0.028884861854125077 -0.32836705231818863 0.587613621844351 0.3108627307846955 0.694653961005824 1
-4.398729344173221 0.4855414180202563 -1.7615362389284908 -0.601794538997303 0.7833386439171025 -3.1810826787015 -3.2648518570208016 -2.0626752912809025 2.7723450032305808 -0.8031361999902554 1.0729060423588759 -0.6192657941424838 -2.1991390369824364 1.6755527310262572 -3.171401405138979 -3.4069501760846697 1.0906324780908336 0.6516602681091879 -1.4033235783200984 4.709958028152999 2.331689777096471 0.3118004514375601 0.8591805091738869 0.055264886053626935 0.7435784753059742 0.15711408223603174 1.0870363482194099 0.10711869290865196 1.7255560975306166 3.094340092917743 1.8684896644933195 -2.162635101373441 3.883044778218254 -1.911273406331082 -2.6570431684866263 -0.5558592104420521 0.5505804963860236 0.5690222120851702 1.451665530358044 -1.427055203848432 -0.08005234666988553 -1.7316551129171165 0.35379928227404306 0.9403387087106387 -0.049937952367474295 -0.3618935328732423 1.4021630569784034 0.8033481311358055 -0.54120378393853 -0.3663362659109041 5
-0.17204624156700582 2.8913527576549694 -10.02113414025128 -0.6803610541412043 -3.897249452740745 -0.9029115800506522 -3.132473117849671 5.59340869699223 -0.11688144066457293 0.9671886707033752 -2.3132108067534074 2.21246018870453 3.3215453469549874 -3.7962382828994614 10.949196608601008 3.2704777437005146 -0.15709771595666897 -1.1786365596910333 -4.3213298918626295 0.3323496753805466 4.189385706601909 -2.5932088451850523 -3.1390958233778954 -0.21169085973952423 0.749533710954936 -4.08938127815433 2.2954643833493305 3.6642075557424123 -2.6693822729284777 -3.185283137621485 1.5188808885625729 -0.9914165762870547 1.8842137419537859 -4.087971952301865 -2.059390463063836 2.2038477200648607 -1.276092248062002 -0.046337301105232515 -0.3964090103505924 -2.1404856307607165 2.544735318228142 1.2052832246476288 -0.822610375546768 -0.19352135525486125 3.793618878834156 3.1626758467111475 -0.7315656667982211 1.074882144980275 4.024391112514366 2.4014291408825 7
-7.479055095420903 -0.9698724764188857 2.6695064517323477 -2.08068287718561 -5.047777144760786 -4.786036444092435 -0.18347341051465732 0.8679432909227127 0.34596690856938755 0.5733164980730787 -1.1399232047833503 2.54127121495461 -0.4590519753994601 3.2248694998755725 1.3245938096126204 0.4339810432946903 0.8654892291189239 -0.7539946326743404 -0.7090782022586759 0.44428127057608774 -0.051729478107509046 -1.393048903253147 1.7666144181789758 1.6342142935699981 -1.4063810966113943 -0.6706389366293628 0.3261282061380437 -1.875495162048251 -0.4142447970679899 -1.057487113332484 0.8044821337256853 0.12012772730809208 0.17107119946679586 0.9729463680264635 0.7588249634599217 -0.6506430374369389 -0.3700445086958106 0.1283065166676279 0.8661370166813398 0.11150380752868645 0.46939105653589325 0.24300708770257876 0.2436746918738073 0.836459017850882 -1.3925249949783243 0.6626711074381034 1.1788353545595465 -0.7002653307642241 0.34719562647688257 -1.538823293583221 1
-4.788168503041551 1.466986924888453 -8.383750305995342 -0.389459420986046 -3.2837501761501366 2.1431139064428844 4.193050977695096 4.285681125832596 -3.0494152801142365 0.8747847533344858 -3.0145400080486695 2.4739523599665354 -0.21327095115593211 -3.603778645397274 -0.5822024964680143 -0.7015480234269031 -2.6567432174388865 -0.5325519737487241 2.028806262957259 1.3597657756888961 2.321055966891123 1.2986332852586422 0.829799287505605 2.156986693697522 1.8675926834610777 -0.40993020849343864 -0.9206112215998911 -0.00916036312692699 -0.5342233913626283 1.3240178613138818 1.95805575231319 -2.181574231986797 -0.1756799943823925 0.22056693448435036 -0.7667777920385345 -0.908942093016376 -1.8314852048841843 1.6414867404931333 1.1080316327516986 -1.6276673667407437 0.6379820218667189 0.2724158323634404 1.0577243161280927 -0.9827456999039941 0.0830382001781845 0.038598506333147854 -0.09563974116320137 0.5052971543988058 -1.2869761433235218 0.0717726361438546 7
-6.669194214326538 0.3868273389615951 1.528946914656462 -2.0424126185403257 -2.7594311925615886 -5.130511034857574 -0.5074667739501296 0.3799514705209359 -0.9149937738040057 2.1491541032835264 0.7800561478673437 1.3744656817244472 -1.9369120692484858 3.421595347503183 1.652227868538824 -0.07172002227351684 0.8344547176996107 -0.14707594398720075 -1.0194447354033729 0.603425772633534 0.6620325796320526 -0.4105727865451433 0.0494280610596304 0.4460842299219272 -1.3715099487550315 -0.8472537463112636 2.2668146076932287 -2.239171712548832 0.3008361121377245 -0.6085134813628228 0.7334124107632574 0.28232629432367556 0.9041654667494766 -0.20162424006736893 -1.273151996323763 -1.4793097567778182 -1.407163352368712 -0.718281002098274 1.258689487554322 0.7422192353031214 0.5574913309794146 -0.07541168965253651 -0.5419589701321282 -0.28095695657595854 -0.5278805991608474 0.625013990552417 1.0600473516225417 -0.6659090875354098 -0.00545001243116606 -0.8417211176297926 1
-7.073738018439517 -4.531038727460391 5.719058399118013 -0.7819934889157389 -5.226573019306243 0.6013419733034593 -1.9158755296148497 -1.4063774343685893 2.3230102227157112 -5.359639965595298 -1.2583993366495536 -1.4847034149368066 2.2103083781882193 -3.0454936420427527 -0.8807173430947953 0.7424640416814902 1.020564702636419 -1.161355829580845 0.9529121468199794 -0.004584161191716581 -2.1840697143161107 -1.4830865927241663 -0.48528757070678724 1.2950384159555517 -0.23590079293619948 1.5339522270679753 -2.0131270233902154 0.0992901377856993 -0.9063975438686401 1.3266061775962588 -0.2202224687479494 -0.05158111234035108 -1.4185045330487467 -2.0228493274142116 -0.5905034032973765 0.9282702703133163 1.261521071037642 1.2242579842317942 -0.2081402077077578 -0.9921094995891587 0.2420508006398903 -0.13212635082732468 0.8219644898604492 0.17368350120142143 0.44985008605036547 -1.382710966647634 -0.20951714323558665 0.2608138968755414 0.8487810605404209 -0.331394021636646 1
1.4143097519130863 -0.7420643119598883 3.160194928263948 -3.5293794034917694 9.067157777341194 -5.3083324729554 -0.5960040708612843 -1.1878514201501045 -0.32862556264886766 -0.6481398251301734 -2.418934746886799 -0.3156740816012266 -0.5766417147088079 2.0503946660716132 1.1098240631874547 0.7092751684553434 -1.064945943488701 1.0291914245418539 -1.0492471284640759 -0.23188315450768937 0.15711958022156328 2.6619465936697764 -1.663356550388514 -0.4615581041747957 1.25096948248192 1.2392984556444746 -3.884194580623801 0.569273437771834 -0.727778553428744 0.5672125470023096 1.2138373408276568 1.4361431243051204 -2.664817239622948 0.5041858658292796 0.8164600918575455 0.12878838519531513 1.133291845531519 -0.06511474993490579 0.5136310409169444 -1.8105660159028938 -2.7162580380582493 1.8425916145875822 0.9341549160855456 0.12136213099912392 -0.6799594138327363 1.0608637466428967 -0.34802152845788875 -0.9054096740821597 -0.31264575004030826 -0.16115234237115264 6
0.9742620215324453 -5.81272328647292 4.79170331492256 8.260593565571881 4.000543678684966 3.854090292670155 -4.6580914811649725 0.6105637512401435 -8.36081520353208 0.8557423352533413 1.9905791146387604 -2.0847601364405977 3.544026837446652 2.555998760068381 0.493745984905759 1.873523728142438 -4.342423010298103 -0.11064128511312148 -3.008712127616278 -2.8471077435358176 -1.2216375669015864 3.764348939701801 -0.8450294260142134 2.999506468469503 -2.565227240960638 -0.7818334565623426 -3.4623753560398716 1.1062014881504105 -0.94185561842448 -0.728893556136599 0.160902952293132 -0.1885344745340917 -0.7397311523977457 -1.4244893999885082 -0.33098629993888695 -0.8525231851386964 0.006078780427444268 0.09021739370855679 -0.7561996977856386 -2.080904517593414 -0.3579442748704384 -0.7238770309132281 1.9827152597598887 -0.4134756170463792 1.1846279733482301 1.6502195174817282 0.36275627132476335 1.1498975457713656 2.3750816985008365 -1.7270320285782814 3
14.187480802631342 8.833701086021561 4.235537573603411 -1.9187973585025855 -14.81015316755121 0.2807804613592426 4.12139091697049 -0.54200062543383 2.4817986305158497 -1.6704209704990314 3.238883616402322 1.4396647902605322 -5.190997166336214 2.386955563639851 -1.1346201769824626 4.321090772572368 -3.2017181248311983 -4.321025008531183 -3.3530452871516805 -2.337465620416867 7.9323551513045665 3.0873884909167884 -2.5173570987434335 0.8695202105537005 -1.4269657797065292 -2.081213370064828 -0.38967911038868147 0.38279761461508444 0.5956227079225006 4.754154167271646 1.7672717393164785 0.20592794300905287 2.7347490143942266 -0.8026993812286081 -1.2909199639605748 -0.25865809867945166 2.5404370105837457 -1.4002462954035002 -0.8293533546280067 2.229011223598646 -3.3276574099859593 -2.6624619680804114 1.538097445469141 0.9042471505529648 -0.757406570958011 -2.9856763435426275 -1.1637473472396578 -0.7487367916693723 1.8132950196655364 0.13927889101437776 0
0.4285391841254283 2.471413845543476 1.9889568857338573 -8.103278279469734 -2.3108484202097923 -3.4141364620425003 2.912159214573478 -0.8001509589739112 3.949997250348678 0.9350541353615625 3.9543976659104003 -3.255606926934437 1.9795102942500855 5.505349989774719 -7.523126688794506 4.010553839422284 -6.8590677580687895 -5.097126763419032 -2.813286893313099 -3.974372783499373 8.131297459690952 -4.213361187326288 8.966976141139886 -3.4016151395486385 3.534985661800919 -1.7064034895320896 6.486469491883434 -5.503248622348868 -8.285336112100653 3.5042962711662593 -8.275379824116287 -1.1567855084260448 -3.9754041876717783 -5.418393590221558 -2.6094926613622444 4.147795743720993 -3.6170096761933563 -0.5956587484219062 1.3195094066094928 -11.018183611530315 -3.3040494458604686 -4.55148753242046 -8.9308157540489 -1.3047541006895595 -4.953907370448207 9.670706738278932 2.1117386588320888 -4.234094861769225 1.2648390482402605 2.7319705865574293 2
-1.07832551748676 7.15092476188033 -3.0028706919139676 -0.48278220855441256 4.3861485638553095 0.5238699056099426 -5.000205526492746 -6.650422091196548 1.5383186785356535 -1.1473678552435567 -1.3097949862619915 -0.09290022716781549 4.504037285034509 -2.39158489577998 -2.1767386339353973 -5.477266505059339 -3.2108461343277743 2.638235384936143 -1.1633139705634588 1.7059660285919587 -0.7153651809788757 3.719465393168511 5.70317194836663 1.231167336688002 1.8635962732086808 -2.221439522039139 -1.2398839151394065 -0.7882322997723891 0.21389297449929415 -2.0414187772085364 3.2874686942950353 1.4713303561348559 -0.8914361603260555 -0.6886568202561955 1.4582352328855992 1.910690712993967 1.0549450685353041 0.7612662430044451 1.219460600758874 1.0929595959379472 -2.8645791151135547 -0.03515751233363142 0.14105609315832954 1.155531253858028 0.3881866401481304 1.5742388652394503 -1.6540895275014345 -0.34231145099260246 0.9043121397202211 -0.6932191853979282 9
6.7401540959918025 2.01803418242517 -3.287362691746116 16.778283404439044 3.3805931007117174 11.498594734038985 -2.2426779391623723 -1.281507800663003 -2.8384030298075817 6.632792430421656 -2.4213548746035247 -3.4360091044338055 6.958020185288267 15.41101895184393 -8.931654771442016 4.12370929966788 -0.7089764340702469 -1.227692430951321 -5.063796455749693 -2.615906796717412 -2.8834316769486064 -4.819560251834858 -1.4105031591515957 7.113506931329207 -0.6581815417671567 -3.362621682033794 -1.9800970283533699 7.279023472609757 0.03391308884778502 4.055785949483178 4.310284581174908 -0.03947275186011673 0.7936332633625031 3.608056948010963 -1.5893166858571588 -2.6758111304382246 0.18218365209276513 0.5255846377987451 0.09770375902482054 -3.3880480890504727 -0.8768819712345973 3.4942986249703853 1.4134880690595932 -4.534180802313306 -0.4333738329927187 -1.0151247185317087 1.9664616532409842 1.4115604761627467 2.4112972066893676 1.1650576826303911 3
-8.337084938565988 -0.9006996635427563 2.494459639350057 -2.066757246275435 -5.78101615633297 -3.82277534140675 -0.41856193362070465 0.974455971293178 0.1280881298177153 -0.23221833230554417 0.2203435384425958 2.5753979428843428 0.8700071274945332 1.8342169823684753 0.9139955388722248 -0.03581356180573944 0.7364292353724168 -0.9716021689380613 -0.3085470879859846 0.21549567731733632 -1.294823829629868 -1.7256850550916951 1.9590182328112788 1.6086637829699786 -2.1412709781442474 -0.49194193142777776 -0.09087456836728211 -0.48527025709976285 0.027053163526691862 -1.3707224985739528 -0.4399491248842789 0.7910236818389403 -0.14507811173265825 0.5191971625404713 0.9913318012539296 -0.28118118214087573 -0.23304866493664747 -0.030634733120464237 0.7659726492117878 0.05289785656603615 0.862384853321598 0.6921772900635573 -0.515588689892602 0.43877331510121464 -0.4411176640567918 0.41245215084396686 0.012443064890528165 -0.22543005368349786 -0.5651001913861429 -0.36268022039984726 1
-6.0949681712086585 -4.998881883389699 6.492794114889065 0.03157466151017567 -4.704680488550456 2.378602771307644 -2.66825904967193 -2.7822379229969663 1.0881382351084445 -5.546848177895788 -0.02097059088905332 -3.397686748772783 1.1634575338435718 -2.986208861073925 -1.3687520713927435 0.24808437084553622 0.8734878422085579 0.46248273550830754 -0.5440719789319626 -0.6884579879435458 -2.357024080528001 -0.902632978034313 -0.964635075414309 -0.25609600661773374 0.43498523431308256 0.10276129401733795 -0.9217296542056587 -0.2600658757175162 0.2800659755017115 -0.37507064325294803 -1.2238022180107948 -0.5152638209801862 -0.6809129455495826 -1.6974430000052998 0.6277172527659831 1.0971114761450687 0.6187811513198229 1.4940242400959751 -0.47038392659433315 0.37005159797043213 0.772703371140645 -0.171623889451708 -0.15724216664979448 0.23271889068619403 0.7660412550680037 -0.0977047992835201 -1.1401625461318583 1.0018676326098779 0.354777011794791 1.1932638628111398 1
20.18232337514101 -0.759616470364629 -7.823143726315349 0.21715069096555892 -11.676903199495188 -9.08587243083347 5.410990006760875 -0.9406410091819525 2.5710349619320296 -4.873132326809758 3.5882080013124806 -1.4419041672883874 1.8464247462635275 -0.21781793097895105 -0.48510922688691915 -1.8827226607641092 -0.5208785724696284 1.556975939542071 -1.1344553567649533 -0.5167121069037364 0.7691414795264456 7.355533789940638 -1.8479910266504709 0.7432634172935617 0.045450061594154184 0.6789608927693419 1.6231471233030872 1.4551189475073811 0.06913765767499766 3.628685971873173 2.2181944050031026 -1.5455465854500197 -1.4025306667241972 2.511106770202099 2.1444769301222206 -1.1291816808051338 1.2013149581500662 -0.5506453706119068 0.30141646276121503 1.4698191699714251 -0.3880679024292963 2.031868275345356 0.6476062686498845 1.5720532206704585 -0.822019430085338 -1.9322976896628488 0.4575404203316797 -0.3564858645103795 1.3530562950532004 -1.3378228664806016 0
-3.211938905528122 -1.802564468079155 -6.706773292620731 -2.520347875417214 2.424247766207837 1.7661116270393904 -0.0855672591041475 -2.4310209850178293 1.2463244980020798 6.1368251276467785 -0.8602483184109683 2.516524360791796 0.2923408346895013 -1.75133506065857 1.2747461582983275 3.83984513598026 -1.388365923265772 0.6436370131180406 1.098047456545106 -0.3940159994559251 2.6355772980521244 1.1172999242157498 0.29060438723501236 1.3295050611737111 -3.0574309512437345 0.6820327506949598 -0.5632473066152066 -1.6666101262730546 -0.23083267654519016 0.5439091266539784 1.0703601620873866 0.0642098406649854 0.45775554190110695 0.41549812029368044 0.2916229124749225 0.633327733158167 0.10219456561268687 -1.0251276394443287 -0.017062485660728603 -0.4808472094272263 -0.45812147427623484 0.4236698702595827 0.5920759218795524 -0.006663691055990151 -0.7440819511365064 -1.3150395823954026 1.5956126345964463 -0.26136792021398153 -0.09866035351274637 -0.18195737295309242 4
-3.864662775876595 3.510861352984191 -7.120745055122601 -1.3597243669284682 6.213338455888068 -0.91032079621625 -0.07336481976074621 -1.0088099272639752 0.4175884278370421 1.0110401660182957 5.329740659941644 0.014594500942568917 0.8800917950565281 -2.1909280652286127 -0.924514922397736 -0.7746756424653232 0.051526376967168885 2.483266739251593 -2.4030951582904607 -0.24890375909294082 -0.21128262793714944 -0.9796218808161707 -2.57389384413673 -0.011543735643462264 -1.0577812533512165 -1.0207390083065804 -0.065185192174585 -1.1751523257143985 0.7992670539575888 1.112151819559202 -0.6584481161289729 0.9126787092361683 -2.0716543639415117 -0.9101177648737322 2.3630502604855543 -1.1231427369181126 1.8616997910737536 0.6298795750555862 -0.9386075865633005 0.10744650663420983 -0.1585223789620558 0.3462810045064182 1.8703160975795077 -0.45395571200049 -0.14205697651143148 -0.052201759453935445 0.8922774449653235 -0.0623532066177439 1.7982792755066666 0.03668142381651131 9
8.801252506147664 0.946556412052639 6.248647604616292 0.7973656455256243 -1.6883022097022757 5.048588687922762 2.866016106150763 0.8519251236057015 1.0972475441381588 -5.298683063381773 6.653535313725267 -0.8413484998947945 0.30000839863514156 0.457961917549556 -3.178559554517565 1.189759084851865 -4.266203283805015 0.22123474472499188 1.6073057872590568 -2.6411136229490557 3.7262874616942736 -2.562358741845145 2.0911833874175016 -3.103300484812131 2.2941778141908173 -1.8616948641418998 -3.308146690826534 -0.7520054971104606 1.0157683320281934 -3.3412082258994245 -1.2203947689087942 2.9143841803283976 2.3548288393218684 1.7832008015739942 -2.5447645340025113 -1.8884848390782971 -1.1151768160486744 -0.003298008911099332 1.676422973341683 -0.8918327256403585 -3.119781804165168 1.2229498850879663 1.8865331962160357 0.93742465084579 -0.8829709191902447 -1.6351487199749761 3.410891335878969 -2.4447921932743246 -2.2229038989919476 -3.682997671176656 2
6.084676339265401 -2.6982534122898403 -0.354649387624866 0.555722905136633 1.041780401310888 -7.78843714462487 0.3411040039728942 0.030923628736644438 -0.7031978529792847 -0.22201399005217348 -6.008904298016576 1.1543801695506686 -3.499433098282501 -2.464955628381733 -2.084978722495013 1.2721835403713229 1.454183536196501 1.9820367381541344 -1.9630776291418348 0.8093863896783832 -1.3043008151770028 -2.5387260963577662 0.5690846064529086 2.940409459290297 1.1698341348402157 -0.4371754747427377 -0.26802416347626473 -1.883974467694971 -0.3116998920227857 0.23319815609793368 0.5149742248711581 0.963765588571172 0.4893868488382834 -0.8727558324245187 0.8703897926868657 -0.6578522812032126 -1.0833629353838008 -2.3774176784447683 1.4986530571127108 -1.179774638659487 -1.246364590479379 1.7305421838888813 -1.424400616834488 -0.2964606675816727 -0.43593313511834836 0.33671040120557544 0.46790515138569716 -0.40803254638211706 -0.7794867085075758 0.2738884565567922 0
15.041146771266039 -12.509901457231543 -6.127920053452308 4.09277732573749 -3.1700897252180704 -3.0649381989440725 -2.624400043329678 3.4120668438797277 1.7157827954119775 -0.6718097611631635 1.8875197442517473 0.9920422043830922 1.7763215515562782 -4.647510515843143 -1.6235042560765394 -2.2225826574344176 0.34373905466328136 2.1251328051817735 0.30941442028926 0.44783758743931507 -4.040045050879159 -1.2926644726548577 1.187001104448914 -1.5338028522612819 -2.019126193754196 1.001744195516514 -0.9268912761821123 -0.12597523235655672 0.9208148511196164 -0.35976077176957644 -0.29260716529448955 -1.297673627526312 0.12158527424467233 -2.4186591251964757 -0.6714564907866777 1.8542078681215048 -0.38067414887077955 -2.309002271951319 1.2226086585156464 -0.08800340729502959 -2.0288334754239297 -0.029070245492748534 -0.32181125876565936 -0.22263730112916638 -1.0389403402067392 0.06993993404083476 0.8699429551195063 -0.14362905064508735 -0.8198214301193412 0.6307590702392158 0
5.823523127341929 11.596254504611075 0.6887967371520332 4.230518880052045 -0.19285022504770244 4.924579881993306 3.60071305221793 13.574951365668078 1.0381225069121716 -3.211365782702857 -0.7483371362739317 -0.9686158401199679 -3.5899961774306623 4.675520345501676 -5.21243441160504 4.997617288862197 2.459025258178163 -1.5956092760930958 4.011481856367936 -2.3026110231218824 -2.1466227986534103 -0.18616357728027969 2.5835359961960433 -6.555692353445219 0.5278410010989397 0.28296183629902943 -3.8839122262455383 2.0111346841461035 -2.1062225942384223 1.557298621440534 -0.4031865915223806 2.3146825525483155 0.3861095793977302 -2.199413681094691 -2.101376672784439 -1.3768331146714565 1.545034454046684 -4.2528253735056225 -0.4833754879843755 -1.1592535923946388 0.9785062034434876 0.6298053992213154 1.3447616628016386 2.262137629450873 -1.6917175488037737 -3.0808027303950323 -0.2050883191461733 1.5717764569675938 1.093037480074104 -5.022790629664213 2
24.35875448041347 -0.44287785032057586 0.2718139929689523 2.0454114169148525 -12.421497838695315 -6.183564399050506 6.1828103609024945 -7.136047098131923 2.4242303697634258 -3.9350052456038718 2.871006898398649 -2.507603031411229 -5.996295610718704 3.5002830835848973 3.0267323288118173 -0.029344850743721416 -1.9934940570165356 -2.4716113856088167 3.0301814053945035 -2.5482904280277667 1.4189308844405681 9.856626526567489 -2.227588551385604 1.3675385980330752 1.4295028520186628 -1.441052540470219 -1.8621839201560013 4.414933881113977 -0.5627344685500894 1.6685088665176562 -1.330109646062799 0.33350072147640303 -1.8238221112277697 2.834902898608759 3.143841747738503 -0.5866021385576506 -0.011376449575571705 -0.0410434788950234 -0.5477883126726408 1.8314022370722987 5.080225952034412 1.5797692065100708 0.5787075268268166 1.9280326756341188 0.09201097404802906 -2.9245945841561842 -2.7165689713558847 -1.8152038022419386 0.059367861467050746 0.6398902397239258 0
-1.0550879054007087 -1.8138683491374548 8.190515602698277 -8.392477149817394 0.2948001302557034 2.6576631169742564 0.8662103398741053 -0.9772404621430487 -5.601135271055305 -1.4399389435110255 0.31742012199855024 -5.871948626535275 -0.09921132122047407 -0.3208429827558147 3.6800994266500227 0.060060497902977045 -0.6561087656027178 5.348157173787328 4.029432569607677 1.1275744790899265 -3.3540432228543873 1.170821111297795 -0.18167015947284118 -3.1932542283344487 2.1495533062395364 -2.1513814121100143 0.7526816272885477 1.6880394464656228 6.17610638760456 2.154513402151716 2.845335541099019 -0.8274162038489657 1.1456308492207232 -1.4538917177522175 -0.9369449691271893 -2.4152440178266836 0.775167975963462 5.799462329283415 2.9889074436567795 1.1206415400796075 3.0414213613213446 1.7928255342441293 -1.0862502380573014 2.038924633777031 -2.148031840786663 -1.86466976300001 1.503877374017983 -0.2559044476805006 -0.37695652761137094 -0.19681038831837627 2
-2.5460665730057244 0.1356348015615773 -10.677400036751118 -0.9732972082047731 -6.730733333213434 7.291920052253762 4.125996611998705 6.68548129612857 -1.5309212992476557 2.2129679505426596 -12.356746045060365 -6.990157025247786 1.5453848392371683 -0.00027836826742306137 -3.7492274791953157 -8.057187592641478 -2.171105580310833 -5.940958072762123 0.2664570680526004 4.644806789732578 4.770336851319718 -2.250503822981417 -12.64697319655799 -0.03402650911085749 -4.055402296186645 1.7425326565417036 4.0986448966197875 -10.868468319676088 0.16548651036919176 -1.5874281812539428 -2.1236437847544867 3.9239018537806847 -10.501169382498563 -3.5334761728897766 -2.141966214717038 -4.62503410091156 5.494812736047849 -5.555342716808804 6.794433592186829 5.194199723686842 -3.2471770690269546 8.263973829509162 -4.908599872724125 3.5376220509474767 12.772468065958744 6.4501641610656835 -6.505848631322409 -4.713178389866851 -6.095152949401197 1.7628537246456493 7
-7.841289322876156 -0.8488109731227691 2.558150486236316 -1.459593313819447 -6.4854455377050595 -3.849208085157189 -0.6392179260590118 -0.21308991091492333 -0.09586713781152456 0.5500711548289177 -2.322897526654713 1.7056397860497627 0.6423255755742757 0.9040210483643321 -0.14977737515823153 0.2237415185526441 0.3345548999939794 -0.8914460677508808 -0.29874903354501964 0.2907295470568795 -0.40268426404737945 -1.4984400198084706 2.2223619501166967 0.7979059421508394 -0.7200926644832842 0.9994312064889986 -1.1399341917035128 -0.29351951661008036 -0.9002028319631201 -0.5603228030731973 0.33329029584705644 -0.03269431160898116 0.5260200148138239 0.7230813135368518 0.6809261816839899 -0.319122497040801 0.02812265412001146 1.1138660759760663 -0.3072727828932393 -0.47150261211835937 0.03877711390607837 0.4895386937495924 0.5051985149732074 -0.01982530494473692 -0.882984831183406 -0.17700986469233396 -0.32842075034121826 -0.10984316344090213 0.013207576220888641 -0.6668653182630544 1
-3.6647597423284433 -5.44133473022153 2.466991199119963 4.07700808754666 1.1278349787563047 -0.5018651273088023 -0.08403634819239458 -0.8864393765958225 1.7565040258486218 -4.098568384509851 2.391729463814662 -0.08270656152032602 -1.5801482364408155 -0.17446478088293782 1.0372718188764958 2.314442526687692 -0.5960767264367962 -1.5195502386271162 -2.1084292665454867 0.9753646648964316 -1.2889345664352816 1.2372726335070034 0.23813452535892146 -1.039331370019075 0.28871182432847614 0.8596973533669005 0.8506699916056235 -1.0478400172660447 -0.42226019627135425 0.12468832490757323 1.5461924576404975 1.0053362095968654 -0.2329202877385171 -3.26981326208278 -2.482569347432453 0.7734814151749619 0.3411689803419668 0.4191899584994629 1.4244810268543815 0.18973984901123161 -0.2235728843535024 -1.1329934828470867 -0.15779058282144126 0.5123928877175683 0.9139905037668662 -0.5203538557035935 -1.0068452303766067 -0.9973750487916656 -1.726776199109358 1.1156724876373865 8
1.115331923510529 -0.9139730411691074 3.8289327693370363 -4.967250205847478 8.352026061153827 -3.7139743048611664 -1.9782812512616723 -2.165297120553742 1.660043886545738 -2.437277457868962 -3.292370189082017 2.1491238280895657 -2.8786796644217625 2.4113535344721857 -2.3124564604432316 1.2248755487554541 1.4423355813238068 -0.41000199680332483 0.8014072235121472 2.0773560573878895 1.1022857124052803 2.1848562170400996 -2.6480481005397416 2.7581250985808774 2.3879329426924603 1.0803865512856012 -1.0979854595798844 2.733588624287236 1.1017550309932544 2.2792898803058805 0.8613532528000537 -0.6022243247949101 -5.7309294869760325 -1.2080997239582785 0.40629573114617157 -0.17153101454106548 -1.6928080525597045 -3.4545921116413534 0.6601415967503448 -2.203704912941282 -0.5815055013167816 1.1632397544748867 -0.04718132820587614 0.20132251438539678 1.0240730037456989 0.017411550650170554 -1.2371616850887277 -0.10244777792043648 0.7078063293177945 -1.1527475197309285 6
-2.3972934017475924 -5.396258986549098 -3.836660606038084 -4.421940023922581 -0.23518652920158717 3.465026485147516 -1.8846273062997076 -2.094626248417061 6.382809146341814 7.091584400600074 -0.8463381762350568 -1.9112086294662554 -3.9768789692480175 0.2653401155396044 2.660410998039746 0.6272095517792637 -1.146563771304425 -3.283897376207384 4.729038989533001 0.8129448742253451 1.5454152247383062 -1.7401881759307458 2.0823787735126054 -2.706033838509791 -0.981537646570761 -4.634604769845289 -1.0074004887468633 -1.9106539061211743 -3.590832502490972 2.6091730049741155 -4.399718098915185 -0.8531364734727114 3.5903859619369403 4.966422429332446 0.7942969811515769 1.1828455827547377 -0.10425646222467393 -0.09241874566342512 -1.3399550461615999 2.2821927573916243 1.6283108780218856 2.476766724857495 -1.4635276338427703 -2.4778800105922727 5.050544937861319 -2.144398326030404 -2.5611227789810687 1.9934794578924933 1.1255628200716157 -2.307996039368813 4
-8.154969580428123 -1.851259596766056 3.868199634998443 -0.5391448606228362 -3.126787603102568 -3.137722013112305 1.1775088075463565 1.659332367377542 1.833790787583641 -3.3392178118836364 2.2770026224720255 2.395616850523708 2.04399225784072 2.6661650790807903 2.8897049143555487 0.1990720514269542 1.7628118695109019 -1.3536284820223754 -0.2065675103800903 0.5470200095926405 -1.8389109596180215 -1.4646605409290134 1.3029275702780887 2.2276746755450287 -3.528280099812423 -0.5289329580305123 -0.6487127073402162 -0.9606843187848177 0.25870622182477315 -0.6101882156148821 -0.6420730481185358 1.297210051337299 -0.8011034425401014 0.3417659709840686 1.0460571019048295 -0.47796407780531647 0.2933531268571519 -0.271556584205573 0.9698262343769392 -0.032454189936626 0.9743022808019732 0.8075325368513221 0.006741639373735206 0.08496208877133635 -0.08687733659741739 0.38266285973956143 0.05672021805976898 0.42627934824689045 -0.4408279514023971 -0.3777557495739004 1
-2.566517160734735 -6.6918542204365306 3.675822083177366 -3.839461001491293 6.272243942685086 -0.4641138148273418 -2.0905574207914857 2.626975210533967 6.534186138581226 -5.836211763716783 1.2274013645433912 0.06125576017063458 0.947571547678961 -1.2264302812519705 -0.8764748510775769 2.3330634989940466 0.12871476046222144 -2.5290921942227 -0.9902071951281025 -1.2582794818672332 0.47830979120775574 0.31467737548136987 -2.872751066367844 3.3012907199952926 0.8660884485564313 1.0898751728113263 -0.4136728958171492 -0.6637236088764868 1.3420632568364077 0.5613012878177325 0.5919930776451462 1.6087568401293817 0.7571196134327897 -1.8304536194933745 1.7157782239603674 1.2041460443720802 -1.136703766290455 1.4930901665725387 -0.651102019369831 -0.10009242592946771 -0.43505417866406887 -1.4039561191696055 0.15157041215430767 -0.438102860185925 1.8327083120441983 -1.8515225326729567 -1.0781698313593957 -1.2462119471607824 0.9025881889299936 -0.5285336375403942 6
-3.8581213012478432 2.02171986023961 3.6751379670339537 6.525904935171285 -0.8280283550975157 -2.3405208514074918 1.139112402235064 0.8064824273576499 -1.0903823269270978 0.14551592096659463 1.160943280118417 -1.694876799639407 2.6372812472205096 0.20570033763036147 0.6289186564655197 -1.8992406876258796 -1.5689833671222446 -2.9913932122070905 -1.2573053929014046 -0.15248478225064482 -1.2009289908818093 0.8212868357312908 0.6541305792142267 -3.651579035215706 -0.34137399219691306 0.12978321884240485 -0.09795367167326353 1.0846774697110453 -0.9391339004303032 0.03639460040721175 0.29457297839933416 1.1422296453694318 -1.2634152742129705 0.3743814900905759 0.35429770128466703 -1.2029375893749512 -1.5719918633425867 -1.15790298283715 1.1407467249147891 0.6680338982681026 -1.246844368263648 -0.22909554044833103 0.49772521644282686 -0.36930534896528167 0.7210503364462556 0.4987016853414439 -0.0978420883906207 -0.9617944133822334 -0.5147127677189088 -1.215856271222096 3
-1.8244816973232898 -3.485066846453435 -6.085997884794433 -2.892419513714965 1.6729147516065936 3.8921643667658734 1.2367401270384029 -2.166048822248185 4.173501274580664 3.517769802081043 -4.240305944168215 -0.08614849025677193 2.811595714150888 -0.5720088106704886 -1.573562511980225 1.4728641837257244 0.13334989672564657 1.4500244450036388 0.7390340142527712 1.243195639190774 2.330808799335885 -0.28003492336968827 -0.5835357921778814 -0.971155536054702 -3.042598278354363 0.8339337721037544 -0.2536887014910342 -2.0480428972477753 0.1529239194318656 2.0731478340203 -0.9511070004824368 -1.5681911436826907 -0.11977118420926472 0.24536568200620862 0.850544981199474 -1.1555769743016868 -1.0446614180873919 -3.7431315727502965 -0.22366822482522927 1.0850726026693511 0.7223327220575477 0.8722052628119669 -0.1288995296621373 -0.45836422540758043 -2.0114460283306688 0.11066008697612323 2.692220011066531 -1.345903369563811 0.6999961382561826 -0.22981789361096386 4
-5.791057319011674 -1.8642964156304118 2.5044603774621286 0.6736193272730435 -1.6040412419830308 -3.8997183037082768 1.8163238087936955 3.5133291913358464 -1.8219825256561397 -0.2849645843076425 0.18531698375096764 2.7865072584400483 -0.5288926363740363 3.090871557755876 2.234228395686916 -0.9669423801024879 -0.9618562854768977 -2.0370538718264495 -0.7515629269471787 0.736556661186652 -0.028181254828941377 2.298304498401246 1.509313712328843 0.2881692314916394 -3.5277129022416966 -0.8126214803862084 0.29743811200229925 -1.4286407714557523 -0.6707822361179534 -1.8168343976005694 -0.6756473259780226 1.5498547879014715 0.7058792412062492 -0.45274472621114464 0.07511195526025634 -0.9043843420277161 -0.31737646480825543 -1.4543855114467175 0.7594209092215726 -0.0581095703762422 1.1407446674170707 -0.02605442964361292 -0.29312094132429767 0.17311006635004303 0.07999497499912231 0.3525966580516172 -0.878161715314342 -0.40914702485780513 -0.9280185909204423 0.5695477616467447 5
-8.439276915773242 0.4969432820863081 -3.604066111507578 0.7085536184125489 -1.262353059699688 -0.7735556934315005 3.307255179476497 4.294336770129552 0.21286304960776795 0.4923313108247106 2.2585251172049716 3.6388004508895784 2.634221670577513 -2.001795190810016 0.4667518277533192 1.1263772236651235 -2.5431697184829085 2.2934296535957954 1.1995657677244635 -1.2726298044873097 1.723936541530485 1.4482269731956854 0.3628235956805066 0.5875127992070783 2.163331926617577 -1.2628730312713707 0.757850822816374 1.2326920127577732 1.994273802966356 -0.7760624343771372 1.8624865068138021 -1.718647637262694 0.9127758268245375 1.937828409700329 0.6942469695247006 1.3179901193536874 -1.5287603468185442 0.9957716043871869 0.6167999936439409 -0.3252497340559904 -1.0362450520521593 -0.4688903378512833 -0.7538283954577688 0.6254237496414881 1.140683490362211 -0.14091259610985293 -1.5374131763882408 -0.21248071510891123 -0.7120049735025281 0.8101179199212014 9
-0.922230382133386 9.575786350682996 6.063889601535498 1.7236687467128171 0.8705691326518008 0.8807295059575021 -1.8859965404445143 0.9189452113225964 4.573779183763747 7.129547614636274 0.5207243974625818 2.330082544229605 1.3719150834424765 1.5932000886936715 -0.02083256132796944 -2.8244424470857794 1.7678388492788797 -1.8999683640355247 0.6038341785962286 2.893183314551203 0.6000389355236994 4.463853592239279 -0.520508533922425 1.146586722930767 1.6147984021178983 0.42401799195227946 4.2554343974169395 -0.4933040123459493 0.7773648808312882 0.31324620469148273 0.07070167909526695 -2.396953296968226 -0.7459342247514543 -1.1703570081272086 -1.3637266452692944 3.120049350848416 -1.9834950949590084 -0.8013566912930488 0.6482122401406365 0.9631129925414036 -3.001197636381381 0.5791347366386445 -0.29959268863200483 -1.3135351473114443 -1.8800899778574673 2.299710758765022 -0.046630498816394694 -0.6437957704673704 -1.8178575130619383 2.0505709206621527 1
-0.012601113469210952 -8.229592693265298 4.685602223283339 10.726712887241552 2.2828134458765987 6.556708101711273 -5.162658161919978 1.3072303175049202 -11.134698104046143 2.2864506611970046 5.286171090348677 0.16214927540131238 7.705961115276344 9.357258159106895 -0.6892458609392205 2.9113982412170873 -5.599715802687372 1.1592453407583658 -1.5867992846174095 -2.001524560733347 -1.2100288462631794 2.185876649986934 -0.2036456128940538 11.342319541827244 -0.13115762079027365 -2.0611200915303645 -2.695928801842516 3.3977205391607614 -6.369594594423223 4.965967385257073 -0.4037787067739095 2.135769595631886 2.7429902700085407 -2.12191891537486 -5.634506008520671 -5.06320800123143 0.6761645405850503 -2.6189782622317312 -1.5456248410838933 3.5449869286974134 -0.9700587833450492 2.8483850248764493 -2.4237215543412187 0.9518373018788457 3.8137921354682915 2.6809426276172332 1.3817951459619187 -1.5170893748589995 1.699397579115936 1.764922433041455 3
-3.3950562671111086 5.8854478075474175 5.779332978431777 5.248281509071343 -0.46554608160443145 -4.678275899412748 -1.5875232512482846 -1.740920426191478 0.8254065818629657 1.4607950379494041 -0.6242108678223763 0.7243156108032647 1.8389846293472485 1.8157310749934834 0.17630676072631946 -1.2109742691405412 1.3939663339533115 -3.7183214116973677 1.6085925162207346 -1.9661290332305015 2.0215984476924675 -2.8039606706011186 0.8046194415629389 -0.506945242628889 0.059216440782696216 1.3607450500489837 0.5154334392692814 0.7853907527542321 0.5361528365953183 -0.37849588778981313 -0.4143328246384764 -0.7052317548012331 -1.4779448554248311 3.345308947496232 0.18011020512241344 -0.48316009279707206 0.2877650633605464 1.056976338596285 -0.20928290074335118 -0.7274348758546273 -0.5462256330121661 1.9318467710994942 -0.4618824479969306 -0.3244988376287293 0.0028282534631062493 -1.1133892706846942 0.9116965954836685 -0.8636837141292637 0.5649498841330306 0.5054322256902736 3
-5.963748074116266 -4.832536020261242 2.3489565222825117 2.4691139984761343 -2.1409823365724896 4.671306316304402 4.0208121983752685 -0.37775407620880824 0.3087409695913044 -6.3422203684685945 -2.142578263712287 -0.25325743869166023 1.7601692390455332 -0.7930631096641049 0.28353048101946726 0.8812834559490677 1.313460152575503 1.314478697403195 -0.5621484226092094 1.683227596383102 0.006364200229398838 1.643868137504552 1.2437903710696239 -0.694073272688234 -0.7645852167699416 -0.27890910933042706 0.1536749987042154 -0.7991012853803227 -0.5902291794276376 0.61880297054583 -0.6334948050858928 -0.8676379143385577 2.6890062637597687 0.600369890506516 -0.3634588941033857 0.4611470399889255 -0.5037646694147146 -0.9453387750055011 -1.2130833361642017 1.1781181605639077 1.327369547329786 -0.42092282957484256 0.06069259091032278 0.8375013440277875 -1.8283886668883202 0.8512911179907892 0.7601046337741537 0.49792879068841045 -0.222268207420468 -0.8735221123350215 8
3.6917628562102576 -3.0022278682999213 4.570752511164282 1.879585226529686 3.134165439544022 -5.17521713779721 -2.3803958549616495 1.8874830905366768 0.3463143302023006 -3.855088859334306 -1.7880407106173222 1.2806513254741958 -1.7239260614649274 -2.168781900911292 -3.2001425291371794 1.3091726611782915 -0.7580975325111441 -0.9188443453666206 -0.4893325151725555 1.0253702862719356 -0.42569991007085706 -0.3199356093692699 0.607060498795121 0.3038835082804608 2.6677655514459224 -0.5773420749814128 1.244385742294527 -1.252244243638132 -0.31711710612509164 -1.387388186634384 1.2895188758286826 -0.34844287087441816 -1.070080819841482 1.4665158557974896 3.1874950023344057 -0.6668576219299266 -1.9552649102314164 -0.301879234632145 -0.07788579363469372 -0.8789568546315548 2.452503669205175 2.57146990204398 -1.0462200390582395 1.7005600922613535 -1.2180312845037249 -1.97799917427508 -1.8999856964702193 -4.720211218751701 -0.711247539854424 -0.4273594914341988 5
-3.741031519375147 -2.927764917125893 -3.371666399950937 -4.056414401787791 3.6797764303718923 3.1723621356203946 -0.9366531208142218 -0.3811737734023985 2.056055555354288 2.710729720848419 -1.001719435836536 0.9780336555429341 1.455702998684012 -2.7834001862918596 -0.6054479261136841 3.0707222061161925 -0.5510082823413206 0.6766307876055769 0.5172691669327333 -1.5205973274655769 1.202706802814338 0.03456453761462359 1.352678430937687 -0.6763428926341353 -0.8362375040455554 -0.41194357605069243 1.4995511052652135 0.3095314811921664 -0.5138866983787521 1.7152577770426867 0.2187567207195422 -4.095513026423515 0.6545450251801922 -0.15201896148855176 -2.0359002833000877 1.2802210979404356 -0.8395276400855549 -4.7756618213353175 1.3857128255069182 0.47135293888876095 1.9410485129079318 -1.1881800728344782 -0.4843285274802138 1.2091709126722083 -0.29573055025609324 -1.018049191950535 0.9143325419354953 -1.044788981366349 -1.1985509919016588 -0.39346480953660223 4
-6.257380620342701 0.7071210536367437 1.5483969834824798 0.48792594484105895 -4.0153185116116985 0.4223106698621957 2.1123218278881066 1.2367161218291396 -2.6905293574302633 3.164096121571676 -2.014639547394915 0.6443219505812697 0.946474560311593 -0.18206098050723957 -1.4806143129167433 -1.8244163884988032 -1.1918479082355515 -1.284488817578921 -0.05274355061932809 0.5385386199762539 0.8157228905948627 1.698214118961442 0.9010015995194663 -2.3938739271171783 -1.5451024758017364 0.16355506757654123 1.379144389711839 1.9277778715624374 -0.06926080603997482 -0.4469430702607237 -1.392534336961206 0.17208681708800508 0.9343995133443814 0.1346963604574986 1.0268663125226671 -1.2141673263703907 -0.9366436658797996 -1.6188440396504917 -1.4604188346970846 0.6979375782490045 0.44140227789896186 -1.7589137655661742 -0.24082078410880917 -1.2853703788252633 1.0753269917716084 -0.30478882211512076 -1.2352627540000898 -0.6396923294314202 -0.9912628957790564 1.8614237319791376 7
-5.509667394574496 -3.555099078826877 -3.038401341499006 0.644882187628523 -4.6795947255831685 5.8586170249787966 1.3912658927121375 0.055751143456157656 1.1420243127660192 1.703541487346541 -6.7932869611973254 -7.844114491327513 3.152562491705798 -0.4075624110737313 -4.346039585546727 -4.353279788879527 -0.4911218429973123 1.9618063157313284 -1.8933896766234521 2.168277631008284 1.6969533473266716 -2.6287751891771363 -11.101408250304802 -1.6292772722900983 -3.171751310592608 -4.2131384644243335 6.3268782296104895 -5.779861380160282 2.7228011038751 -1.8638000501943754 -1.6032391097061913 4.436335123358043 -5.386611496401961 2.251416601908396 1.922028999212316 6.122376884828093 1.6068510354829255 -3.9818450628048696 3.782069533080777 3.6032627553121364 -2.442542115329902 0.7109540906962283 -4.3149234500146 8.061831909167779 2.1253250932428283 0.9268935883238432 -0.9991404527406377 0.6993011117873715 0.2786892333660352 -4.290173006829789 7
-3.4995808749656905 2.43166645150559 -2.6925093920658143 -2.779843062153895 1.519922241241318 -0.2910745830512118 2.046430123760896 -2.548058946989244 -2.814960538792932 3.490112197973565 -0.23518205010717194 1.5488346308369767 0.5573626012886908 -0.027477997300276693 0.34270456659983095 2.0298875254008895 -0.4294282291875412 1.457844710011683 1.3606657337508286 -1.7143223363897466 0.48600038563269105 0.9299737145349884 0.5362621477698983 -0.613697387009053 0.09842951532004457 0.6706039622007938 1.090092868645324 2.22623475514112 -0.10669747013957902 -0.9058207760561657 -0.5272668919264566 0.3571218832154864 -1.068085634624808 0.21663749144640465 -1.6432232988108644 0.5885069874110509 -1.5736890054974288 -2.142838799525407 -0.14708682999797323 -0.4219892033887093 -0.42624003818049644 -0.7443171304617475 -1.63134252963622 0.5268015926728711 0.6060734433537567 -0.17106331462234484 0.40857148195426296 0.21889612115730206 -0.31253583195276646 -0.5730094863117106 4
-0.2765648912635447 4.621319163068871 0.4509279117681476 -4.312104377945451 -3.2949348951562527 2.40789514275688 1.1015862599755903 -0.151138680166277 0.5956995184913362 -6.770572833561503 2.199871301362368 -4.419536879686418 0.11780409945965081 1.5667320854879885 -1.8132608966573787 3.245882486981002 -2.9562124865406343 0.8445385227107138 -0.29319144906274136 0.2362320706411186 -0.38227805873906684 -0.6968031232960848 0.010451386256181168 -1.4872686961286925 4.939345483140639 -1.3659131204338781 -2.3019967283692546 -1.2545770485107317 -0.5262170444462954 -0.3674281104306963 0.03802419653753357 -0.8883151125890638 0.8778247607535026 0.16295048256913267 -0.07947235116354036 -1.4569486911181613 -0.2781283533579584 1.4887313454281352 -0.18142280020856066 -0.7571338843420904 -2.1878026529207815 -0.8946058712145541 -0.005297119729644415 1.651107852582269 -0.7899227562712782 0.2689501187778418 -0.9622426540066941 -1.4359071193006245 -1.901232949923955 -0.7803895993383727 2
-3.4375599457404125 3.961721234746472 3.7256655665172542 2.458198554944505 -0.6809497314003727 -1.4459143727728707 -1.9113319982738455 -4.450183264783532 -2.265170211412592 -0.4479601456195008 -1.7585215345823342 -0.46819123433614424 -1.021268303103384 0.23305230217803602 -0.01231336570441749 -0.8230659567859044 1.7052752054357962 -0.677330488364441 1.4764339989940682 -0.7090586102975973 1.5206522845855557 0.11212538180283482 -0.19441972111634823 0.8953059201398111 1.149152743650472 0.7296116555068104 1.211374584205621 0.1500901250160272 0.14860723228841144 -0.10064534594981556 -0.24035210425940584 -1.6827644492135991 1.076147279132968 0.803538303949495 -3.062338713657572 2.8694034630012135 -0.5583433550418372 0.01802240762377213 0.1320113354653501 0.1961640010744047 -0.9667354541854206 1.024453416402166 -0.4661248416594768 0.027195681950435795 -0.3210388146362538 0.6238092668760411 0.44560427701182465 1.03755757177207 0.2475106700913132 -0.09753211930069002 8
-2.821027909030492 -5.292211067257105 -2.427662211404262 -2.919030501030511 -5.373836759198707 0.3260944792265374 -0.5542199159739898 -1.4175422376822877 5.025339058990327 5.0172401027897315 0.8101286814521272 -2.84540794526591 -2.7540348582141103 -1.3330425617504431 3.6973290788780298 -5.463298272242664 1.0857696388925757 2.396255250357079 3.4992205801678407 -4.671361906025641 1.8324375631859429 -0.4064346854325428 -0.7326935216373696 2.690839111537603 2.1140381042773155 -2.65562799397467 -2.9571592967365667 2.122903971500961 -0.25834616630806334 -1.8091497044135034 -3.101293134094132 3.3357041812125545 -0.0790812491418114 0.4161544018475504 -2.786982383890304 -1.2832182278295607 -2.9409675204077512 -1.040623331707518 -0.28442881413663373 -1.410907579158058 -0.25450471933126967 -0.06817884427301112 -1.0689708154858821 1.2165491321551838 -2.713107472652798 1.621363973491087 1.3684238380266955 0.31302771826724946 0.8963050192744654 -1.4580902435309895 5
0.6571529116887344 -7.46496091246299 3.384600785120177 1.3044485074488574 -0.3434484844305605 3.3639155523228803 1.945347615706502 -2.052816641953743 -2.3411961929794796 -1.1184921878057985 -2.2935269778427734 -2.533836000057968 -4.696772031001235 2.649568497308257 4.307995867004881 0.39953534050557127 2.587113018666325 -0.18608448596434027 -0.23225642777305588 -3.6661603597846217 -0.37973444980652044 4.019661248855012 0.08510310166717042 2.4068988731105003 0.08557287662096598 1.5009909794154301 0.6110414387752477 -0.9873861195372615 -0.1806334894359755 -4.683792430592364 0.324876953845892 1.2152491852279381 0.42487986756652096 -2.1383715363168676 1.0811254338154022 -0.038545566636452956 -0.9685543177913786 -0.7591558534716104 -1.6560698627478678 -0.6517703575817038 0.16707718082830456 -1.0732752224531015 -0.0663141517264343 0.9130992917976485 -0.6607339669126526 -1.0891099258998076 -2.7895022321561376 0.2223364740978068 0.7824505198489233 2.784818650146685 8
-3.3055576610214183 -3.266369591830222 1.4285160084328994 -7.683048709798239 8.250405802828665 0.9787481580217999 0.3612246250096951 3.16705196393154 1.3348286561551737 -1.8943692421883647 -1.6341700980312137 1.0209455127281146 0.3014198877290308 5.237762779851079 1.9522295573830888 0.40561362168992765 0.9056937010294146 -0.7631602228975669 -0.8381321875458859 -0.37788132854562273 2.290615866192626 3.0227765422287525 -0.6942139737236631 -0.01269775084491486 -1.1552768532094002 -0.2791523888155052 -1.3811143469997496 -1.4297379904593928 -0.02330122855455641 0.18994156112157354 -0.003827059881000654 -2.36305011641182 0.6462353018616839 0.5402304926554827 0.8975406399669998 1.081118987697704 1.4417547247617104 -0.8278767176836697 -0.7087938895930052 -0.187302857846706 0.29607744413176107 -0.804998372879236 1.9146925088546787 1.1416540075297488 0.22231076140798214 0.4355735747646777 -0.24431535262867649 1.0417169123933014 0.7001480020424901 -0.23901166777167485 6
-4.975733685778042 -0.6489247867364816 -1.1657020100627196 -2.9829044747291817 0.8392916852458832 1.1435292319896821 1.84912584234046 -0.9145450551916628 -2.614605087082742 -0.278418673321333 -0.7925402520703378 3.0285967339890387 -1.6711888152854493 -0.5466689023808017 -0.7298518029952291 0.15384415158196862 0.22236684736941012 0.6540717409494441 -1.6590459729825653 -0.3390856938312564 1.1032950180936683 2.0756044926059034 2.846352222161268 -1.0481763702875841 -0.4611307371125426 -1.1698197976571407 0.8711806374345623 2.1341260956558235 -0.5732104381751819 0.29945872128310785 0.022834640822249955 -0.9430274761854132 0.055226347351129544 1.1765019521458377 -0.5155102446935682 -0.6217528451045395 -0.02495628181063855 -2.7533208375452713 -0.5045612627496799 -0.5085781096437286 1.1521733504751321 -0.6737133730495126 -0.550705425843562 1.1607737369173132 0.820775730441813 -0.8535276194595103 -2.894090497295336 -0.48237531509645926 -0.5376015528197471 0.21110412060114583 7
1.573009402982292 6.74436138685316 6.227167459372009 12.279044234456254 3.656689288741972 2.0201753151265525 -1.0263911607312044 -0.41792078179086806 0.39181182190923797 1.6685326000715492 -1.578485101909398 -1.3352966180248271 2.3451922423532303 -0.9674103394716117 -2.256626158049959 3.4476548605079427 2.2748621155842943 -1.552403405804464 0.08328796117699686 -6.422354409623092 0.8952227266949421 -0.777214758775558 1.239818958376 -4.8649623930437595 0.14189595988980885 2.0120506313458213 -1.8412618267783267 1.1531281235365058 1.4562920854456187 0.5482377910164317 -0.49633820189662975 -1.2209401664629635 0.03410032111739755 1.7221945535749281 0.04418036067971807 -0.7612359470374859 -0.5693247131530595 -2.6186403702798984 2.6158983740245 1.4189470949877099 0.40559031393428197 2.1636181802351344 -0.07543558469567552 -0.45061070826554345 -1.9244330862494718 0.4673093296311872 1.5698716159294526 0.5208050917238035 0.33952673080186263 -1.323559976463225 3
-1.312929250373246 -1.1466789787160052 -1.5631912659603346 -5.301713817105454 -1.8290698731431216 -3.940835749549114 1.0853361056165185 -0.4702477325154455 5.202152972165984 -1.7446398490630652 2.2892385412305214 3.031688571486777 4.877788617193478 -0.42742846462015455 -0.6520201023147117 1.273001191024599 0.924081315895588 0.15194573079062573 -1.2076167779071165 -0.418755916322175 -2.024004053272557 -3.1410246420985075 2.7121722151853778 0.23800397967807543 -3.992604964819409 -1.583306755612807 0.3410098008191849 0.24145015102453773 -0.6328840948391727 1.9493888098398016 -0.6862627424261064 -1.7800722326205858 -1.781833688932857 0.6311621429782911 0.2159903665482949 0.9369415961250717 -0.665645810433951 -2.7455007584850164 1.4663397212947553 1.469307400475367 2.4091622149228695 -0.44180368819128757 -0.381918339568633 1.1178899666297073 -0.2505436057165963 -0.20512909955712516 -1.782054924820828 0.2655922632667362 0.0992561786051552 -0.19046702134851612 4
0.7210040094458077 -4.353918061956253 1.0222704596476109 -10.843893747087192 9.520418118072502 -3.5900617878852934 -1.6534111332918313 6.036736763496443 1.411917877736961 -1.7396113571846765 -4.374761702322374 2.770009337919902 -1.586620621478612 3.5309318867620747 -3.8588063444175655 -0.0450073672099852 -0.15713847133205328 -2.428203075802387 -0.5532011249206498 -1.1571167973238747 1.8316112938478624 3.416261907185039 -3.9372645605180523 0.992883022033407 1.005367802679907 -0.29064860826320016 -2.9955344403298505 3.0685017700979293 1.442537555145499 -0.8328658080800297 -4.2828819867430425 -0.43659067791131856 2.0812590189009024 0.7580934312220973 3.198058568074105 2.2608706859986385 -2.980127011358528 -0.996392908701734 -1.6504586028437178 2.053818157759372 -0.7421781360532641 -0.017895050966767603 -1.0823327249592976 -3.2879066130636794 2.5979947322205676 2.697202121736777 -0.25537221860612336 1.431921990090904 -2.719429985443939 2.257383822806954 6
-7.341811136823586 -2.1145946639583935 4.473209648673605 -1.5380261164613105 -5.830115830959361 -3.159018154473806 0.717763208795138 0.9188487724020071 0.13163588978019777 -2.185376395160711 -2.2890372549305424 1.5871254918276683 0.8033135485699281 1.0681851267186842 1.0786228791665302 -0.6456554019492127 1.2333863314013558 -1.1911824769107962 0.571173892773877 1.0995801081004637 -1.7801629585220353 -1.0884785612904961 1.8319872777573707 1.5619552675850532 -2.1746389678864952 -0.03678132387790328 -1.6898886150764034 -0.2783899169974044 -1.5968215742630583 0.1502295314205746 -0.338232342551208 0.5615437111061587 -0.5717751464171215 0.40514491769856564 1.3877557791222843 0.022188355228961447 1.3700626878084528 -0.16069605930730818 -0.6146556682352343 -1.1031410959361203 -0.05052115510022093 0.3255137641830946 0.8517344022866388 0.5555677758409691 -1.0720702994575093 -0.43698062832701673 -0.1304874339988967 0.20323285829248913 0.8999764599224234 -0.6013870824114217 1
-7.503645340571124 -0.9487643226977354 -2.262695174304668 -0.6727729518829508 -1.960288737601514 0.6422853233808137 3.1546421037972734 -0.38842929976505636 0.5354412471535747 0.7497176793362386 -3.2631463355347656 1.1670910735408961 2.5178508459429567 -0.5121734874994898 -1.8394080962787096 -0.29434346464100986 -1.695461061412758 3.024776456888394 1.0363634213393373 1.8873514863493188 2.801393469257351 2.365245562830945 -0.9918803144698065 -1.0999091813328556 -0.23942238434823496 2.1880340416161004 -0.06437868251303897 0.12384881139168978 0.9660268980367162 0.3957486448218483 -0.04782017590941014 0.7653301382383172 1.569848800699965 0.6173962687893856 0.126832295313324 -2.5136431684450233 0.1970822811803678 -1.2565633832920136 -1.253428508783939 -0.6883740543062606 -1.4048881943464882 1.0923410240239142 -0.6012002050814795 -0.8967380771988028 -0.22908621421191605 0.5930459470739 0.5945197810337634 -2.1150317471027775 -0.18976095429213105 0.3865401685702368 9
-2.310865733342155 7.1724333720095785 -6.70969719997345 1.1014208790276414 0.48232771477930336 -2.2470505031158594 -1.790963348820687 0.9617863518880025 -3.560287800861606 0.8831057140257852 4.635915423320997 -1.078718520600341 -1.0949731974066386 0.06675252376405942 1.319730924603572 0.7157750670776756 -1.3845162929337578 -2.139281488156412 -1.1945363763384658 -2.040182141156269 -0.5293575818439851 -1.0956898039128755 -4.827616866080127 1.5725086853886665 0.8109994408884409 -0.3708090354687733 -0.6450813631076995 -3.7277548135286 -0.060467436469507675 -2.7156030679980585 -1.9196276950449165 0.9672572225741306 1.9094409179272602 -0.9183724590907582 0.3245775416953971 0.2774033008144242 0.8897634875473017 2.7742529352757863 -1.818141994605021 1.2288457194419884 0.8755187352598457 0.26071653780677667 1.268007095352087 -0.38155904881961206 -0.24454964024215298 0.7566087772737335 2.6018660937385585 -0.7473657078335336 -0.13864758874880395 -0.5971385224059103 9
-0.022905209625207597 -5.471586562665422 1.3331299864455328 -8.559025496218304 7.465098979262977 -1.7873907894482841 -0.7402219123426148 5.365286319509997 4.159934325107985 -3.5622885696534703 -3.035236726769325 1.75459257709348 0.3445592550031429 2.168603833437289 -2.881297373867297 0.9983551203814586 1.217122927234711 -2.0939394071355775 -1.2061008811311507 -0.7355410852829103 0.8170856994388469 0.8120443922020163 -2.5758404087902815 2.4437242969781887 0.4429356074821377 0.1948877674624989 -1.3433258643739263 1.319036491015661 2.4916761762721293 -0.3572887458406974 -3.0364676624661557 0.5717299353518903 3.828124399896946 0.30623086432127117 4.231723229082155 0.8510642637833644 -2.7031944244769908 -0.581750270807877 -2.029580233502739 1.25537269929614 -0.5494456694858577 -1.011445598158944 -1.1626844570550288 -2.2458495634782762 2.888327641450852 0.5407229644104748 0.0035434009680373707 0.8476428122400718 -0.9870722399101975 0.8334342551000233 6
12.808419913597165 -4.060548402698443 -6.775150246486187 0.06127574550475292 -10.921265693593988 -7.245251296874298 0.8763185518171884 -2.6365823100472747 -0.5734069126341436 -0.11117398881206589 2.8619704990162327 -0.6132110595530449 0.42592240666772907 1.943479688982399 0.7926769210493018 -4.930089447265827 1.3060903969209807 0.9458605477368939 -0.645281993922217 -1.2469631238301366 -2.763257808651989 7.313208699007062 -1.3003711611691142 -2.356234081937494 1.788778858704357 3.3597341197414905 -0.8937230261376564 4.108456045195001 0.23731864301851271 -0.0845436912595527 3.098028287472928 -0.4237627895749083 -1.246348891926846 0.9659225074051973 2.5888204835653625 0.05535037715812294 0.6404168962801537 0.39823091447095027 -1.6836935402216116 0.8512747334489535 -0.33153446254787483 1.0744538283772949 2.2635678981565697 1.9201148509481794 -2.097169297401291 -0.8800619904237705 0.9498850364919315 -2.7903571500629503 -0.3606375404865923 0.34963093196734596 0
0.918738082615297 -9.394438575050817 1.8802510431149029 8.345907877202675 3.744143880805298 5.376789981808812 -5.725564610053989 0.748179101506758 -6.809029159195961 2.107713036420247 3.3289804323642627 -0.024192279503380126 3.345455265990946 4.4182080990013155 -0.10643671924543555 3.4527852425415615 -4.1185991376967745 0.3839885019297309 -1.6303369099710698 -0.9711206090218699 0.07403849850578148 4.320230193566998 -0.547561499374912 4.212774558374011 -1.859478767228445 1.0769747542000354 -2.873532274927207 -0.5112175475834707 -0.3069717230749105 -0.9136209196819837 -0.42592728678139274 0.3139564798970839 0.6698300105988652 -3.094045995430609 -0.4800943098679376 -1.1281211129134838 0.20441620751073325 -0.2288856634084982 -0.5928087948276262 -1.3925636782268973 -1.8999763912459666 -0.324041536097969 0.6405062489790782 0.2947923502837114 1.3873815018299531 1.8620388365274845 1.324335485104716 0.40765914120095165 0.8978182352080899 -1.2236449047362121 3
0.8259352748323502 9.103081736131095 -2.5828693590109064 -2.450100794280508 -3.3114762209794133 -1.5342473009806288 -8.43592894034478 -2.3569969991150104 0.5209639687099205 2.481225420416979 -6.389286014194217 -0.8540043224935694 1.3604458211101225 -2.1079742672250927 -2.2532861159148836 -3.3932043173957194 -2.961065890643015 -0.2900170060230639 1.3445301668227014 0.30581216305604464 -0.4834370019765761 1.553427105598142 5.943526482290998 4.916440161842531 1.8328131389068012 -2.327132163194775 -1.3323201627240095 -3.3943194676302784 0.9523095524967636 -4.105608837351807 4.06876062964904 -0.38898922762519617 3.0852535783904984 -1.010812235630249 2.3603678609289243 2.808207379215012 -0.7879668352406582 -0.5549856360672053 3.1567832888087386 2.1870388481708294 -1.6048586511977458 -2.938882836798976 -2.2723943574153935 1.9304067156889995 -0.8539226602353099 1.1697962683234806 1.059387263089931 1.4158220322919992 0.4940810862996311 -0.6361984684176369 7
3.55932223341062 1.4544127953411339 2.3825206641806784 -4.022774413662797 -1.5256170338580484 7.133712675018471 3.752340483871464 -1.4456553600856001 -0.8378245867592877 -5.248916008780269 2.915654312589429 -3.02129453867803 -2.7655844818661217 3.1806560604881122 -3.4924544634525874 3.344062968748685 -2.5722985146264516 -1.9631913216789705 -1.6907148366268643 -0.7577913973674499 4.688218798970429 -3.0727672037715874 3.6652603365368526 -2.6098939876039746 4.791021202319635 -1.4981771875738419 -2.02598910621317 -2.305812070745678 -1.026569886593912 -2.611243845551821 -0.8723012463365354 2.4679571375191203 1.5845450960805925 -0.4083486623459624 -0.6930939405820115 -0.9210801986837209 -1.7870657976474855 1.1249257468959406 -2.547243577331987 -2.3815008447882 -4.202394201846561 -0.06963558239410386 1.0384224407862959 2.433503141965982 -3.0064217965759106 -0.6015742278769636 1.9630096349820818 -1.2851446005804195 -0.9299609393693783 0.5816999369578029 2
-4.725201022589547 1.2142898860853253 0.23602429032386305 0.8178975473790416 1.7978186196227666 -2.9875836201986914 1.1051506945323224 -0.5767188284357984 -2.423940406521103 -0.6020721047909278 0.6216166969875119 -0.7394069859027855 1.2234976118781056 0.9060777886380309 2.0634447504151936 -0.5192005513168279 -0.3927854429591679 1.4872493845415182 0.7173341885575754 1.1317964520242054 -0.3199445899215722 2.4778952543813557 -1.3875497917896182 -0.7316271874583743 -0.44146326568789807 0.5170750637947266 0.5552699229624704 -1.55004419955861 -2.4590413960734936 -0.6746759721074621 0.35908563818868405 -0.7462440163048815 -0.4954600486452229 0.2974749864598692 -1.752362240350219 1.437031032404249 -1.762397902673621 -2.1318369552605456 -0.3298391554198455 0.5583517654621206 -0.19837400964938753 1.3678436007666093 -0.32575368446428526 0.36007992663565974 -1.5132996571397335 0.8881137721520068 -1.0853912688808587 -0.16325542380333394 0.46407933847832056 -1.645277190355887 8
6.905352659019071 -6.0872485367783895 6.654349485082094 7.456895966275775 -0.539352922950424 5.106080090383393 -0.4103973473866419 -2.3548765425684737 -0.9182311209574098 -2.023548455904041 3.918239649906639 0.713125147001572 -5.78895482256243 0.2225895255265447 -0.5477571884453492 1.2084424533344054 -5.269127743672034 4.72516567234456 -0.18482287103543096 2.5382663289969924 1.899773743311606 -1.2245631367812306 0.3889921679566935 1.7210834195331572 0.6941089342321141 -1.0843345022012547 -4.359123783147708 -1.0594587212675313 1.0450457379899867 -4.082481193351395 2.7337298338157834 0.9055732752241021 -0.6637691770101629 -1.5563435862631838 0.35686445647700027 -1.566951358333111 0.5474224110616006 0.5948140115302378 1.0754764626303215 -1.8204850517635898 -0.5371761478527886 1.8470118514201648 1.9419131661592577 -0.5503662135944206 1.2725443502835616 -0.5635712835315837 0.3629611297317567 -2.5688070365207656 -0.7406125908018679 -1.7192571004290176 2
-5.203776121627315 5.05465880991005 -3.9295051387353572 0.6267602378898147 4.148638632206524 -1.4752363438814227 1.6052263755106113 -3.732343041084017 -2.636807396143907 0.4270404505220734 5.132944585084395 0.6000405026759248 -0.05652915438661038 0.8789035390777211 -0.47461754870219913 -0.48384204563774397 0.8349471462185714 3.0075235781276644 -0.5524784340582876 -0.261415909664893 -0.557189181525317 0.12086351007925082 -2.5070256820948575 -0.5179508446960678 -0.5847181347459657 0.4729259428657583 1.1602182632115672 0.5450772681352054 0.4789941524809621 -2.2544918484829912 -1.9979808136359862 2.8240483875827627 0.16657071635830129 -0.3889178153667961 0.23396026655785568 -1.3092661511319186 0.8146982194198685 0.3891299906949397 -1.8659364211947878 -0.43415417408262064 -1.2014550162876214 0.3696878170327319 -0.025244140402054784 -1.5205781574390156 1.4135326809711035 0.1880516225414332 0.4411978677250252 -0.7003532071827199 0.23391083515921268 0.5591468959432752 9
-4.376482935576482 -2.895436111346205 -1.7377174208380246 -3.132795186272205 1.4691585791115631 2.7747099764627072 -2.151490522754602 -4.209278721724875 4.171672714796177 2.1371544138976404 -1.2554251210528937 -2.06570623237817 2.424931883211079 -2.8053157727626457 -0.990276196115505 3.1746619569712853 -0.3533212959432459 2.952635577838042 1.4691770840505434 -0.21935798130686607 -0.32634483973790385 -1.540979820181615 -1.1550077876607523 -1.5176971517558995 -1.3463761936530207 -0.04352955740662821 0.3828791311213829 -1.5270321666000197 -1.1554917851966005 1.5180418657017645 -0.2298418503378664 -3.305722167698807 -0.5500849445603826 -0.1208716316723085 -0.1320663769565127 1.1411068991661666 0.9932881348762048 -3.521464415251902 0.4168710633734204 0.7850675549534871 -0.045983356621854994 -0.2773105390670624 0.2302055408314142 -0.18789969934959166 0.41197350138979666 -0.5325678528561697 0.9052636302824808 -0.34508228564176036 0.10179944939970098 0.21941232148666295 4
7.818490290119604 10.711092914887743 -2.136576023661606 -2.1378486845366935 3.173758034558641 6.895747967425683 -6.346034366264536 -6.108699826225977 2.064616150673605 2.2510454985034754 -1.2705575849690784 -0.5481867732162777 5.248130007580969 -4.76466351040092 -0.9794558112455609 0.1573832990802566 2.0275562949120385 -5.1998489462372275 -0.20687114839431958 -4.234454178733123 0.7340363037089318 -0.5066428374745601 1.7222969830821488 0.48374352256637204 -1.690741280103503 -1.2462920203114487 -3.617742881628362 -0.08124750179266708 1.0507657725885915 0.5505139891325154 1.3170338978691183 -2.3342830483958523 0.6814318344948861 2.938644840145574 2.748952009299563 0.35965625190949657 -0.08585294629044943 -0.44952430385223147 2.1475773834247907 1.7600241833455252 -1.5224213622846732 0.17098933058727278 0.4906323081884316 1.9976944871847977 -2.5597988273270107 1.3937628435487486 2.973608197459381 -0.598085934864172 -0.6728135519293196 -0.8027484845537535 4
-0.6934172751657047 -5.234565106435632 3.248747304918856 -8.859927545078763 10.100517086311285 -2.272297990459653 -1.7303941757174643 3.5839681180229217 5.597622162307025 -4.631839353806032 -2.934560614925586 0.19783521611072444 1.9127308648521897 3.865339082826955 -1.7787676157607573 2.161275013634054 0.9092176044268452 -0.7785445237422515 -1.6456328858672349 -1.3472949304554818 1.1002728783534985 1.6525302006100329 -3.9524122984150822 1.7757026792370396 1.5842579039938558 1.2442766809084314 -4.264108450263514 0.4024701193545213 1.9476272214138681 -0.03670048729795159 -1.9548743878914265 -1.0746635188560538 2.1771232320332095 0.6938887873135973 5.09394873232341 2.215003504366084 -2.3296260443132026 1.0053613056423985 -1.9217931155569679 1.6962886826703352 -2.0652386660272906 -0.44705264306766845 1.0158590214754954 -2.763494778800379 2.2967470496935705 2.2402918696494787 -0.29772373200277474 1.619734827041352 -0.985980217721364 0.7566901970637775 6
-4.839858104221787 -2.1446387332846446 -3.066522382426712 -3.706375817421675 2.6682393517136935 2.792805110413236 0.7134227264517696 -3.251070831714169 -0.09198311119083075 1.3042434196958939 0.011793083027290584 1.6737654437028535 -0.7550178179468995 -2.306743313972234 -0.5802189245939301 3.8991699215231055 -0.41198578446510575 3.6052421192229094 0.07972237141729799 -0.9879474006139078 0.7143388298919334 1.5036534313996526 0.5100281097371706 1.0122806293431805 0.0616156238747698 -0.8096238520077386 1.820199054811506 0.4291666504574518 0.503238872867267 0.3048051622359155 1.3837210578963361 -1.1820120306700215 0.2747542821888376 -0.7477212206528824 -0.8764820503550292 -0.36475610183694257 -1.3457739192529345 -4.600177404687347 1.8851855814936085 -0.499250133582478 -0.04817351409764273 -1.2163942498840659 -1.271109268614368 1.139869059260423 -0.05461827929311429 -0.7930179365002015 0.2979662203318388 -1.8887864793237046 -0.5557622808906989 -0.4978263126952833 4
-4.353885124837834 -1.5162790355578484 -8.610433908064943 0.07581283225279377 1.7366883941649067 2.881429430297859 4.705747779283825 3.473867490959174 1.1893329214266437 3.1302358912958357 -4.1372349857614905 2.3767680407393668 2.739171591252521 -2.715699676163155 -0.5793453526056921 -0.34646942400048536 -2.0018968213276307 -0.5578612148393329 0.06883447933515979 0.590036426187009 4.631341830319328 0.24438039198974626 0.6700489895748573 0.6235716556473943 -1.069585718136655 3.137102064684891 -1.8751914370218858 -0.6977153528327524 0.6810764961891174 2.2252751695099966 2.0264986031096215 0.8028761362009041 -0.3393286299127478 -0.7184016143352345 -1.1908102135512304 -3.508866900250592 0.785312003653793 2.443794159291116 1.0197153096434433 -1.9196624453839266 -1.6577142199643626 1.0503721408960445 1.8153499701891913 -3.329938353690792 0.9763973050835532 -0.004720393986554082 0.3023902464654605 -0.07536923192735916 -0.39337893297592746 0.9440115528211747 9
-6.925346596832756 0.6135026584346983 0.7900685308512466 2.9894613841718405 -2.168839038536198 5.507463954675645 7.525939885260588 1.351746623240651 -0.07037916359871706 -6.015399874773867 1.0401194338877413 1.098874475813913 3.096528960791893 -0.07980472023717619 0.38246694989738084 0.3363580311361415 1.5400671248027604 -0.6289558174848886 2.77524911290199 -0.23615390951146611 -2.4700714303139253 -0.7167019983154981 2.166283496588914 -1.236983201528178 1.6413284056472788 -0.5649888287929061 0.411126877261005 2.3665043668847794 -1.1778731454484677 -0.5598633572517524 -0.3202043597325875 -0.8914114411286291 0.44951087547677476 1.0713751961143128 0.76686727138962 1.0117885607918191 -0.8738840808496803 0.274995825995766 -0.4140886109412836 0.4824420179340761 -1.2047057046127634 -0.9705867667833188 0.3390694745068675 -0.10106645370547805 0.1274731221041759 -0.1424310265095645 1.0708675059149857 -0.5255961031522622 0.36154734705270775 -0.51135717561128 7
4.700560494577514 -4.221767220386872 0.2544813714801847 3.9728605874181593 8.778866335062641 -3.695181368401025 1.081762182464336 4.994227904025167 2.529384588888193 -3.0219412730021924 -2.503998082856653 -0.5843917625312817 -0.7382572913078287 -4.64659451021677 -0.5743177951833333 -1.7373198960173688 -1.558668429107224 0.2818723272686793 -3.4948868697004323 -1.125002028199306 1.3892840309624228 -0.884968263780517 0.9646590737167642 0.01557843458726623 1.1741845188783955 -2.2428206524468157 -0.13067722138224988 -2.043774962625454 -1.2314611528668522 0.9098245244478201 0.13579052326436097 0.4149313040598594 1.9700653378860307 1.0938929529858692 1.2662544874458272 -0.5437861846314237 1.563712081888027 -0.3312536577810372 -0.2510131248260607 -0.593901729509575 1.1848711428805092 -0.6388953045098765 0.9449535930088769 1.448692775340822 0.27939983370886523 -0.6286712076084617 -0.08277854966482164 -1.2133484890479382 0.9631890196624122 -1.7390864310102647 0
-4.609661684056424 5.552865678022654 -6.3499652896088365 -0.3704393688266417 3.7348975213634286 -2.298863809105243 -0.9436538822644813 -2.415568300393072 -2.281235710016689 0.0717506904175695 6.458398169950659 -2.086629650632303 -0.4692305949689453 -1.6351729793835186 -2.2656143063759697 -1.8024096818507527 0.14055892643787643 4.35802182113799 -1.743736968111989 1.0364840952593495 -1.248667084562406 -0.67427675071582 -3.8909954237777256 -0.08953001744589957 -0.934917659276265 -0.03309511895133501 -0.2576415923270066 -2.3733121572583302 -0.14592159747732242 -0.6258760005644257 -1.901014062250888 1.5006987701333567 0.6093122727995267 -1.582374895382685 2.5210020324890134 -2.737587928759659 1.0055901297134764 0.9501332978593582 -2.2245212552941727 -1.4095308589046112 -0.1206026625675858 1.105331852094712 2.1264420258418943 -2.9377476030036545 -0.6006947614130517 -0.0940430374551216 0.4156764819550951 -1.1199937226985799 0.2569348175598621 0.9014876888388724 9
5.102699214228033 0.3068818471411593 4.889948540814684 -3.4439640908377176 0.2979741345149516 6.509252684698221 5.584852262184958 -1.4781602037169927 -0.5874568618676415 -5.736412022896983 5.0022603791538955 -2.7178578092062025 -1.2138591185015648 0.35752589639719873 -3.699086715833967 1.7300376429182958 -4.9069132765797185 0.64354446369598 -1.711395025784499 -0.20855237973354745 6.311649773074261 -2.8823498514530534 3.887486127934909 -2.730459254371998 3.6388357158210667 -2.5196651744904432 -2.5232610856835627 -1.735207746768338 -1.5808298784825716 -3.518879672297418 -0.4137506899881309 4.500830742603027 0.23226537757830631 -0.014568358021739333 -0.2702130652718612 -1.710809033911669 -1.861204081387789 1.949098145795995 -3.084428109516754 -3.09239153745699 -3.8159448486930763 0.4722838486560339 2.1163438448838408 2.2514115683637104 -1.707447261009505 -0.6841517682289279 1.4916731262548477 -1.7399245963738428 -0.40176350495847274 -0.8138552624295743 2
-2.467596184713714 4.558435016725226 -9.120298108624894 0.8489754133214827 1.2168027001535444 -1.3666464485501852 -0.07884659246860247 2.3290513772965684 -2.583251604339465 2.1858137238638817 4.904140287972317 -0.11734647781227 0.21975500405723586 -2.943442601681104 2.9941806433876357 1.345899244441271 -1.2869072911886124 0.49002813792169986 -0.4710970108517508 -2.473336568244141 -0.33847901396019137 -1.239472769486907 -5.160547993207824 3.003847293980055 0.3564171458220878 -2.3052157018321253 0.3861589229711609 -3.7638550081221314 -0.019682832958150435 -1.8020531233252177 -1.2758298526354972 -0.40731000822437763 -0.27775451351644326 -1.166983800935739 -0.5393202391094469 3.1870415163839962 0.026416466888965495 1.8423915776869235 -0.879586050532358 2.4351198459159966 1.2074879883090408 0.5419447003752021 0.6737510442037026 0.3668301591575176 -0.574766891524449 1.8954835448133953 2.628872294129301 0.7215991072271949 0.4105836035011974 -0.010399626686624402 9
-4.3510209131627136 -3.9541878027223007 0.7187916841067687 -2.5824946922722707 -6.74660458247366 0.08861379300294674 -2.8697763038544895 -1.028706539113247 2.359825850686173 1.8064499790851927 1.0608766162334542 -1.8372767684991151 -0.901038461526442 0.022247781923987145 1.5834541371479258 -2.6937177704992212 1.7526792927746082 1.315256472442639 1.373068527005188 -2.8707507290368124 2.4317374876908646 -2.017245192542847 -0.43587588114360504 -0.11929912557647045 2.0972414132363904 -1.5507705793653357 0.18313789781369996 -1.5305554572005151 0.5403196491280011 -1.366558918480679 -0.38358187603661065 -0.770794620190537 0.3240420451695615 2.8214097297303278 -2.5829876887770076 0.4369985678947746 -3.1563727412720746 1.6352802995126272 0.2993063757839888 0.3781308590184351 -1.208423298826963 2.199895146254709 -0.8469703016951029 -0.47112914263294065 -0.9585863891934269 0.5372152164563846 0.6691121226554748 -0.5458429350717293 0.6289013605173438 -1.166921909096664 5
-8.202357259895432 -0.7269200386234403 2.8370234359362962 -1.3411883361056869 -6.304489270163369 -3.5553375276994177 -0.20566608784183296 0.3260839382777383 0.037159941731319625 -0.7406818741085645 -0.48064794646573356 2.0023415873721704 1.2753161687502805 0.4645890261128417 0.4342689463972054 0.06555215460464624 0.9355767284430857 -0.7258676840655244 0.25961561947091233 0.09391708352118165 -1.8751773619027161 -2.193815333236934 1.6918858188212895 1.29304519543683 -1.5617644478699115 0.074282622644724 -0.6786278786454093 0.5311883078602436 -0.38211951734243266 -0.6683697195343954 -0.6092054877489821 0.6389008919959586 -0.21086219250767557 0.608450397193846 0.91469913107251 0.336091700544456 0.8720799222717994 0.5962601522981099 -0.2832692160623921 -0.21553526354433608 0.3984276409978847 0.4130954403853452 -0.19119898655073758 0.4523682703809289 -0.6508150803800858 -0.2803361095140447 -0.09499418750709504 -0.1191389798141364 0.21540719587823196 -0.21762202741170208 1
-2.5698419578760974 -6.1325962931103435 -1.2362434473848969 -0.8450554232835515 -3.8999212807740804 0.18009868874174073 -1.06040725793935 1.5029705674452594 5.434375045169288 3.0402930740459064 4.302356313871913 -3.5315206124128053 -2.277813268061515 -0.3690748681578514 5.5004884727799555 -5.301624266656779 0.452852161694399 0.010906984382651442 1.9352663868977433 -5.617911061389212 2.281577840092778 0.9250174986850489 -1.2149549098038006 1.3648148083157092 1.8824070934443564 -2.9731472037174287 -2.5739268604558236 0.3716078796926007 0.18911806347156182 -2.3184180446946914 -1.3468935345850517 4.405129766626012 0.7672393851332933 1.3342322833101885 -2.9786830929075494 -1.8257431872386083 -4.074218396515021 0.6655867134330999 0.93644296563396 -0.8245572006828532 -1.4620568871090582 1.4888613770811963 -1.0478744745201725 0.2887906987064853 -2.208795645419692 1.1963818371099073 1.0045618641817375 -1.2951426917030109 -0.19707152464218977 -0.9506098981057426 5
-6.961702685557457 4.865219432246291 -3.8139756626012558 1.3698005289491832 1.7392727733252653 -4.996702048230835 -2.66200167370031 -0.5035950059931638 0.7235668320946086 -0.9843804141629001 6.737892433874886 -3.587550591576763 0.9244444203781537 0.40610916174989153 -2.1915877739992884 -4.442544166339011 -0.46414490814063775 4.776442992265157 0.20395374273809438 3.0819614134656588 0.26519390711058494 0.5965057625568181 -2.457882258707147 0.01227790334027153 -2.228966014522144 0.7936896494989223 0.5696771281822445 -2.5111446117748812 0.23506261530600422 -1.6938203185778369 -0.592710041595479 1.0924371730776077 4.301816103362701 -1.9644519004262173 -0.21721086980772508 -3.205945742723893 -0.6273246765771545 0.3696698912395978 -0.3281736471420041 -2.8540781669197584 -0.3815796339990462 -0.4188516281986036 -0.7633533059108335 -2.9192719868587607 0.06584140795646169 -0.6025657691852352 -0.5632351472408164 -0.3024173251932592 -1.3012383401629233 1.816757957047256 9
-7.956558052345895 -3.682793250840026 3.25882124715819 0.9108475595961123 -5.792371180188713 2.7023145681710368 1.5964217213745735 -0.4229517741514258 0.7799944675587905 -4.523705179881688 -1.6953973999979872 -0.8504547706488591 3.3550292195633094 -2.9687381873472707 -0.48454763468696904 0.034937035908857675 0.658420226181258 -0.26059635694497923 1.3475580898837212 0.713106151097933 -2.0065710587818217 -0.46810417651171343 1.1080105034684669 -0.6263590853805117 -1.7645819609376565 1.0456458177161214 -1.193269471383735 1.3664160009074766 -0.4663396747085384 1.26284187866844 -1.6102173596451326 -0.8385444152734107 -0.1696933938544281 -0.5932507463815208 -0.8099241552477301 0.43387800923340947 0.7160544724875929 -0.3167153371758793 -0.319978720568933 0.61937252102543 2.0409530178471766 0.02608450377996698 -0.3453016413910203 -0.2302259394003019 -0.733145451745094 -0.4424604852493209 -0.24997086648833258 1.2337867570579073 -0.3262452490764485 0.8532875211728183 1
5.005637972553567 -8.006356020471578 -3.127177459799887 -3.272804562639803 -1.8560985801553174 -0.7832175974847096 -8.494913090804989 -0.1793623753222615 -1.3686451942121216 2.8848494740130204 1.2639235601064893 4.144174597599808 -2.622927583651848 -2.7866183823669375 -2.9561968416704367 2.4931616819598674 0.055849785103983564 -5.2799041044910515 1.3255503311194545 0.00040708719861382156 -1.3714213004692786 -0.42553587357068556 -0.494739826354774 0.3851936986777661 -1.9738648588242087 3.0616011914532124 1.0705920016928687 -0.04103037460973836 -0.18152886334985233 -3.0215139999581386 2.5292715740867187 2.583529131678578 -1.938428558665295 -1.9331429611833066 -0.04177149917735193 -1.5380675454440906 -0.8739500169585521 0.5001757750737182 -0.8358439260809639 -1.1191149062510604 -1.6415653454132368 -1.467052561060419 0.5339275910109731 0.07301277601932263 -1.5300359175437248 -0.9551482110805463 0.21488833565029267 -2.442748220053629 1.7314763553647043 -1.6387780939116354 2
6.318424515761128 -4.96555007908266 -1.767742337960503 11.246706181613773 1.2210062920084697 3.688734102291922 -2.7222860001573386 -1.4306861954237264 -2.6963667741137685 3.0793017487402463 0.9013536201647654 -1.456422970420868 1.4447979503195867 7.0439799729972465 0.9318991223508334 -0.07871539112537754 0.38074168775261175 -1.816035712870282 0.00028750504485885846 -1.227889835750251 -0.5955230652305935 0.4550797621718069 2.0470233037615246 0.20399703324605584 2.124851182389898 4.256760213204341 -3.10860316582123 0.5516772835099993 2.2612500229929626 -1.600142486902983 0.24165614880902136 -0.9463194999209437 -2.2929091319135835 -0.24593260384999188 3.317088167494294 -3.0264911623750774 1.4173549186702574 2.447550545280716 -1.9977630860817408 -1.72898859775247 -3.278180867225286 -0.12134674371527727 0.9999436342733777 1.1238921314544021 0.3422571364118209 -1.0902295540880413 0.0031879804502603737 -0.8684291434999144 3.978025522418659 -0.39859184370509504 3
-6.148052757204625 -0.4274710942756214 4.3180313347941235 -2.3310046829315954 -3.435618397640904 -1.9873889040052173 1.6753249042658094 1.4745543044691714 -2.8639359556932265 -1.3001659427532402 -1.1339929603790067 0.6658636925686016 0.43492167031106893 0.4001046499941437 1.5409589420272256 -2.18751538496925 0.37386526635982603 0.866012803896342 2.4446117711190323 1.6685145830811758 -1.3463302278975433 1.453139820589699 -0.06673192197667148 0.0019631130193841456 -2.332081906441026 -1.8331894152276689 -0.5075686501517712 0.88694935486396 -0.40550620216095995 0.4684765659041981 -0.4827224106735632 0.44072711122602015 -0.49122736812562384 0.70215479747149 0.9697219918788386 -1.1660274221356988 1.5173954677071895 -1.5134232285339604 -0.09550469764587484 -1.0489014112727715 0.32875592937523507 -0.058986258787196974 -0.19023235776628578 0.25881946142214324 -0.4794271214340637 -0.899068546268657 0.16104239639696555 -0.8032186294865052 0.5056023718937388 1.0095073797228007 2
2.451124545706526 -5.068999083915985 -8.017423060543226 9.792056648902205 -1.213565876042854 6.875516091244278 1.5043623956212726 0.5776863902038571 -4.102773606027007 3.5863535843203342 0.8333963643011277 -2.820420036905075 2.776209542366443 11.865520814240941 -2.001805127180363 0.3812683651091202 -1.5596686921921048 -2.8188633718795164 -6.122407762258675 0.13010639199225993 -4.260147807015112 -1.3291050749226512 -0.12986118925782444 3.4788421558942115 -1.3355145383928557 -0.16360902556756124 -1.3631565957345944 4.570183650438234 1.8071382623029795 0.1970404101427233 2.9690348315714195 0.07893205037961494 -1.534366536223732 -1.169433346386545 0.5094425561551623 -2.219463274913161 0.17721620735106736 2.917394993325866 0.09802086162184956 -1.910526311729482 -1.2847742438467935 -2.6693578209819493 2.491487871413238 -3.252627044275102 2.0390398070810716 0.056884714072498725 -1.2207454361606547 2.2436726581715725 1.1927603017761383 2.454884392333896 3
2.9986348391168063 3.0611890884274597 5.4955774977552 5.099312969970037 2.938783213680026 -6.310388478800623 1.4445607074042455 1.5175978032349042 -3.5145381191760734 -1.5254765021193042 -4.224224678562399 -0.7597459781992597 -1.231893256688441 0.12800488000761867 0.5880391486817106 -0.8257876599772588 -0.6126741082390204 -1.3587127886732826 1.321476208641951 1.1693650415372534 -0.7700609676434697 -0.814411004009242 -0.19450139894542648 -0.6180602287750461 2.6629395240420877 -0.1510750345151565 1.2033887961133163 -0.5863642649481049 -1.574553815271863 -0.010784907426401985 0.4570246728754596 -0.5274153171153219 -1.4300476980310983 1.4011555754876797 0.827866103731335 0.3827900974009856 -0.7272141873353034 -0.5643203308753548 -1.1870229812237199 -0.3330789977637246 2.159421548510936 -0.22794819768482016 -0.10296789265677271 0.7253871896967755 -0.1041412828487944 -1.2855109197144166 -0.7286479760413878 -1.6103880307828755 1.0218139418728545 -0.9497065357222253 5
-5.744673449324152 1.820811341188038 -8.144014319078465 -0.4181311943851377 1.6587988226565302 2.481256313433818 6.076520445647767 0.6392571171446727 -1.1177038216152568 0.72476421153728 -0.03517809025610563 3.86105960955654 2.705843312990901 -2.4654753067662365 -0.4396510395421728 0.18820821768916032 -2.627586594999907 1.5138983537548136 1.7693247476259635 0.8648842430056969 1.682422476415236 2.166750845432136 1.4379109851495584 1.498682788439554 0.12201995520811727 1.3552633521048802 -2.346865070636448 1.5651462645604797 0.2514322145937123 0.15505811409943407 2.1910213201475206 1.0976627203926455 -1.4592769537069967 0.27718584997049156 0.7345774468262928 -2.754957756561563 -1.3188250105259363 1.7044142448677617 1.6103804430052553 -2.59373895955074 -1.7453582072823588 1.2736358650556137 0.9380402076547736 -2.26336738146173 0.9092770882812293 0.4354960182571781 -0.8231356524663547 -0.7302139604541605 -1.834686205389354 0.6138978361454883 9
-7.1352830159933625 0.15070217983779507 3.0984208630460746 -1.8103522726229249 -3.7394552017718112 -4.607117581960981 0.8024522629518782 1.0180147848982795 -0.9090967751083993 1.2014147593303282 0.791739047430332 2.1075679087933983 -0.595884638776146 4.058901521409337 2.6469460710709005 -0.021009637892431637 1.0859709582971093 -0.646876828706251 -0.3597809917591715 0.47428545445077425 -0.7452619907684118 -1.2853115427896444 1.3938616924314664 0.940359308061525 -2.3941043681782728 -1.1568901762299175 2.126798150867216 -1.948139340264573 -0.23918043881960088 -1.5277754594501942 0.47054712142447336 0.8823788717840223 0.04539997424616464 0.25672771124572163 -0.13994279713509544 -1.4547724904165649 -1.2394912554454407 -0.5967192429875565 1.2640968720873582 0.7545860309842318 0.7482790319809046 -0.08582937480698451 -0.8036815491039534 -0.09020570804953121 -1.00807552394177 0.7264041478723398 1.1036241525601709 -1.1987668140176098 0.09508896562399093 -0.9821136788433663 1
0.5662184347375646 2.4692601277366277 -11.745066702195784 -0.6787277068913509 -4.781315885389822 3.6462951501776177 -1.6182916763750614 9.343201513157434 1.163711144868907 -1.3313424722721217 -6.955031551563236 -3.7804459759208346 1.9522064983989815 -2.6515303122591387 7.474724033844977 1.464062221389082 -2.225195222507687 -1.8812179765519415 -2.4402040271587677 2.7688299487136057 4.340500078397855 -1.0362277805278663 -2.344592897425119 1.602497314123714 -3.333103791977995 0.24759746320122134 1.4392891486666022 2.2835196346994975 -2.7486261736526463 -1.2094380202692094 -2.290860445685446 -2.8471598786680454 0.2343083842187542 -3.533792240884617 -3.0034023403391488 -2.887671427437759 0.9621070122457736 -0.04935676242738084 -1.9907257613291816 0.5871666884392447 0.3430462996436392 1.2533566961498133 -1.9437961206201808 -0.17109057540748102 1.8395082190660568 1.7355146900482388 -0.9509385621162879 0.43214148510763906 -1.0881199165145683 0.3444928812722429 7
0.5914281652961042 3.2773215849808794 6.047867209980122 -5.343462404567562 2.1920092456585736 -2.225785151234712 2.1820071685296023 -2.6454247530030766 -1.3614070718619429 2.9485064340009686 -4.154255710071307 -1.737492612977429 1.2673893789045099 2.6399799063621128 2.2184487309207253 2.3170710438785718 0.719313012786515 4.378551102761662 3.946691575017991 0.5525561940944327 -0.5799081322282833 -1.8335896081878478 -0.9971538593287362 0.287677714071772 0.4668624335405117 -0.054146124272272896 1.4431471616110403 0.23173901937825508 1.6279445305650269 0.3418556766974953 1.7490123719070443 -0.6332659094043172 -1.7707517954323038 -0.24867617242923576 -0.019437374908713726 -2.0264542052712287 0.6239153182371913 0.4769877695845431 -0.17534950986130937 -1.480720380892197 0.770997426268065 -2.1658047631312813 -0.3225613831046888 0.10350995157458392 0.6115589459131068 -1.5598848007614274 0.11587879494597805 -0.7851696250001615 2.504424313273303 -0.3592727926533226 6
8.979639252755398 -4.816232499961438 12.490689285723825 -2.7564094815581615 0.5222298575361599 1.0925355342967351 0.652916328791298 3.014737219955198 0.779640528328122 -2.7876601448714626 5.828922180960844 -1.0198460692454132 -0.5310070284402522 -4.491246227847917 -0.27385316194567944 -2.1790509628843893 -4.978713555459866 1.479626467420912 0.8957994451425223 -1.4288771902689374 5.212024939609213 -2.616590462673646 0.7416809489086809 0.28185512499794246 -1.2324048474114557 -3.2081651249081995 -2.2279487272461567 -0.3306502538169941 1.8135427194733211 -0.8321720816092173 -1.0719446370637364 1.4179599565485501 -1.7647047752651626 -0.19157110237054714 -3.7999888299529783 0.12069126757498157 -0.9300286924407958 -0.15636515916351612 1.0367955284721813 -0.3015255905903404 0.2264139910351472 1.561223260566597 1.6385045180311555 -0.3062664879643577 0.7059685874717186 -0.6963771466916375 0.783498601255629 0.7272188518734123 -2.6625290586552053 -0.6252996127792867 2
-1.1377772636325894 2.6262059156288577 -0.28408006088472476 1.8214463352913952 5.04569917313761 2.9859514000761953 0.7383969096622223 -5.4906510858070074 -2.475015380744538 -0.746623861435061 -2.710585035568486 -1.8596555104469366 -2.138252648334501 -0.15036419474635307 -0.46811514657481507 -1.6792347439084212 3.8604903667223605 -1.8167324116389658 0.03476286916824862 0.8354533410607194 3.2647751609926243 -0.47228292593437887 0.0825908536146332 -0.525190171954849 0.7270207163022993 1.9091908314164328 1.8172758503000563 0.959071061349566 -0.6283706819442458 2.2226998906249356 -0.5796841730640888 -1.1168770115808153 0.7537057254609597 0.590744741813547 -4.0200140247454295 1.02009790110319 0.537188051354911 1.4685408397280455 -2.198494208780912 -0.34167205577529236 -0.11041037016102398 0.057113036603249484 0.2252527927374198 -0.3651927460390255 0.3685225364349052 -0.8888669025146296 0.7077775269473656 3.3250560552874706 1.6183035739099745 -0.5740681049902131 8
3.991430207945311 2.2091317008243854 2.706182926691214 -5.294310163822189 -2.7141954984435617 0.9364515172623471 3.7711302438636034 2.0547626341691605 4.0383956451199055 -6.5521509090311625 7.420392455360473 -4.766705001276616 1.8406289997659928 1.2335372575507284 -5.239009387436212 0.9821095258556544 -8.124514071493612 0.18039990435338205 -0.4312887938890426 -0.8606205213570143 5.308298713237537 -4.825728125132031 4.049429007315436 -2.8212051240835443 5.145018001242062 -3.1681201052897174 -1.4535448137908733 -3.678110879275239 -2.8279359796857286 -2.7195950724311544 -2.742040913157351 1.234401917637842 -1.2735398624305763 -0.8898853459135994 -3.0390636884362645 -0.06184218090485459 -2.5921098676951364 1.1412909898603492 -0.5084943344535003 -3.8536420656428 -2.866260347399929 0.8370779487913836 -0.2911758503184678 2.244673213391162 -2.2659615092524743 1.6356276628635154 0.7915955010513079 -2.032036614010895 -2.8802652244628018 0.6813919846969962 2
4.354054572232211 -2.887651139109562 8.546960346152371 -9.601547775881222 0.33165282147052244 -4.349747498792282 0.4527235283253863 0.9209363734853617 -1.7418788564618775 -5.478631481055108 -0.44729453107457456 -0.14107632721709834 0.5906764264862471 4.991953903213616 0.050176236293730976 -1.1891045328538579 1.5030331753103785 4.50162360574057 0.9250926536055575 0.73769398825398 -2.2181685509586164 -0.5225790705855522 0.8479941575757445 -3.4884616134709194 -0.10530961544528583 -4.069563320788987 -4.0310933193871445 0.5257763567216829 2.0499628578612907 -0.402778619215128 0.47640648277837055 -2.654496268510608 -1.5582712981023934 3.818471374233595 1.9094840907825994 -3.3146674444786295 0.05873978176502269 2.7323438511971947 4.597405072667693 1.1632473103862797 -0.5700495158079608 2.4112555092271397 1.924904718233116 -2.002864365278404 -0.3875634666551016 2.401804975385629 1.0862114538725034 0.2558775174348247 -3.190417577693206 1.7350220214559098 2
-3.1224677781510857 -5.43842885725435 -1.549157094196279 -2.79300919069398 -4.900474209420955 0.06404185096484591 -1.247131477240096 -0.6663661756105729 4.279858394840576 5.0394629284710994 0.9019197466006625 -3.1056939688056007 -3.3565732675779345 -0.5948938698359147 3.7071511225703424 -5.104039304018523 1.4436927218309095 1.9606300922599629 1.511380115679247 -6.640380477911413 2.820646653754482 0.8340140555975781 -0.9826649087990216 2.3069588946956503 3.402140623069851 -1.734012525850801 -1.586233501980634 2.2240615178222645 0.36880648603032495 -2.589523936156244 -1.3006673010967946 2.6184827140011477 0.5382533807781062 0.3120534467693141 -3.0422859503523294 -2.0203739912502736 -2.3073828555519262 -1.8475896121345605 -0.532866285325735 -1.5369462452925724 -0.3335102399284503 -0.7250322324866427 -0.02153636548164474 2.034060149930858 -1.6922021723304985 0.8558956699593515 0.596004211100083 -0.4911179149293033 0.032551425940229854 -0.6825682126819461 5
8.88999473386372 -4.249233493434797 -0.7920256910125285 -2.824269187793588 5.840545708096611 -4.821291684795156 0.004228397103185681 2.1040053894376394 -2.268608273082302 -1.2299195055581171 -5.958119044647383 -0.0638976769777065 -2.3981734386355456 -5.160804970246408 -1.24695076277803 -0.09839951097547245 0.197810345378219 1.907881663816983 -2.580923280725384 -0.911508199116879 -1.9670669521408481 -1.3378525877517076 0.1613121630053625 1.3347638912232374 0.6405345024302662 -1.4316447340245024 -3.246054020358282 0.14489994255545557 -1.0289127283777637 0.9539438483700019 -0.3146998838141237 2.2315105630846106 1.7654244032908428 -0.280886719451064 0.4845512498773068 0.40864756519688383 1.5199194324350536 -0.7919094166583677 1.1409113820205807 -1.1057788620976832 -2.5463893636823243 1.0018920180029771 0.05998657969603993 -0.11609445609345373 -1.064218324495241 1.4956272519521479 1.996438126715796 0.1226600919487254 -1.0172076276168849 -0.43857211821934705 0
0.9763235644728029 -0.7574068968839708 -11.097044712379912 -0.45211175834845274 -6.394022106930814 2.468435507647391 1.0424373793901855 4.040292372913839 1.5766786474321666 2.526107822894564 -4.640640637020286 -1.9492386659576675 3.008462710822131 -1.589844842191325 5.092569539597681 -2.4072542715057663 -0.07659579947732405 -3.1019798152150373 -1.0424267460206673 0.06302524907681856 2.393418959486534 -0.17977734216026545 -3.662692798611039 1.0417219273902587 -2.06602553785928 -0.18279356768799987 -0.32049216545624076 -1.8158582682506634 -1.6438719452249833 -0.6910392596504487 0.8921841110353228 -1.794332619838917 0.5588845934093134 -2.817198372706034 -3.1587011982556805 -0.8707252675849979 -1.1501780949376441 -0.5614278906872705 -1.3970484954686468 0.9809395754553312 1.7968572499785933 0.009400602420831254 0.30582822548505784 -0.7506344610579908 1.700702422832224 1.6701671257948805 -1.0736714477592697 0.36876580835944955 0.18422367622401967 2.8671380848383285 7
0.6961934677122741 6.311304379637641 -3.8317085930931634 -1.30069261470825 7.439151790073796 3.3377897768785627 -2.1042102949257777 -7.334498505792681 -3.2752003188976526 2.449278792845772 1.1661541377200653 -2.835230441387047 0.24614419370900614 -2.8027667028236896 -0.4172783999075992 -0.694494248343915 1.8624010855765099 -2.5918774745458792 -0.0881406112916073 -1.2371705315428492 0.4595735592355186 -0.9177162874438959 -0.7494079354830767 0.6545535308679706 -1.5508840999122346 1.421804754478351 -0.19123501226310208 -0.06055115882840828 -1.2240051518137403 1.424971660716963 -0.06481030259909851 -0.21041799374835227 -1.6349289836462988 -1.196474816158208 -0.9531915646507512 -0.3785093156109711 -0.8800747455015956 -0.023743249215110934 0.8916395947866529 -0.20909068141922613 0.25845046189783893 -0.12610461719337246 1.450881203397952 -0.515695883384322 0.5926983709486499 -0.7141236779374037 0.8742509277922286 1.3993921853479159 0.5886271328835804 -1.4573127510530743 4
-5.545684397091299 -3.13013707167872 -4.316524867488868 2.6242348923808856 -0.335295704325412 2.478151176541693 3.6913623848370207 2.1697265458953043 0.3847961236226509 0.7766225649323135 -3.185961179603352 1.501447968204564 1.9761419024712 -0.36236418785658725 -1.2551819279993655 0.2490713456404287 -2.2167659743823815 0.665785809343128 -0.3357931340225915 2.1865488804099193 3.9382196431523933 2.5423674476369693 -0.4827239324013178 -1.3030845485498739 -0.8972607923095895 1.907859619008987 0.7997450719903135 -1.1424433110238623 1.5351867578555807 0.7421568954304005 -0.20937558838383394 0.7125690375597837 2.9069715380844627 0.0921576962808889 -0.787068004992238 -0.8907819520521555 -0.08160165825259089 0.898570136153186 -1.2472478837077414 0.6537449300156739 1.2036721705966438 0.25764458914582244 -0.14416930424772825 -0.5386985303666203 -0.9520375024869835 -0.06353468664142799 1.0242059277466145 -1.287146160596012 -0.36630010367509935 0.3920218712616003 9
1.2131734787047062 15.101373707013781 -10.296509522835679 1.4380399793578154 1.2392028103319506 -2.8221231409306404 -9.77421863386613 4.770676999178447 -2.006580202132296 -2.957646546382747 3.005870666690948 -10.389220270479349 -4.035165804610059 -1.843854231860254 -4.412177719065071 -4.461831695663105 -0.42858964815916645 1.6402934498663089 2.000270384158488 4.29868988426462 -0.07509386721173951 -0.8617388805010319 -3.9476359194753474 2.6141603273352163 -1.7430075845705966 1.3421307495989783 -3.333088971597617 -5.763770280488097 -0.7030399332955692 2.0269456692581067 -1.2931080026810093 -4.450470641451368 3.557149595067391 -0.30213695081286424 3.407618337260258 -5.56776270648236 1.034241644299994 0.08575013005368948 -2.6760075738562947 -4.894161768089252 3.8564351498980805 -0.23624760529869945 -0.4259876326111202 -2.74888020133756 -7.967785944953449 -2.812354018618559 -0.29126897661827933 2.4041211548929255 -1.5404888030211794 -0.18840511082596392 7
-4.227307025208308 -6.465488233449103 1.259594612645524 2.6917529476715805 -2.7400189873559393 3.3048591534441996 1.5627157170332715 -1.8574745971265552 1.9786652991789897 -1.0008688031000854 -2.1940774824857705 -1.1356414372106909 -1.5584380327986198 1.883131844423766 2.0539541955907317 2.3598195157519073 0.6485462509728109 -0.05842931552943135 -1.8213381454738498 0.10718039336152423 0.6443320110590118 0.16888327736789682 2.6824885919138612 0.05484401355296148 -0.5853522512622105 -0.6716831109861298 -0.8727755769303757 -2.703209833899544 0.4893633013982043 -1.4437964122104587 0.2852669160780305 -0.4044453471980265 2.3971903059084196 0.7953649484791528 2.1419165792698207 -1.3241692095921858 -2.4205747443503753 0.712554029696658 0.4677928359814988 0.9848580442258714 0.9778532696512747 0.029476765140635294 -0.2506500869622175 -0.7873451712866244 -0.5471623702617615 0.78912401247294 -1.470369332545236 -0.46532830680754117 -0.5503104604200211 0.6069496447663603 8
-0.4431919934095088 9.42317733280632 11.2663193466488 5.311569115533895 -0.33552392767219036 0.7386588526776859 -0.6246869548592375 4.790453670532336 3.4526145815082723 3.5649552021665456 0.9962419503227896 -0.43641545173264257 1.1343260481299713 0.5496135650709887 -1.2312323313456088 -0.6494496744083974 6.265321946147663 -2.2900993924931434 2.740721231917338 -0.9997028764358891 -0.7847917102880203 2.4646856531334373 -0.021545541771433627 -2.4807317216507303 -1.038292057584218 -1.195699769243959 0.6281731890589574 1.3029799290892463 -0.6908973666712597 2.400123638999987 1.64597087839489 0.49646918027439474 -0.7219819736100075 0.1389070457672237 3.166274246953908 0.08329316970073258 -0.5229852134413222 -1.994784469985178 -0.5773437768585548 -0.8834587409895176 -4.575974658872812 1.894849961510083 -0.17830326480529674 -0.6203596869621638 -2.3019707909493996 -1.54706657243299 0.03590816039187408 -0.6748418887542876 0.6444275906640183 1.1851349820724268 3
1.6179582533947048 -0.11886362919007615 -1.4128841672555743 -5.476520899019823 -0.5582544666784035 4.391420667728015 1.4295572390786393 -1.0568099889616616 -1.5013928217631969 -3.7166520753018393 3.2447244243240534 -1.41335089589287 -0.831986762199001 0.4280397224349389 -3.68499109029243 -0.1666625031492206 -0.5075374495869907 1.4205361707409816 -1.2123677884738497 -0.4787422922288778 2.207659159228954 -1.6329496527198355 3.099365702633529 -2.43978354667373 3.894388676920334 -2.4764284524357185 0.7750881648749044 -1.7117380703324507 -0.11418254781426701 -1.7050679375853206 -0.16719841370800914 -0.28876000022172976 0.12450169689057804 2.123460677501615 1.2010426157155742 -2.029714628110828 -2.077854017345908 2.9672530499396106 -0.46375040310358606 -1.4864667026812186 -1.7198409589257992 1.0976019525273277 0.5128857986678321 0.95765378449248 -0.26703427627858134 -0.17503997910678862 -0.45876634546305683 -1.6912208425790944 0.3589982691489089 -1.256694285361889 2
-6.755770883494745 -0.5654681307835465 2.164497634193865 -1.598942808278177 -1.5611319232007084 -4.901447965935193 1.3572788333644723 2.351132776401015 0.44367196218838867 0.184472757750524 2.159579419024267 2.0229597041227616 -0.7296927650783053 5.173438123986256 3.383717817581315 -0.5746969667775088 0.944369019615062 -0.7136616835968028 -0.8476316245392728 1.2408261668539442 -0.19586748957192998 -0.5930295869063928 0.9854045356508337 0.8004681668233278 -2.634744877527356 -1.389213204494384 2.3393967701680602 -2.7752222326934897 -0.09683420402969573 -0.8863733830044598 0.9479780812651667 0.6984645218380114 0.09200421038104273 -0.17186277856429089 -1.14318354518202 -1.7271742520155169 -1.308830659150183 -0.9207467286842974 1.9572787646508447 0.7318588757814106 0.7822860066157231 -0.024197722458521174 -0.5077252706310288 -0.10909801827322427 -0.8787017840809582 0.8914680905928806 1.2869336138906804 -0.7572896626084524 0.041170625083546374 -1.241704471392496 1
-6.110637524824505 -3.6074433198366975 2.893689914379135 0.44753693562961794 -5.169696881589647 4.7410364762472845 -1.5410415472305106 -4.7071443144216465 -1.2793492601099545 -2.545562338257303 -1.4104830991826534 -3.8082793918096356 0.9899480313058819 -4.279141210835183 -0.8280938539150083 2.4594965477617414 0.7579783999481373 2.2865062509645186 0.39834116037843653 -0.3332579128514065 -1.4228915642246385 0.3264859811171223 -1.4416862839795592 -2.087180410862738 1.0573658692277768 0.2873751015741386 -0.5829022186200252 -1.267262848696517 -1.0049702159720177 0.8044507769348824 0.3420449086267628 -1.5451811630431966 0.4802172014318802 -0.8145237456452482 -0.504426307446886 1.0907451907022123 -0.43974367504811473 -0.48045904295086955 0.0006837052640795489 1.2491966074470195 -0.7057045351097857 -0.20145284974201588 0.46256968048670344 -0.2991078085744683 -1.036696163311894 0.3572008876914237 1.4311502518716785 -0.7131963610068984 -0.10444785437266087 -0.11748913339619979 1
-3.515517069815328 -7.586878238463385 -0.23603387090914224 2.9197352667884497 0.31651688993496263 2.3965942617457303 -1.1062526853174837 -1.5326385850843423 4.1225635466417545 0.06780053664023193 3.0136173236473964 -0.8280748872184138 -2.9948193405215644 -1.6451661361752619 1.2454333620933085 4.131189090031416 -3.6162324762790754 -0.07110369682609784 1.7783164425366298 3.123580883074442 -0.9701453410097314 2.3040614256027165 0.43841045334938783 -2.98014986909952 -0.5948954891904656 -2.266289339998153 1.6328105321735094 -1.531063567941423 -1.3343165924307607 0.4114460374180047 1.6247640665018126 0.05448927531935941 3.99493934746918 1.201532238471464 0.42852904473842157 0.0651133578709069 3.7069187933350873 -0.5568971537010453 0.34520470557656496 -0.4950361400880528 -2.3338152350977976 0.4167896525475149 1.6149500512053878 0.46994344540500926 2.572682905423721 0.46100606300163277 1.0927975218298318 0.4706204303656033 -3.0654537349744633 1.6665084398902352 8
0.9721839605751774 -6.3733004732716365 -5.256561875851023 11.053934264554282 -0.5852347128357037 5.049324737390249 -0.07565302520657229 -0.7559465838878365 -3.2928481126345734 3.3934757715712243 1.794621530388126 -3.365883316974972 2.0920973494915844 8.931847735655243 -0.3760694158313303 -0.12201278401763599 -1.6311449229079455 0.019395333193980742 -4.966425821770451 1.245695382576436 -2.694646624989294 -0.02252764565021564 0.6883205624551199 1.1421540173730367 -0.47224467197337117 0.041632290504425275 -1.5442724028292278 1.4769377018841456 1.542774706327229 -0.7550955950183865 2.2364921661917156 -0.3201594928132846 -1.3879884102898947 -1.1883684587631418 1.0858253467152312 -2.7620895487467485 -1.5011925231691565 2.7970438295178317 -0.2402621658339871 -1.1741751513710303 -2.196087899940796 -0.7663674253357711 1.809609815448787 -1.9075272895939015 0.4558707183479033 1.4875918312345837 -1.1478352145513777 1.0579437281974595 2.300269989645068 0.7073355628666336 3
-3.775655498912059 -1.6200654192739201 0.8956918997257838 -8.084085571485595 5.779177588009015 0.6547064362543522 0.1568979774311463 3.2439573884490165 -0.5853369440780708 1.2746361355213647 -1.8515166790147997 -0.4721965399925347 0.8728348527625289 5.5979102242745205 3.0194065487843607 0.2274420498373449 0.24834401825201682 -0.4812800695636334 0.5865976405402284 -0.5507205624605066 1.3052399756981452 1.844282411405014 -0.4226326721487645 -2.5532247195463595 -1.4128093523042606 -0.11553219407724968 0.4399665459580531 -1.4814707855623441 -0.3752721500037554 -0.19595329940796039 1.1655741879756178 -2.6804658065558615 0.8709688984749778 -0.20688391580934262 -1.9716515529077951 0.1215595615445272 2.5817227552332636 1.6569298756036 -0.09483106411657093 0.9813578170683595 1.5976892878317241 -2.1834598659461375 0.989765907559193 1.592702500116924 -1.4889519960047977 -0.8877479340460599 1.334472837754049 0.24496429925206795 1.6272695935363837 -0.09240706385608072 6
-6.102520272482522 -4.32834376951361 5.382353205902521 0.34952149490890244 -5.01951041010623 1.7628675947157406 -3.4609057866640667 -3.438412187931741 1.0915698984697628 -4.025542600976666 0.10129859254995509 -3.8223716203883167 0.8616356168419947 -4.002959634261915 -1.537637963106023 1.2666928868303755 0.16506544388792438 0.8004176504362795 -0.6782729056572884 -1.1702590277528804 -2.2344908722193906 -1.3901956035912324 -1.4466864184915522 -0.6819616180118618 1.5157405493008955 0.35749728640635686 -0.8664680306925928 -0.6042415811512187 -0.048485086376483105 0.021680812810866344 0.23329368769564118 -0.36639927028940805 -0.9520294819408054 -2.2321772881529447 -0.41400337156375205 0.7690729916901273 0.6610550544696486 1.9083166111045167 0.6304297738305775 0.3120211384508166 -0.3389780791244213 -0.7218889237852216 0.24532933935918388 0.012220918990380735 0.7250905664949019 -0.04656494048612815 0.03189458072305042 -0.14049774693450112 0.13641074277827842 0.7429313654657544 1
17.04245699082493 1.5037154351832025 -3.4056430490921312 7.101836551139193 -10.89476663882185 -3.669127406643255 0.27140135758016454 -3.7958179382334674 -3.612145882957198 -3.433056513791924 -1.6969279582897834 4.5941578317389125 -0.9734829695567506 2.1190388355517538 0.011018922226871982 0.6619471880464115 3.5276560446997363 -0.2750941420551095 -0.350885857098759 3.007973491619276 1.770677318186746 -1.9624088581855694 -0.31996914954877337 -0.9708662315398827 0.3705614223959147 -0.25943253228016055 -0.4265194003689724 -0.43764852686719546 4.526078858109579 -0.8122651533986801 0.7103851976431783 -1.6258616622285262 0.16801720906913953 1.8446008140474213 -0.7247834555481215 -2.1584444532182037 -0.5008341966033474 2.4140848669354997 -0.7556768110281885 -0.4720097117359436 2.2103429091419695 -0.38799890288870964 -0.6396023476885342 0.3986034829479624 1.6311876140652735 1.6518348225473836 1.0006005351213052 1.6130371915454185 -0.6755578837566586 0.8014551368827709 0
3.7760890596837404 -4.950956000938297 -5.063507826461486 2.771052483451574 -3.464661763316479 3.429773163678588 -0.15940058771198093 2.326655484516622 -5.019642602603888 0.7599428262207394 2.4920146514248036 1.9970249726744986 1.42735111887944 4.671989175013157 0.30016109752581244 -3.322309271026105 2.846686868293712 -1.0450092606725592 0.09160548955897958 -0.7483578796763821 -0.7884761159318612 0.7284608220977564 1.6066915766120815 -1.1400710455750738 -0.1605246654900979 3.2496282155998375 -0.34281777546013775 0.8284045973388922 1.7363035210788196 -2.4059698417177366 -0.372684102000787 1.9120272228956057 -0.3622197303908128 -1.8140185984919583 1.2902004627394645 -2.392825234074627 3.518749805720819 1.9108489228073007 -1.7838519074784802 -2.36595557689756 -4.00792351397618 -3.0021241632974167 0.8564141183014704 0.08041573861716488 3.1358707486074495 -0.8001782149304546 0.39957743226522807 1.038257134311809 1.750354285584606 0.16294512315546603 3
-8.285698030306564 -2.4165301300657758 3.6810720466465496 -1.2524902503276822 -5.197789573592894 -1.074588673082546 1.2791653775188974 1.2677766071065342 0.6909504035341215 -4.04322522432129 0.1605318769422053 2.0931532624641047 2.684274414006288 0.12738481943705376 0.8901644147879885 -0.3643693401293945 1.1126905910145917 -0.7678148148524108 0.86056911431591 0.8667852965511047 -2.733190325302836 -0.8172166980637434 2.001329947100477 1.7365270655745977 -2.8600645570176195 -0.1307211207022802 -1.7610789489736078 1.010885321151635 -0.48087438417983464 -0.23746162109582686 -1.2206144133817993 0.8934176073633224 -0.5090748180355171 -0.026514552332515623 1.636803752311778 0.17952036652127756 0.9352305642447419 -0.5442210186276168 -0.222908856505577 -0.8573629987353397 0.787262592426651 0.23966935609987025 -0.06629664901786335 0.4884630149573808 -0.23863998991490434 -0.4559508896806788 -0.8550712591468278 0.3574212967639478 -0.12397252379323354 0.019900476878473315 1
20.18226939558981 4.071020911452086 3.036440831932546 3.233836922673561 -10.659357098589162 -4.558994579747677 6.071370960636298 -2.9396477748061267 -4.687062729185757 -1.761662832262481 0.8362498474337122 0.5337074044032708 -1.7562072115743634 -0.8931398807686409 1.4162844336103653 -0.19958650227178068 1.2503862609369818 -3.045417526255656 1.0256729700794582 -0.09595347702760341 1.9951599681788477 1.623799966506674 -0.5864998376600675 0.5654842565909212 -1.746262058257939 -2.099122920106786 1.1147949951726803 0.47670309843957975 2.690915569477687 2.4707025402004814 0.46414580546167744 1.7412188658879058 0.06330687145122477 2.8677772598022124 0.4220067113318383 -2.207514647085469 -1.3003556513321457 0.950797214379364 -0.4221885375671187 0.4940304573243109 -1.2985855861923 -0.6304788638537218 0.14483902684133718 -0.06486871265732312 1.1723556673960933 -1.3784489625419662 1.4602846075137692 0.6335338460964265 0.8834907449826291 0.6363499179280866 0
1.0898975406842166 1.3267152958922992 -0.03612234922227741 1.3642653208489144 -0.3151822767838908 -5.1444246765423145 0.6117937757626928 -2.5583640355523896 -3.576102900690803 1.3342837172726665 -5.463238227650598 1.5366967706418835 -3.9009526793322826 -2.4888064309894595 -2.5928110401692583 0.7851062492027694 1.792882920056121 2.499483592369461 -2.1508776151483286 -0.5357441047287161 0.17573113460633275 -3.306104516398096 1.5931376063852423 0.1515325619756224 2.4578521187702127 -0.6791873672724421 0.9391796066995863 0.3857064716657839 -0.6943442641737105 -0.9640090844600803 -0.9062527900339059 0.4917801028784451 1.4606982108512507 1.2906732725432541 -0.6718725941566875 -0.32545633421612397 0.6884118976587263 0.1504302695780176 -1.2127742819586118 -0.2846824894375638 -0.26205112125764496 0.6322908880618685 -1.2932539021341334 0.030585240391387346 -0.05297984816372005 0.7505050069273549 -0.05300071793626996 0.17447156906508332 -0.3860130569108009 0.2757404003726484 0
-8.08880783816328 -2.871216000478695 4.540296530442553 -0.7092809736228286 -5.395507033676861 -1.756870991304312 1.00037468849341 1.2110224166580874 1.7555560252827087 -4.198356043310356 -0.9426950014409704 1.7186532320714605 2.788214207358143 0.41115453347250924 1.0403563306853552 -0.40955853946490045 1.2411245090232037 -1.1673030922528975 0.9779700182894943 1.0016081069380562 -1.9480463070252543 -1.279458559581277 1.8272015508556503 1.9956611610114323 -2.8322395735914383 0.17193950065342686 -1.701905545157843 0.07512440639732298 -0.6637162678218599 0.22080760702026053 -0.8700080826252515 0.37329718352390734 -0.6590253876191667 0.523373422340428 1.3950620328620515 0.3905213047235336 1.177612404343274 0.11102937529581053 -0.4001318970073155 -0.8577199216851658 0.9662572713479065 0.7886014919799705 0.27475781609640076 0.6082300299564716 -0.7654948822581285 -0.6273261928849128 -0.5484411768690223 0.6827256809966807 0.4171476406028312 -0.15298883818872056 1
-6.631538301562524 2.8329346833275184 -2.379889264055571 -0.13473668405572548 -1.4076326643499295 -5.809047154382158 1.1831781678793938 -0.6003846959546548 -0.9155876119799592 -0.5101696054299085 3.1201107366558345 1.803438706440445 -1.517422252409352 3.731912638367822 -0.707893033833615 -1.1513553492633026 1.5091290659635552 2.3222441522221 -0.3662033134230548 2.8630070564451002 -1.8834831734231483 -1.4213095075437672 -0.7252033958696597 1.0551975850806152 -1.0549090445592582 -0.25055609987030447 2.330832878938799 -1.6847138132166637 -0.42286785858794107 -2.371115011376647 -1.291849320959623 0.843835486778642 1.0325626908525072 -1.458206049226068 0.31957632589396145 -0.8201457572754189 -0.5708347056483394 -0.3523453851147208 -0.44805692612257575 -0.1311497557634914 0.4129088079838515 1.0790191482316864 -0.6269786038516842 -0.9509672882385783 -0.9495220092029829 1.1641912757796589 0.37898633615909677 -1.2085908136011054 -0.8223572976713891 0.801737718823952 7
6.945213442376465 -1.8175990919557425 8.45936681669206 -6.3283727560656216 3.583440792588018 10.010326421374902 -2.878009383428351 -2.740389146427687 -3.251539283465892 -3.705006492742115 2.0341260246383484 4.99947377850078 -3.0275399696005945 -1.3321476589322565 0.9862385138337085 -3.960299048545202 -0.3144384458826342 5.090762873476537 1.5570452124467655 -2.2562753585909623 2.1210681559444597 2.460561454333927 -2.2844860316495783 -1.517949611603512 -2.6056730492668843 -0.4259863654345296 -1.5315916768529294 1.7013810832815668 2.5750699238587105 0.06487287759140642 -1.7098800670903822 -1.470926111319255 -3.1049110384840786 3.276418116517642 -2.3373051679432257 1.2998809179724677 0.7021533758220975 1.1346194123756217 2.334656437947459 -0.12437971669566747 1.5461055823267429 3.562623635538803 0.23841826943778624 -1.7638849485043626 -1.0762316781199204 2.492167695470693 -1.5910699178358645 0.16036810395102835 -1.1606487354026402 -1.2028495015510827 2
-0.6322820613542097 13.621557340678567 -10.090347191751318 3.100495229953638 1.6300785174082928 -0.8679736113376985 -8.766328593278017 13.174944151756087 -2.677182284013752 -4.619716950417378 3.6670461687934943 -9.317236835520657 -8.999380721886562 2.3583687209342408 -2.8834836503688677 2.3710400471344752 3.0761869964782194 3.5642697672748653 0.3401511237780895 -0.5554848806327234 -1.6905930855858178 -2.616324334989872 0.8423501808913169 -1.7009565867946186 -1.9061586825842969 3.527486180342748 -0.6619830068310785 -1.6156123864393352 1.3064552581458921 3.584453481228699 -2.169360167555635 2.161375398664589 -1.812694652871752 2.7197078215691 -0.18258174524647505 -1.9728461873650864 3.6374219634479945 -0.509148352092676 -3.1141281875058606 -1.691987453444494 0.8612167158385412 1.1894221519899368 -0.7421731671282698 -2.362647155010285 -2.8924774149679457 -1.074626270218228 -0.39910777390863683 -0.29450559921130043 0.025949867328901977 -0.4816413819686953 7
2.1176278147261494 -5.212504887095897 6.669490379410809 10.296527538902827 2.175877216333265 1.9521203915802101 -3.457224603954258 3.1740814106322564 -9.519058112672083 0.49700391400371546 3.899785874013728 -0.6728486730354701 4.343412132883655 0.9296301776932543 2.3596907259319164 -1.4254062374208651 -2.877396088985627 0.3139382072686157 0.8914634633134965 -1.5542309256362632 -0.04152539950677394 3.327044963723584 1.041031463991515 0.7620253256573006 -0.5386653200846151 0.9281059377894484 -1.4876733781446336 -0.7561127389277614 -1.2399087280833825 -0.1061878441362333 -1.877805150527389 -0.5570609844203118 -1.881691261711779 -1.6453389457219774 -0.25360089596859114 -1.6839039063413874 -0.07952694227037087 -0.6095627177821578 -0.41375961942036554 0.8002217541763076 -0.6716139384142958 -0.19412711185455445 -0.2474872915900302 0.9341397891253519 1.388327895024116 2.141068390914204 -0.6637976508223428 1.03493938953182 1.4370557106322501 -2.124580342844558 3
3.193028136990455 3.703695563564593 1.2663494962350303 2.892250547399457 5.445474470526928 -3.755061348801537 0.6031779240202875 -1.2177201873908332 1.6045971845296538 0.4671884639164425 -5.587953996383332 1.1635053907017 -2.0195327822289424 -1.7244569691858798 -3.582521961650767 -1.8407998543268749 0.7142781182521163 3.324722030079146 -0.4027513619528401 -0.3013440563134917 3.3624518176684384 -3.2742827604443976 1.5270613539174065 0.19695014696446897 4.388638363156831 -2.2587484691668736 3.333006082568945 0.6200994096847322 0.21016351000199843 -0.061972049750410006 -0.1344021349463136 -2.210447562378393 1.9703653498142415 2.4946010473171105 -0.7571013337224503 0.015000363628676103 1.5580650658830235 0.06364610574452942 -1.5460152344176374 -1.0711017134071146 0.6701663920958353 -0.6787353884528391 -0.5532616425763683 1.037186685682296 1.3591079643330168 -0.3351437243524655 -0.4441324143180746 -1.8162350063786221 0.5423955726072188 0.3842062561501713 0
-2.9986310586954334 -0.10147468731598981 -3.564685629500756 -3.118230015166272 5.015178205809534 0.6981254206545945 -1.927592638725232 -2.094865757345709 -2.069269518227808 2.798745073866147 1.9221059054997907 0.9746484301410226 -2.1526552327417336 -4.125036736626123 -0.46074377901523245 1.4726642761204856 0.18996115110686954 0.4402365170457385 -3.490873073824396 -3.0352843098032736 1.9080011553229554 0.3905630635676363 -0.47232750307212273 -0.04531040171585484 -0.8287539021567274 -1.1904712971433906 0.7621179473240436 0.3957791392521775 0.8484898228904512 1.9035545321650753 -0.21876711813628819 0.5100869271255619 -0.8609528287373412 -0.8466484398118627 -1.9514773824923848 -0.6021510568684361 0.18197299718660326 -2.5638606800836916 1.5669261051157848 0.5018775483266271 0.8267438666443404 -0.6404967898743178 0.05290827605747238 0.399071818205692 1.836265410936943 -0.8119092251306367 -0.1597954635266014 0.41027551043770155 0.10052489691564578 -1.3958319870836602 4
0.987741965326704 -0.31687006058827 3.162660707185963 -5.594436892319834 5.097064614699771 -3.7218858516764772 1.6178285530868095 -0.819460005746649 -1.698117530255567 -0.9398107184534051 -3.7086542971728313 -2.2524066491212005 1.4261046439267038 2.837834560589257 2.2835380434660664 2.6467101848079726 1.5079959549172668 4.556996943071298 0.051255373896207906 -0.6874146499299807 -2.6383068611586933 0.007644427181037059 -1.395034672694071 -0.3240813416879077 0.9283827852059501 0.4351075127440645 -2.1728606191433055 -1.537400620122204 -1.629128758287006 -1.1724248743160284 1.4302121144937463 -0.3928296299213726 0.26392156676019246 -0.13285015452941867 1.0258962176373227 -0.975443301995713 -0.04079662078385491 -1.9565023030423025 0.6046049607366926 -0.9457902481017659 -3.8668071376448596 -1.469831003249966 1.2758220260287527 -0.9804542677650767 0.882794010493701 1.5316857097050747 -0.23909460619166878 0.15851946709679693 1.2217031170643142 -1.503532060171578 6
1.6373080049141115 -8.157433151313873 -2.3934374167491552 3.7516367132732955 0.5442237167998029 -2.583201178440071 -4.318897059398475 0.9903107677167623 2.1801438966338376 2.6905055967374967 4.441280821662331 2.3353878760580136 -0.6625854342525529 -0.737930021922312 2.0036909128068823 0.5536010228405476 -2.9535627182999913 0.45859518621862705 3.9582612714091683 4.446445328736235 1.7240299201252083 2.9406415503006516 -1.6608406660772899 -5.588662515712613 0.5099357167323084 1.238077394751766 -0.015781895493992885 -1.4535222666547225 0.5782087528804827 1.363900430881679 0.7617022412601522 0.3120192320106297 1.6877667899955722 0.8540404142783012 -0.3555515260151813 4.160305500879809 1.4193164744655409 0.9636622856929538 -1.7777572526904408 -1.5690882521548577 -1.2470726602194167 0.01071235876564039 0.06745663912136105 -0.016770897689242555 -0.45690230160204004 -2.1158142429307074 0.9101752675117043 -1.9282139371034301 -0.9073844425372816 -0.47814527041733623 5
8.538047296439295 2.9268581244615577 14.621424252797214 3.3571224534996267 -2.4951154425921453 15.179643891714942 -1.8545877246112752 3.0813341596089723 5.15717332219126 12.582560896026385 0.10346970447653674 9.315504135308611 -10.623805633189544 -3.372630777204112 3.0491183806152753 -5.223509888308858 8.595326844815993 4.387742849330172 -7.864790424415707 5.734879104587432 -6.321996609436122 6.5713345206293345 -4.971027880243835 5.026618814599978 -3.6620998519143497 4.6655983537327 4.357686686767353 -2.2131357785360732 -7.092720233455192 2.0180034822906836 1.8212885992529633 -5.035626442224955 -0.9908922931621634 -1.755460155899835 3.5927458482102876 1.7865193974585565 -3.0422481128863423 7.463559518926494 1.2453575039941447 0.6833885911476816 -3.137275253238295 -3.17470301355335 -5.709077654835805 -2.4134438142561847 -2.6205174835543907 1.7274590252509066 -3.2404706846257447 -0.35561641626289364 0.7997326297600683 2.202402461703448 2
6.495361963843087 -1.5548466708320556 0.5947782706476691 -11.491841971454793 9.188275807365848 -2.8322532719748694 4.111243606149443 1.0342274050810285 -2.612629828407791 -1.810677129738255 -4.61310992218811 -0.8066775540488501 0.4268902995262933 4.603967529498516 0.7180269749339758 -0.003577306451379239 0.5332505028270269 4.496047679939987 2.3882405670629936 0.2514172861290227 -3.375349822757876 1.480296574000386 -0.6863484213194011 -1.123911646740327 -1.6234678089276113 -1.5837895512878497 -2.1210494041948267 -0.2043250666998425 -1.8477673312734788 -3.6707325120450847 -1.8908024410929274 -0.805799680123069 2.2884830005042742 1.141736876178366 0.6753036486875609 -0.27651286128357616 0.4186520825679685 -0.45649419933107055 1.5389957504807177 1.4343520508357797 -1.3688990865874548 0.7555806391293602 -0.5147042715174002 -1.4553900431967646 -1.8343257579409769 2.9506065458507473 1.4201466858063736 0.8913971536361363 -2.6684067626444206 2.943879998094759 6
12.83161016087345 13.923170406241436 -1.1151392246316814 -3.520512891344257 -2.2065395082355064 7.127593879953253 -7.299224919642698 -5.630143565274805 4.380160370868572 1.4042627301516473 -5.681745007251538 1.7188905975225883 6.059059920931911 -1.9378055014170457 1.9114907213496135 1.6779622561227319 1.3631014492540492 -2.9644085786533525 -0.12030701756779842 -5.55484875625583 -1.8105607559287047 -1.7576032335051046 2.184175528583887 2.9792159248184507 -0.3800658530940911 -2.158883738258376 -1.957104390279924 -2.4523853153654676 2.4553513952483104 -2.153493474295796 2.0006262602627896 -1.7288221470031433 1.7178818051228035 2.025348354783752 3.5916630985692084 0.4885303130170201 0.40336361356889194 -0.38996322032060343 1.4818657486615592 2.198857850521457 -3.04541232437477 -0.44737573189832436 0.19059701189238745 0.9987173819867999 -1.5488997379605995 3.1268076310182376 0.8114317452744666 -2.589083921268954 -0.6690645963473469 0.7508599318916088 4
-4.198650130704396 -0.7209797455861876 -9.334953919293937 0.15815502300881784 0.15533786274614855 3.0160772654360897 5.7900124322055655 7.0098052041309105 -1.627695982418238 2.5825185890907543 -3.994041504592262 2.1991912694525433 1.420319896008353 -2.542519040917402 0.5920507874074923 -0.9381551542581529 -1.930627445524743 -0.3823228484709718 2.9684382746573164 -0.4995312399616478 3.6953243791665633 0.6710819834534855 1.1244541472976972 1.6988207315399269 1.5007360831473533 1.0963766486309112 0.5093047935181307 -1.0384442550128077 -1.7574978191441986 0.10066075830831757 2.2570794189691035 -2.7218104780021823 0.3641350145150624 -0.21794634477610647 -3.4308682483944253 0.11015295319867807 -2.7412906976281466 0.454700280066614 1.0643693822635145 -1.9239804768009168 -0.3498219402568423 0.6997298522698101 0.9581451604034431 -2.488842634467058 1.2963229509253404 -0.5825895730709829 -1.5643167443625394 0.9438421895890123 -0.14675361519797336 -0.17167573794472055 7
-1.1076355565159077 -3.003876480448524 -3.5808761183275792 4.703825965228661 -1.9839158529536376 1.6050412314592692 1.6447600993654916 -1.6501583269260907 -3.761846951806715 -1.8919973715480864 -0.062401840985916925 1.6176106728530733 -1.107998786158734 -2.3700503481902735 0.44945678005408773 2.23278800537348 -1.4046241852120809 0.7184565509591604 -0.429853698916416 3.4094628636387534 -1.7335516046551669 4.161364325596003 -0.9387062159129744 1.822360843664131 -1.6996530942172303 -0.7009421411500518 -1.0421217476792015 0.2034414881933265 1.0909584594625468 0.22412547659227253 -0.23121200636907868 0.2677647942797599 -0.1743758714073018 -3.035591469885364 1.9705563643781212 -0.28452773425344907 -2.0782654167345425 -2.3048133961056827 -0.004951579296822227 0.19766778017457037 2.589841386516842 -0.9372123220407043 -0.7446357990417947 1.9277445221637814 -1.9175995674593669 1.3387451776025323 1.3255517060363653 -0.3038100073324786 -0.686388099096169 0.052520519593427066 1
1.7184537041287737 -9.05473503064929 0.005608617838056141 5.315693359965635 2.060786188739503 1.261783908454192 -0.8665049042179696 0.143244174436822 -0.9232319149367035 -1.2481563205629371 2.9327675985278527 3.049596117194471 -1.8479277514229273 0.07946940254448964 2.3870707949002834 2.671908184042878 0.22237746467429695 0.6455109741835827 -2.429997330335743 -1.4252803932190692 1.869352243405488 1.7118599419609917 2.3136053121193747 2.024845752553709 -4.495374690590125 0.3371813016622366 0.29580484085521497 -4.395914660967694 2.7600765626030155 -3.1325524646115284 -0.40227996696480983 1.1717846297780696 0.7442269726130102 -0.46584964065822815 0.21206592565592097 -1.6995439227277425 -1.6233004027527203 -1.4235102588670199 2.403135809208965 -0.2783866077825248 0.7157192716184541 2.516992891861925 -1.4466107921936568 0.19102561135474466 -1.2254353052884097 0.4260471224295313 0.5723130761343479 -0.03493614127249815 -0.8661725476993923 -0.9013048687635811 8
-5.105127889606057 7.420555004717679 -4.637807884600305 0.7367902919012403 1.6069850790786158 -2.3023106235097677 -1.3567871433060341 -3.3493371058068204 -1.0559289034597636 -1.0181966295221803 6.902569765482552 -2.7068506568554223 0.8017015671905001 0.4418289945697137 -1.95064203186276 -3.2719889507792588 -0.4449627380878491 1.3113901406607555 1.0468778512991672 1.5482498956959247 -1.178888586729358 0.17219205179096148 -3.613027978634861 0.25175320672592444 -1.8725932107460932 1.2575516430969425 -1.3577995003820635 -0.7266909381985421 0.6113995803047312 -1.495979059035474 -2.2531633460885927 2.154844657764345 2.102686552740421 -1.5736907150416242 0.8465045205089625 -3.5523937697188503 0.2465696872063286 1.200829541284417 -0.2761244778518484 -2.318689483981701 -0.45319662482322814 0.34536148066062256 0.496482666477255 -2.8353701227819808 0.5364581178245559 -0.3228220641854 1.2834621465197729 -0.7400497293514798 -1.7420243332962813 1.8153820855748422 9
-6.760086794904108 0.31984658524980164 -4.311416173200252 0.6744486098480295 1.6707906706574447 1.0130752484016148 5.007779405839345 -0.3414936635170285 -0.9219406318012052 -0.2599688805801195 1.3661169344774058 4.112042369793636 0.128877122360457 0.40961813352093823 1.3213715439911882 2.2298916193924536 0.2925533796113834 3.4516839839746094 -0.3129815795048548 -0.2224995255273155 0.9734774883818919 1.6024624594543861 0.9507184681353089 0.2975064496285365 1.0952497561582197 -0.7378998001889207 0.5373188175039698 2.4746789851065127 1.8159012656672695 -0.7991487005381596 0.151698331293122 1.3332006689894775 0.8886213727490603 1.941327876696641 1.0218736842531013 0.48923365642179123 0.18847955847705503 0.11002461716253972 -1.8554104642354705 -0.11087569615535013 -1.1468967243757677 -0.9346772481570927 -1.5195470665532138 1.8282156259627098 -0.820998945152453 0.5652657999932894 0.2268687691894493 0.08053651719504835 0.9359397632656696 -0.6961815915239234 9
-1.330666760079446 8.668538081200296 4.275329917200592 1.1639782463397461 0.487043291484609 -1.4559885010825422 -4.603889339307911 -2.021407703196685 5.858232702515643 7.535727363644953 -2.896778125515919 4.486621603378524 -0.15738713193912704 1.4252051264514574 -2.0846720302683606 -4.157951369214216 2.229293901672925 0.6930960515585189 -0.6095722515635094 1.6992082859444702 2.2366084467102127 4.278707749626812 2.052264638796476 1.1897310046387415 0.7457052704993578 -1.4531354211045677 4.213306035851024 0.662266298430211 1.3897650869151097 1.2337897419475734 0.8298705336810084 -1.2706967289044035 0.8281711759609591 -2.4838150586836356 -1.622723578766645 2.7663368381375117 0.2356617383758987 -0.8548793829449506 0.34175721239125934 1.0124725940739951 -4.743332369145739 -0.9192986900995453 -0.3168458023078618 0.2001474299809548 -2.175957775023777 2.5037054494694857 1.6260588690463218 0.5430661552066784 -0.8294903592662267 1.6639539019216967 3
17.857233271507432 6.140235018755859 1.778022193847017 2.00193746705187 -10.540151048997691 -2.348706030481904 7.552846044806958 -4.7086101544612555 -2.427519726801592 -2.118082022566008 3.427579460077136 3.434298021663409 -3.7227819218198155 -1.2455906872444114 -3.779200221141744 -2.1067165949566333 -3.8798443409655388 3.255063617265833 0.35234377110271037 0.6535738641349818 6.410397734403777 -0.9642610747459607 1.4958963899733402 2.6103944636449268 -4.00990458097614 -2.4373003460591462 0.7278445473590146 -2.5168959600375187 -1.155644597255658 -0.9120352307162766 -1.2154264256068452 1.9139959975844807 -1.291555157608098 -0.252501152370615 -2.309117028522427 0.033524014537835226 1.5659822969430266 2.194594777274091 -0.08318528726865343 0.08622005273863842 -0.46602970417256057 -0.7555945682180515 2.2789096215097375 -0.6687726701572102 1.255945163391729 -0.7544056641537364 -3.4352892730399955 2.1076674868085292 2.5695086623021792 -1.0577610972175542 0
-5.444205247405992 -0.6381020424548098 -6.204246819372229 -0.5428690864915037 -3.737445817491698 4.687203986389786 4.977800080940894 2.0411896904856457 -3.3866141162528907 0.3931646086682515 -6.287844249482184 1.2935385642175365 -0.0034101344730088513 -1.3588973202097603 -3.027542749253214 -2.2024269494767896 -0.7920004348610183 -0.8445026937796528 1.8792073662922035 3.4581152616112174 3.1733829066419066 1.527591490692847 0.2744814397997469 -0.6016684555684673 0.6525879259935882 1.7940375153517425 -0.18758260268194252 -0.4764062831957687 -0.6550809013904842 1.5126586640345674 0.18845901093242806 0.08957718037523055 0.3899040562666897 0.1750487691032769 -0.46093377165899385 -3.749874163247991 -0.9074584764146368 0.9377872154942529 -0.7754826215877146 -1.2329115273686346 0.31123248960715094 2.124295263484641 1.0443667826175262 -2.5855838934262643 -0.08185164521252686 0.18925209203977125 1.2623810323191442 -1.6568754668069718 -0.09589970873530729 0.04877555979942432 7
-7.7995659022415555 -2.5775313040272367 5.24837331967242 -1.4474564968480406 -5.5534060891815376 -2.2459246467010243 0.22649092659693149 0.44673671406978965 2.12597741527241 -3.425647591826837 -1.9269389958859933 0.4030692069552565 2.064260486609442 1.0603908623751372 1.063602280867711 -0.6461253577593882 1.5539439319120238 -1.1432044896443116 0.5429026510762424 0.8486039735818773 -1.260012705070499 -1.9030713888577817 1.5836658722331771 1.553377457125681 -1.6239857105851794 0.2885473717081811 -1.5130993562996056 -1.1497470407513417 -1.5784573853209476 0.40635235010236087 0.003757466541036402 -0.5596748498447408 -0.5318567371831138 0.6575200255767272 0.8674796675467987 0.3769196808456037 1.0127834539946021 0.7969508786625635 -0.6256750050473298 -0.7704649732718982 0.21836291240799344 0.5992515476051831 1.309109505254966 0.2800577215222582 -0.6172003547836045 -0.5082200564548233 -0.46960352412036865 0.6965780928444649 0.983818727979184 -0.6242312304801504 1
-1.5841334388942059 -0.4770116609051614 0.6366801479510633 -2.8309927385861515 3.755118932270272 -3.6156502323184023 -1.2681289022629632 0.7356537853762537 -3.2494453250672533 1.613292330340424 -2.934110348519306 -0.5608202542895239 -2.8559318202639816 -0.4199504882420115 0.42873457970697665 0.0634328635490098 -0.8352883429648922 0.07397621048497226 -2.0954527660544424 -1.097606434103417 1.098463100467854 1.8712783676809392 -1.4797140271966907 -0.9412751105245388 2.266753582976745 -0.051966851226158024 -1.0401330397406463 -0.43024489850707215 -1.9767718331930266 1.419421089488559 1.3606951858229122 -0.20369807123465697 0.11978056557488709 -0.7331307921264619 -1.5591773765230745 1.3038530414870733 0.7061994469169085 -0.8428977632351952 -0.40168447660855594 -0.5338056221443979 -1.8368025648658486 -1.7183597027360369 2.0971873910598777 0.5675513682657245 0.7521918727202426 0.004612738490616135 -0.3001686064356329 -0.19553656793660257 1.6478862035376554 -2.605379302265723 0
2.783018669867588 -9.052819466496311 2.4137470482914676 -4.751121750836265 2.654048149790527 8.33667129093333 -7.238553831344441 -2.375301012501568 -6.383767772213679 -1.9044547503364653 3.1751255396255007 2.002526385775801 -1.4637116302438575 0.044620915018507755 -2.1937313130430236 0.536962643606238 2.4077686873207744 0.07520921045282318 1.3326759120435665 -2.1745484484544724 2.67048124801161 3.355640242899634 -0.5978395594298457 1.3345709051502097 -1.4657389684071227 0.36336676713299776 -0.9402457638332008 -0.07655723945934804 2.403738925168227 -1.8483908043389858 -2.4447474610937436 -2.0316150246997746 -2.789453114266363 0.6682958211128031 0.31847070405681094 -0.40947451934807444 -2.8985083598464003 -0.9945896661335519 0.020444371959894066 -0.29227043698978467 -0.7027316623374964 2.9130302390301113 -0.7244685872470475 -0.6457131850945579 0.5900298923077151 1.094886932834014 0.8999523195432899 1.707649775342329 0.4596360270568258 -2.0901973352046683 2
5.597674795196469 -1.78358632033766 -0.50887455610597 2.05554695546635 3.5984308805236207 -3.65465215859948 -1.6399008308465466 -2.2188423504098194 -4.908839388075018 -0.05180626045902938 -3.5958074412024708 0.5656218690040431 -3.4244719969692192 -5.143109481940473 -1.6000782302222476 0.5652131420340797 -0.5307924643263863 0.45830520572593303 -0.6268078597381587 -0.596955440970948 -1.0310875030331403 0.4399860002723266 0.4812983522660076 1.5171947894615483 0.4854944920730151 0.29311698327473495 -0.8282668367119627 -1.7270450202645002 -3.125485079861306 -1.964286377559574 -0.3261650816781213 1.1364588626158336 -1.4154512432954065 -0.17482004474690824 0.8118364463208751 1.859916285123416 -1.8122607563987898 -1.6521202240056665 -0.025563276780780752 -0.33268248110089554 0.7181051028232835 3.2313948871236793 -1.2072312041979902 0.5051437243388092 -2.721737651543986 -0.17961575108641648 -1.0375517125888698 -1.7647005100423205 -0.5432983759035801 -1.0013245156428525 0
1.5925017783306277 -6.5758296745848455 4.654056256759406 7.805685315119942 1.4952489809887377 2.7533506915490817 -4.290886881715944 2.336824453817677 -9.529167609001332 0.9514087800440907 3.503551101288013 0.4232112165378193 1.022313185119234 -0.6771825573884918 2.840063572151426 0.32818120611533624 -1.8058951554515987 -0.8153147764523202 1.4200869062459396 -1.868799710320065 0.7011344327680681 4.156857821955537 0.20464478944313483 0.3966476976684778 -1.68649316616383 1.6028807214213383 -0.8119906142287365 -2.6565936687634117 -0.5293149206635225 -1.9540458857153429 -1.8373021084519574 0.431195674756642 -1.6534029934698746 -2.901645191234905 -0.3973633457866436 -0.0873472166707172 -1.3795603007168356 -1.3642468763325253 1.0237092229244602 0.4006767985660717 -0.4370749932814196 -0.03540859415970395 -0.8032064354046186 0.2932809975828341 0.3527947400368624 0.9413752244162442 -0.51698411388082 0.5265009108705457 -0.14429140988255534 -1.519381612277342 3
-2.2037548821903234 -7.630550082209099 -4.742624095163875 9.39355474715705 -1.9304932126230878 -1.0144048373166783 2.1100119361151015 0.13966406354847113 6.305334597421673 3.2343788460939034 2.574381342687704 -1.2164722555979293 -6.174509728163724 0.6315290058163254 3.5411076520331437 1.5988895479127747 -3.7336033227488783 0.06281658217767848 4.122927889266432 5.4583179685589736 -2.1427807985870775 -0.6238376335836288 1.7110341436821879 -4.1949031052987635 1.0505332375109684 -4.84736584854129 -1.4093506641586224 -0.7025822723187131 -1.3997917399538788 3.520391524113305 -2.489655385146337 -0.7886329107912003 1.2015304364288046 0.8144743623653138 0.962645165740961 0.1787398048743248 0.8817333089100934 0.3129158356992523 1.6659439442448076 1.5545993340792505 0.9382813067568118 0.34650986070560635 -1.3229595698275705 -2.1014729445635663 3.424136339756409 0.2529018200245341 0.45555544722086283 1.4059819910505895 -0.16233953596789152 -0.967665090429247 5
-1.8608852565550464 1.7182435045538054 -5.476986778015668 -3.8901424210472286 2.179257442723641 1.9580642528725105 -1.5412296663540566 -3.4777290073333362 -3.815593033750861 2.5961973909420197 2.2655365081948595 1.8176412964870055 -1.110788657315116 -4.188957871249522 0.5086687915851005 2.270371390576543 0.0824373421225055 -2.1514567311379516 -1.6351137490611876 -2.1585305620374236 -0.5302895132101184 0.7896301915169707 -0.7788019813558568 2.4574913322499157 -2.9855316932181637 -0.9240958738588981 -1.2676243516729082 -0.1955752922504717 0.0748072667391354 0.8157894755879221 -0.7853167922779827 1.3654474404476615 -1.8553298332235066 -1.8169541882457214 -0.305916588232399 0.39136406838801596 -0.7979052637612529 -1.6897470025994545 2.090956634645008 1.645007218211346 2.2175912862988807 -0.7350603833271052 0.8410141373634219 0.9804699460789479 0.09954899944238121 0.1909714589491434 1.588147771300573 0.8425448769098337 -1.0388889891248365 -1.697821475793953 4
0.3321591679401931 0.20696843537904602 1.2516174704424123 -7.607346516425765 6.289239397397048 -3.079818813510019 0.025094467473167282 -0.6058943549231126 -2.798056766823464 0.4982027335467269 -5.083367997839848 1.2246076702870563 -0.6519929793564816 3.154925491816971 -0.4053892762509704 1.0423336727567205 1.5352136533383347 0.631623467922439 0.7775343006971879 0.33817055403592927 -1.977019425266379 0.5446369533942752 -0.06407824262179553 0.5670250249888201 -0.5055360137208234 0.394912174536215 -1.949881851892658 1.1414515847068303 -1.6268374049973473 -0.9537602788136942 -1.1144356669424786 -0.9271393439917439 -3.4132840985994544 -0.018724763189534397 2.5880341085759655 -0.6051083575643066 -0.8611404890853455 -3.237138031505183 0.0992148488084531 -0.7200973044458983 0.6772722373884237 0.3532336889618998 -0.16741806588941652 -0.0758105036301858 -0.3214784226273109 1.0798488905834038 -1.1479778745318683 0.17079589296553316 0.5158557528370422 -0.737568444732195 6
0.027675415240901672 -5.863899950580694 -1.4781311204627199 1.669765209962838 -2.4476452446431622 -2.110054932971327 -3.8777614445214326 4.565170996900534 2.4388804499251906 1.0412459929250413 3.6238526068939194 -0.1645692579243517 1.5989503626200694 -1.3392840547604319 2.4883362249814946 -4.313968337067294 -0.44319298051659173 -0.5079803603726485 2.0032904651980017 0.460401758160106 3.010635288775243 0.39528857359034547 -2.2220206775795313 -4.206116095246484 2.15310881711126 -0.8931007754216521 -1.0870497378209827 -1.7415023799608853 0.6817194346156709 1.3885519671459399 0.9770260532303385 0.8640469890376153 0.5365840944231941 2.270010052127952 -1.0846149572263961 2.4476390128688714 -1.668089626449925 1.9787624494038316 -0.3035664557710781 -1.0809554961282584 -1.9095091960919308 0.42403023923372174 0.11838108076547843 -0.8452179755186942 -1.3631732333256728 -0.7889071172933358 1.3534383330331357 -2.0697060931513285 0.5568142621265327 -1.2128501517303711 5
-7.17049447383413 0.3582499211288247 1.9431667341261796 0.19061064860567203 -1.4812764097819395 -1.260013110112543 0.9247339331845491 -0.7695873024436501 -0.5518868223424686 -2.2479990393840708 2.840603433954614 0.4840328561482066 0.3835364241406933 1.3281701663240555 1.9396119900683422 1.022067595043153 2.219908033748654 0.9053012213926063 -1.8466024806775907 -0.8332879897193304 -0.5905732614919988 -1.3165429723272226 -0.2669684667092824 -0.05818048596942115 0.04608457694356974 -1.1302378589639732 1.2509226338898667 -1.4888946228724491 0.13931809490630734 -0.8185250212852558 0.4916599440936714 0.2952527664348078 0.30175351615007295 0.8648136375067895 -0.4575691389059093 0.014786255442483277 -0.6043132611316061 0.34545861406458744 0.24416674671671676 1.4415072093303214 -1.0427092243175426 -0.0031108580962235853 0.24343683392585044 -0.3715418488349861 0.8452287913355804 0.9718014118741811 -0.06854234038751168 0.07314409181203377 -0.01071379968778259 -0.5238558058122383 8
10.705466274476867 3.9164357238774055 -0.635895967560515 -13.229661023802581 1.4536459505339698 -4.742887670438693 3.2455457218153385 -0.8503990638442739 -6.514952735513316 3.3455435557340127 -2.6816442111778924 -4.1868527920216545 2.3728428670026345 3.163689422354501 1.3572781360975958 0.16651817946473818 -2.1808023393688125 0.30560907907142065 3.9539865574973705 -1.0765793674268844 -6.054097334555239 -1.8056279204630106 1.093465731425021 -5.389089151422107 -1.6466561146295018 -0.309842508683203 1.5991332488510912 1.411263645375604 -0.8718430061776575 -0.5924388539883868 0.8578622951814912 -1.4067323866776924 2.008785597675375 -2.590060582667141 -7.247637663290616 -1.3335197760600608 1.0881732209982464 8.656661262521038 4.679415779849098 5.5841033770460164 5.767740627225397 -2.4329762720856953 -3.239453934726591 1.1188240048036133 -2.3989186191553893 -4.3649813574170455 2.180702128922796 -0.09708893306110028 -2.763993139932427 0.4991847556543836 6
7.265726996222001 -3.8577367032587606 7.423991320044183 8.031872396026083 1.516322088989744 1.77428320831478 -3.97597621828692 3.411767314508394 -8.203874880950602 0.4070824975908109 2.850230432303608 -0.24441544987951752 6.457685341008144 -0.9460404697119241 2.414693372892421 -2.913368383371854 -0.5457026743797283 0.18749605769529243 2.0011147718167326 -2.4051253387699685 -0.5356111505511962 0.3241727742529097 2.062427355468822 -4.1225575170693345 -1.3152591882051567 1.524859659547298 -1.2755893610986404 -0.3218896143859783 0.2474329193046948 -2.0229866078564434 -1.7029317004220628 -0.8902675704308924 -2.3605383803480353 2.198496909508829 2.6133449420816115 -0.6748584154926434 0.017212437987469374 -0.0046764071882071144 -2.184275426752547 -0.8088868474267003 -0.45246278336596374 -1.4062193982831173 0.9490440725962126 0.30640585812268845 -0.0859580765648476 1.1393743844416389 -0.26716478829406126 0.3949202849073145 2.1138172888469824 -3.721653186055454 3
-3.3323023779331686 4.6357087099994585 -10.433816895798465 0.03145532258746761 -0.9069189258283195 3.1340991862786827 6.426458435373596 4.088427988757116 -4.826891718396211 0.8255233221531808 -2.181889808551827 3.3374531127342064 0.18085209100120211 -2.339084398086596 0.19570840517343235 -0.01101837752552849 -3.248978688683025 -2.7536465083976704 3.817782377081297 0.6048415827224599 0.8012319022889799 1.6094168261330104 0.884610152194309 2.5425325549520323 2.3062335157975884 0.8202369325551806 -1.7538262691529558 0.8518442517913948 -1.37741048028835 -0.5907836387055975 1.5728144195178129 -1.2611547100225404 -0.8230555936425931 -0.20141283397713708 -0.6571959755810344 -0.06096911650959824 -2.1547946311686466 2.4289796019509104 1.4448628938347297 -1.5428200015276277 0.4601234988335593 0.264676571003779 1.1882159522866473 -1.2494267093293447 0.6751944047489385 0.14283444251398172 -0.5651254515016402 0.2654101700119064 -1.8413868089500613 -0.050395512576712036 7
5.669955493835472 3.3098269382496364 2.1146197029514884 6.619512127821701 10.179965975633198 -2.5198043269691177 3.9296892039437865 -3.8451800360309076 1.7873152483966592 -0.8936496357928672 -4.132294354319057 0.2806503000800432 2.7518549510159804 0.09918787136838839 -0.9782693372018498 3.1077010501645472 1.3391015010820855 1.3552020866025583 -0.5094731423145185 -0.05513288259544068 -0.2975047430620512 -3.5544495728027248 1.962962773900297 -1.528313598244076 1.2947770280897613 2.759284020223499 0.14554461026730284 1.793632442246331 1.2866121958899868 1.568214887902785 0.26448613082428235 -0.9432130342762912 -1.5049691732935544 1.1847748504262077 1.8436971864267178 -2.3372474935105263 0.3377654179592172 -1.2345728071576327 -0.22750342340672647 -0.4723769236741466 0.30020332840618513 -1.204791631988362 -0.5260650108280415 -0.39032691329978464 -0.07023153029198242 -0.9452488201909217 0.16631134223737365 -0.6573676828787619 0.9180412980522022 -0.1070517946997159 5
-1.1970342793543207 -6.578319423814225 0.9031399651688892 5.209337336572637 1.8190040835653267 3.014994510322133 2.745859260587457 -1.1793646183479713 0.6692011606402508 -2.6447347855027985 0.5214096780637855 0.8328840096019919 -2.3643930962748954 0.4465998614411357 4.219469319476949 4.005042362698788 2.0481848694747367 -0.1043246332991652 -3.6106906224583817 -2.5118008810119345 1.763098203133112 -0.5258494926154589 2.7693878984475635 1.6763143034121188 -0.7617788983802237 -0.7162187204871103 1.21241340402936 -3.9788787916634063 1.3222158447214702 -2.3344147793205248 1.5483531554825913 1.4932990725465998 2.4184629790184506 0.6905347660865391 -0.48301479505938066 -1.0045902921937422 -2.07497414610221 0.719861718779061 2.240038008659389 1.0046928257142176 -0.19626773339884043 0.7500867752008045 -1.7466487452917328 -0.4646862675872831 -0.08422734857454245 0.2746574174627052 0.015869044655582625 -0.9602030526165143 -1.7377562633880816 0.8566651594319038 8
8.798389995162264 7.156352258344123 1.3700292592314653 3.0330061645411015 -11.809417962858545 -0.4843271821037195 -1.23788666400246 -4.752138520589625 0.6379336145182489 -0.14061975863133855 0.7933372625592743 4.218504572979139 -6.351820088547621 3.744478150033833 -3.0321477557382575 1.7751160165146387 -1.3703036838420173 -1.7273430200522715 -0.7225423380287699 -2.515071867951108 4.492930057358713 2.981965137228441 -0.41119035285058536 0.7591847304906634 -0.2312473046752375 1.0614502679564595 0.8458664720042491 -0.11825893421132733 3.148304326927712 -0.43746681153711353 -0.8965055624981803 -2.19749206335849 4.2286168355507705 -1.6312798872159393 -3.159212245048616 2.2584712102409683 2.1385322510151874 0.40455612203734975 1.20745630802028 2.1307030314046664 -0.5683973345746889 -0.9487939975840755 0.30762379315661664 0.6772306143060008 -1.0629929124909283 -0.7047831531398495 -1.9914559955905695 -0.022615324755620024 -0.4642890819735582 1.8106571382530285 0
-6.314450660579552 0.38075714242642955 -3.5912262096219454 0.3837287502058731 1.3273441358915525 -0.7539171901733881 4.207854322336481 -0.715190021296946 -1.663650595006152 0.826709492143145 0.5948576844929286 4.130840392602544 0.19873890736450728 0.8114913991459399 0.660317938474177 2.309701647524116 -0.9134422986390609 3.0135917938558583 0.48938558557387685 0.14274511329313141 0.8560364846572701 2.4519827796628624 0.6538485779269637 0.1752629297615313 0.8450817109610245 0.9972644335139197 0.7721275524007261 2.475888414188759 1.2701616293445128 -1.6645875126289864 0.11829133532830967 1.0938053413353213 1.3686375960023547 0.991554398743939 -0.3325533311436897 1.724715221699279 0.06703127096599729 0.14852510095149477 -1.8903654341153784 -0.3529685435881411 -1.1401631317610967 -0.5367765992395509 -1.8093970827879047 1.187189606815331 -0.39670124235089377 0.06429092858629766 -0.7008990900166652 -0.0891654800451963 -0.278378664347487 0.42789830746469193 9
-5.568327585074211 1.9574836908734625 3.7603382018104172 0.017326289397548014 -0.6225275092639238 -4.746720030643748 -0.20155755543810647 0.070398784476621 1.215401477757929 0.023555777084268578 1.3839571766717271 1.348986637741186 -0.4080380522478854 4.834572810165567 2.7574086175927235 -2.0346712696208864 1.731221231232736 -0.014259376838954892 0.33286682318236877 2.313441517439651 1.0928544605399597 -0.15311076917215388 0.8596347433444077 2.0027205714771545 -2.5292267470579612 -1.8337156932106553 3.0886410973456293 -2.8884988184672045 0.8963429907832019 -0.34145450855369874 1.6071570260609915 -0.43951897151238734 0.2893699902472041 0.26597382590884466 -0.9379746016006464 -1.7233850176714447 -1.4972361639605989 -0.7975427367313571 2.5653271837115446 0.16739980934189466 0.6321027861435505 0.49571374426572073 -0.9145356747009377 -0.2052969652071773 -0.7475073106255625 1.115239092569053 0.4359633991095779 -0.6901830543219347 0.15073793143827938 -0.383403562877283 1
18.38362862148193 6.117204836666287 1.8546487272114314 0.760920695287031 -14.102916934721 -2.89097206020585 6.143953093128792 -4.339360724749521 -2.6437551177251346 -4.066517080633719 3.3169294234107616 3.319162803733747 -3.775680486313212 1.2746910436908685 0.487539694855977 0.001425549628267467 -3.1688953793661145 -2.2816954395017364 -1.1530058941809147 0.4481804101541275 8.218093185152371 2.8252885809545414 -1.3092670590427162 1.752726318214806 -2.686334166252414 -2.707448677175315 0.17630157558492018 -1.7466942249063016 -0.25780404066834334 1.860190337741681 1.1264814696616434 2.1687796437458724 -0.49759661674882494 1.0056008794317146 -2.489975980007787 0.2738544457953375 2.0071951336922744 3.0998141575584155 -1.5253930148794843 0.07828847757723838 -0.5420211079944062 -1.389845611261316 2.0631563369193575 0.8097468846869715 1.1177255545162768 -1.3350169042671458 -1.3892544521234091 0.3359733436627198 2.807591283127618 -0.5681454126705606 0
-0.27740741017391884 8.445876572608288 0.06500127201331739 -1.751167643955171 -0.6746133891532613 1.0394853931987036 -4.559453334135182 8.00426281333305 1.934067817078789 -2.336295874502883 -1.7797481980585204 -5.962076235763242 -1.705678504571122 2.5450958988782206 0.2692592246343728 6.667276311436485 -1.5151852113763649 5.358635953746737 4.535062789133703 -1.0832511619802503 1.32300503116916 0.13631271094315994 -0.4537945835060015 0.967842034372826 -0.6228262598920592 3.710282985199503 -2.5795040387938064 0.08253278175852632 2.173266025789082 0.9784240978539873 0.43512816391382736 1.1191693620967829 -4.681035588027941 3.5354660888776412 0.8982590242477646 -1.097525639815391 1.0217623012074946 -0.8938337590047714 -1.1948703824575482 -1.3618294406379818 -0.35172940839761246 0.837372445258445 -0.8211002054917496 -0.021088438165827842 -1.3833185492087208 -2.0342708280878274 -2.0660913746713097 -0.2735317088761733 -1.065408254832519 -2.2427150149551975 3
-8.46539852115634 -2.214928409416196 4.21928800600592 -0.5718402344575022 -5.020950638635837 -0.012776288762329287 1.7612000294697587 1.1651427502320904 1.2111141259262586 -4.111188980325403 0.7039851884163543 1.598658621623174 2.6390497188425797 -1.0082014312045307 1.7581233732443236 -1.6524620606315714 -0.08818806198515387 0.088285633655642 0.3086346560451713 0.5445455258210717 -2.1316947597473592 -2.1749313807304644 1.5148935001184454 1.3065203436410455 -2.82861117730735 1.993560349256478 -2.3506598440046043 1.8976459859730246 -2.3584142507999535 -1.0571973152948009 1.6998951186749192 0.4538116351500363 -0.4395218888188519 1.4361111328308698 2.221884255772689 1.2689427870552425 1.422570072227936 -2.5533063046789306 -0.44597069177959464 0.7475671988447072 3.322505832576242 1.9927220846074358 -3.8463183727902748 -0.8000432474283211 1.9077673857067043 0.41170817369217855 3.219696268844452 1.2630139668735336 0.30350785223396837 -1.2192400338043181 1
-0.11980182300368351 4.341301413012387 13.46135809031023 -2.740565626512577 -3.052136784323955 3.2966740875110516 4.8555576928613275 2.518502487483985 2.521616253597787 -1.3871283791683133 4.852945262480496 -2.469792781530415 0.6570401850684495 2.699533110822468 -0.6545536799399841 -0.9133360037157435 -1.3035171777645456 -1.5086332170632346 0.5427161708201313 2.0780504133170465 1.3074427558633646 -4.578261675892172 1.3982840721768905 -2.737527231157333 1.4150841280127897 -1.1231737573344744 -2.4452291138958167 0.9748586722975601 -2.1803744948645747 -2.1543607816938364 1.9832956920242577 1.2805809901647807 -1.3266262289884767 -2.721761720490087 0.8535471685768212 0.19341732720090038 -1.9137314245321217 -3.4483684619108317 -3.5174340886321382 0.8536542312379444 -4.098316917402218 -1.0307859377779875 4.020307759761433 0.6623895419479642 -0.8383057218453999 -1.649295140119953 2.338130550052969 0.4830658470897184 -1.2226214716505157 1.2138388029437297 2
10.949740791036273 -10.886302319977036 1.6423263989013033 -4.1244126695805505 1.1544365556500344 7.404544809812392 -10.71016567496926 1.475147462972226 -9.856635789671957 4.595694719512669 4.203035077988812 5.16633989537915 4.925655882157732 6.321078280026947 4.449485665172807 -2.218146195503567 7.902237765027183 -1.101078791589685 5.808223361628001 -0.8051116007547429 5.380712763143286 -3.6518193338428273 -0.006378592021751736 0.3549554980261247 2.1459307413642428 5.278661599060593 -0.7745252324639291 -3.065645848486349 -1.5180889642848938 2.8388144592470246 -1.4928337830269698 3.3580441803144745 -2.631785712311988 -0.4083372904132459 -0.8830878695867761 0.5909149856280447 2.0877544889306088 -0.22199880455679893 0.4743958183076599 0.5486353453354198 -3.902469088372993 -2.0891218473842788 -2.1304801839917253 -1.7960878707568346 1.2516917734373083 -0.6978247534427457 1.1011217854581739 2.516221322751145 -1.3956997302189607 -1.2380692061514023 2
0.31620377792805493 0.9183760770777889 5.130318307380077 3.2034287619369244 0.6746273332994971 -6.014421804190436 -2.246233803663621 -0.49569302442925617 -0.7712676770252455 0.36587012997566803 -3.8605972627805167 -0.9542004639057348 1.4667403799517422 -4.255501145449093 0.06765450207071681 -0.41874836518439823 -0.6334656130087986 0.5583083214711944 1.565009129922222 -1.7514655935760983 0.3665016152815004 -1.3695021906814004 -1.85048337389413 1.0264582144963592 0.8457663039220293 -0.5437114935416162 -0.12017558046524517 -1.0768578989157003 -1.4113369059311027 0.005960309936694068 -0.9347992425059527 -1.52247849983133 -1.4129627878225612 0.8515556144319657 -0.9640946372231998 2.2564649019922487 -0.21452217519412373 -1.1057564985130333 -0.3280516963400419 0.4229027721081927 2.375113788959405 0.559332418617323 -0.15004226316633576 0.8320048617845447 0.321389427126252 -0.3471765583697942 -0.5199248142406436 0.00026625516493925194 0.6617242891857755 -0.40277698263610784 3
1.6974265055140811 -10.08565594143901 3.2335648549770544 8.454492825305643 0.5349597713283547 3.85353955228285 -6.185812572085514 1.7215287951388998 -8.001547497730034 0.49291906372607813 6.664154981496906 3.628424029929242 3.921923888241569 3.126931378364787 3.584697650931465 1.415404064678085 0.25546603907572596 1.4596085317340548 4.057738359008113 0.18119674011290818 2.957069866311724 2.358918577284776 -0.5910907413327116 -0.09870220758501609 0.950836847404201 3.897355552134795 0.01654691909779579 -4.049866590624025 -0.2664085514968562 -1.6989876488623026 -1.7794899359858136 3.050726071937285 -1.1168505384932812 -2.9631461479712984 -1.1731407602792394 0.7265868828431037 -1.0075758014373648 -2.2618962064875783 3.1771664589016577 -0.5643295325448252 -1.2142762860354368 -2.5843343299637653 -1.3067963024608418 -0.7576073323922822 0.941875434411789 0.7886471568169107 0.22555449106926245 1.2664025614560177 -3.1649697813200457 -2.861374447047713 3
-6.253175088730279 -4.069539805019011 3.8452219305485182 -2.491711445544273 -2.2426738956408 -0.5407190621724749 -2.7970929256747015 0.45449773407310146 2.1127738499520863 -2.695526069481091 1.7683042972751086 -0.10451604083619767 0.3917726095766526 -2.500740522803732 -0.4645361411280694 1.4751996548054243 -0.4554399244012904 -3.2430509096379896 1.0215188184223791 -1.5005783443950211 -0.6309220320765797 0.3653932137749433 -2.552392731743195 1.8314980259404574 0.4220256862027155 1.346601584501818 -0.29127053009054243 1.2339149103369982 0.6998945166188705 -0.1057829751379539 0.615525151009064 3.169365531366075 -0.9230546859934876 -2.4228614528117856 -1.9889737193803387 0.26314416285270287 -0.7945283008232892 2.3172944406669584 0.6576359259215615 -0.6754034058055716 -1.1308918417356155 -1.0805684072316095 -0.8149572069473853 -1.1196516618294337 2.1925035430098996 -1.4641814725446352 0.022215893054872635 -1.0575116954141621 -0.3053987649836221 0.5482075533187132 6
-2.74840319233799 -2.9147173978665037 -4.984566026809783 -4.6422968110821 3.81360822193043 3.237007894531156 -1.5081981727886387 -2.093916593853162 0.31372845680252365 5.130613556248844 0.9384947871810492 2.6576647781493326 -2.167505264537995 -2.0628023884737243 0.58603041190744 4.676428089563584 0.15684581106028603 -0.90946938628464 0.040766542162009665 -1.8082273346469566 1.5730303796833103 -0.19197004995504288 1.3389312553148198 1.4289274323186578 -1.9721567343754824 -0.8307221856017326 2.46067386820499 -0.9746576391756946 -0.19818544888906633 0.049817471193199785 1.7699934870392795 -0.5376048360607805 -0.4769427146507884 -0.042551069686399476 -0.6244027049686172 -0.4845527897420794 -0.670143877217569 -3.412897974309172 1.8134615304119464 -0.37659723355840546 -0.006417776707920865 -0.5528674551388444 -0.0912021610720228 0.7867361166190734 0.6386219272319666 -2.2128845855135393 0.5174975784423921 -1.9954695053755913 -0.37701150835469294 -0.47733587696643637 4
-6.268385261550646 1.4202736624699195 -2.7151069760929314 0.8126583524312575 -2.596907344222341 0.6379297672700834 4.021625768829428 0.2744482359031703 -4.282854462250237 -0.3532591843939282 -0.4518782967580791 3.7017977371188207 -0.42462106452245374 -0.49567106653072535 -1.3346588845835774 0.5017086487479693 -1.6217979693652302 0.06968768735480067 0.8393762104522958 0.36291616750197536 -0.3414651712272869 2.1841233412955683 2.2480505175934775 -1.3252479959710124 1.7100100928727202 0.1207873533234733 -0.1387042755700206 3.76660007786107 0.5571894043628294 -0.8151985964521431 0.22609437768662896 0.8723960491620147 1.5337324622812212 0.8115416529291746 0.008543233922429519 -0.5312610324744834 -0.9114299876119409 0.1483659047882422 0.07590656004926051 -0.622048518614147 -0.02344208476875562 -1.1750425463671006 -0.7017498881370433 0.2507529444063262 0.6835704725144593 -0.3764142549649211 -0.13966685397804288 -1.4147756237058213 -1.3895263674968203 -0.13005140436243934 7
-0.18027945946943832 -5.855639314128437 -3.405300805045245 -1.3479678778776791 -2.641442984740243 -0.22999567505506113 -3.6221781742921646 3.3568809675953983 1.227769867622894 0.09210044746903662 3.251184961598963 3.049381953689063 2.6247043797696574 -1.325843110932378 3.446605276134094 -1.9207722265514655 0.31949917499492175 1.627484407516111 2.1472288905839223 3.2646796576644688 4.881106967557439 -0.21311625058228958 -3.128943085517048 -6.331373099407941 3.0486164973271634 -0.9997475741024568 2.0530237435750394 0.0584993201881 -0.17868192139655253 0.5703070200018103 1.0559875389035702 2.8029681478187665 3.4200476160316446 0.650696592486722 -1.681431618810489 5.899054141401961 -1.1745108322515474 0.041642925076876815 1.2626959912403204 -2.7274583287107963 1.5304498575176118 -0.732233094516365 -0.5856485648888691 -3.4092173996131 -1.143935357936796 -0.5277987854922446 0.976538994312715 -1.447282258397766 -1.3441264172005771 2.5066653593550057 5
5.792973991224421 0.25307807351886263 -4.342810539935003 -5.761820940260491 -13.378028693065769 -6.330060640512468 0.39136551605493825 -1.6223620144607802 -1.19884246933442 -0.6976548583498217 2.6111912817954672 -1.0077337424640234 1.1465157109741217 0.6138689870571463 -0.31499990509344866 -0.9359562426732821 -0.6869554003069085 -1.2324326712949334 -1.5394869148101908 -2.3127701571321886 2.3138637535637185 6.360763835625214 -2.518380320047393 -0.9387599708162736 0.7834953984071918 0.680948303394785 1.8767556637529206 0.5827141104026766 -1.1356831903825364 2.538830832978928 2.4247878940162275 -1.5229860239567483 0.42856289546335 2.3358938688210835 0.015630913541218202 1.6402434998519797 0.03371358044556788 2.2332612656525064 -0.15426158609940785 1.7481459782748623 -0.01645312202250749 1.1437201881467252 0.8281658454738956 0.003936211105351526 0.36963409513477086 -0.6809391280047048 0.7580047712367352 -1.0403658187550824 1.4069803663571403 -0.8676799540027634 0
2.711202271870451 -3.390223553272311 -0.9779940205470605 -10.248828845736815 8.711734214254431 -3.859664411274845 -0.04284006584494532 5.332393789287075 1.2793264975716994 0.33993484036351107 -3.6531831085731152 1.5980030139240073 -0.6058012746933068 3.202656557105332 -1.6890186671882381 -1.4952189158896034 -0.38350337736893436 0.3695392070170737 -0.9931622616651382 -0.5362617794317811 0.3723858007308693 0.8183927684633355 -0.13365989542981035 -1.368520292807976 -0.7323765103581475 -1.8503373277684345 -1.6871187683570872 0.3350199867742652 -0.9671697648296278 -1.0012132124815587 -2.4308811609490815 -1.8903916094540336 3.084430234674578 1.313741694627171 0.34467766523358817 1.410292473846156 1.2598061942508338 -1.2520934743057923 0.5715215259975076 1.3764941101559367 -0.5812760033875347 0.5780461177073901 0.5853974158842292 -0.4117603458626465 -0.6405043640572208 2.688306858738499 1.6490869971235296 0.6838747400004762 -3.0730909285556964 2.0882769295232824 6
1.4880568083592263 -2.3904054402578625 4.319554236084587 -5.743239775968418 -2.105123482918745 -3.3873919776673267 -1.3335863965017518 3.2822065058529017 1.6258909206268457 0.3278974333811475 -1.0249902989926138 1.9582269704825541 -2.9921919398805747 -1.9600441156439963 -1.1759048333802358 -4.37390051493911 -3.409100495586756 4.089320248047723 1.4864509689591634 1.1298745980022276 0.5949802914616272 -1.1292535846550984 -2.4892082897005627 0.19518177930928363 -0.7029218431704845 -1.2304522507852385 -1.1620469505355662 1.1089431319039438 2.315234460969203 1.8368943367167048 0.30644284851603865 -0.9853280744377851 1.1179567337245022 -0.47885337272456135 -2.935463800539994 1.1284319232875133 2.7997563587653533 3.156537938935982 2.5093471315884153 1.1321000060049653 2.2817398940455105 1.295947232704078 0.8876107216200805 -0.4873821489286863 -1.4263166598225727 -0.33114257364374955 1.0673030118775777 0.744777075049957 -0.05945008505583008 -0.19977945070067188 2
-3.1352828850963816 2.9346124300314 -11.028955569575432 0.5835888224598311 -1.627289221862786 4.216806698568454 6.812803548497772 5.104691653695435 -4.075828461274483 0.9614286828705402 -2.6590273828792967 2.3635153273530443 0.7433949689142425 -1.7242382285049167 1.0549715119548129 -0.6695012220865038 -2.3939988925920344 -3.0246124254786286 4.279162449619456 0.6077528973979271 1.0127598073797994 0.9020515487909871 1.0015257245303353 3.082392231091776 1.7419764783213758 0.9527479475995632 -1.4635048135902362 -0.7845958505424261 -2.06358943466456 -0.8489497323451907 2.006051812358938 -1.9375772484726128 -1.5176166238882423 -0.6093682226559821 -1.158282409062841 -0.21132529142948847 -3.6174450833931457 1.8486329505323895 2.227339958364692 -1.5477164464764 0.3295583383862564 1.1806121785401225 1.2892019234724597 -2.3760563197853037 0.7313423410755278 0.25812400650794215 -0.8002067587999017 0.26128002835591435 -1.7175905447062256 0.2653829866725492 7
-1.3465347713864417 8.165157010320696 0.456531914940303 -2.316764234844274 1.1067281033115892 1.7861237160338173 -4.44255481996732 -5.321843805854969 -0.3065456003543602 1.4878567598898724 -2.76321090720107 1.8765424611555048 1.9548161073971837 0.1541364370023906 -0.9933320960328523 -3.6181863368407505 -1.969507857247478 -2.41334260899818 1.6234717086855581 -0.8882949451922084 -0.5016457139988483 1.936780941123979 2.924076386153104 1.3086661983823051 0.8218324532848229 -1.00203002670916 0.24745343473547496 1.6284723772407597 0.8919610445322226 -0.9246225429930874 -0.7801988781689584 -0.6843003882692493 -2.5308991655088824 -0.035504166114179725 0.15936248858355276 2.0900332652679867 1.5144855718229717 -0.4418158883845576 0.8401531231656197 0.877220081032163 0.7855156656148048 -0.5003145134214141 0.4379330534590267 1.3828633792709535 0.9528836053461577 0.782912858890149 -1.183619641339197 -0.48170913595805337 0.009608652238363817 0.8933550749368627 9
-0.6152488719679299 -6.430535119326128 -1.6633718981963321 6.092022268425369 3.1010892272436434 5.042541294439328 4.399676784291168 -0.08447063872437481 -0.36659623400646724 -3.1088900724713113 0.09666835130869021 0.3244942956532968 -2.5359900671613747 2.616512495450194 1.6047442391288307 2.6629152251333568 1.4768693744569739 -0.3606828476392494 -5.511207539898271 -0.21111205149340864 0.7930471983429224 -0.8385864250638795 3.388609852090752 -0.31783006890508725 -0.7430012779819959 -1.083701495277561 2.176676385349683 -2.4197163279290175 2.5306887348624145 -1.9377589789748066 0.7399135562138203 -0.11562502291066658 1.2797133485776293 -0.12903442986929145 1.023482199777551 -2.3941768171873146 -1.4539627346883595 2.2154056181208874 1.428167535453684 1.8924744231575727 2.387855779262715 -0.8029596058441122 -0.2934423111860851 -0.3272900462588998 0.19515311570202334 1.6262271049056776 -1.0685138255278737 1.289731886638729 -0.30844535662378453 0.8267732204083801 8
3.06822167465079 2.086414838096414 8.380639665159842 6.549522712590443 1.3935897877247512 -1.4166675436757197 -2.990602657260034 -2.368100272845849 0.24947512363842206 1.3124277458504172 -0.8325754400120383 2.241404380070361 -5.355977142915272 -1.0645424952366656 0.9432613108556169 0.2233143587507556 -1.4860933291965437 -4.508480859143324 6.263280162557747 1.6892987212708792 0.4495869211150686 2.111402244538742 -0.7283808731321209 2.2710803438106253 -0.4981073603069605 0.34509419313802375 5.85868667944655 0.27556621594438285 0.7934655184142226 -0.8337806732829102 1.2829157296125568 0.29893220746087545 -0.5764535088376543 -0.2742606262289804 -1.72001161092213 1.3686402685761685 1.5977016250292817 -1.4725073590235394 1.1016626682063768 -1.8934909814704532 -0.7298913169264556 0.8115790947660074 -0.27699571439156684 0.553513441552424 -0.1184648611992526 -0.548835856747288 0.3761640507670298 -1.2873564153375054 -1.1919138136434348 2.896793984030281 5
-6.572223764720358 2.4805742978302843 -3.721559411834887 1.542240197232 1.042073316031477 -1.4838750440832176 4.13726164095022 -0.6443212454980772 -2.3210528542898667 -0.15011312666122603 3.024057398881147 3.3885287269454514 1.2726541832371263 -0.4231144738975341 0.3741347947170099 1.1994059953105671 -1.4172312659683233 3.0584106648825364 0.18105402730907635 -0.4701398193763177 -0.8481769173690971 1.4070568530195615 0.3086236877023089 -0.28549867208052543 1.5177877315673667 0.3787084880066614 0.13319745305970704 2.8280074312538734 0.8115971728427748 -2.3578445750245898 0.11099308648019987 1.7873461457171484 0.00894316240788599 0.5585978763995135 0.28503039731169816 1.3454217076166874 0.028638749538485223 1.0148761619458573 -0.9610151940891752 -0.21048185080416074 -1.793549455517323 -0.49735657721133714 -1.2844189690818653 0.31324301014320144 1.2794148840180262 0.5653775733446539 -1.6091333607642044 -0.403450649077181 -1.06305611142198 0.8645864119221061 9
-2.325266327723208 4.247256255944536 -1.9277017861499932 -5.681095194038092 -4.764317970335448 0.8967133974289985 1.231148057306605 0.9511770226851588 -0.17601022948828265 -4.150625263205281 0.4545675930281628 -0.8431643907974944 2.1197804819562727 2.8240504396101747 -0.4527881270156324 1.9391476715294431 -2.395029736091781 -2.0485844183780126 1.882377734375594 2.0353875059819835 -0.9696548548771049 1.4686027315667574 -1.411851442883022 -0.8832115707076985 0.6341803862105568 -1.1003415844896718 -1.0673669415864584 0.30806608736051644 -1.8153750721230129 -0.6404990268037112 -1.7227335943232176 -1.654984469861132 -0.5655260845227458 -1.3940522741930186 0.1634715160087112 -0.52792733212669 -0.09202884674959749 -0.9993285146121229 -2.121740447303075 -0.8828603053809335 0.812645818999251 -1.6618843273713906 -1.325869855054238 2.4308727634330425 -0.16687341806821165 -0.3542993540018459 -1.1748861540737825 -1.3016127407476956 -0.5030995980734465 0.8315479754021704 2
-7.350559542714254 -3.016046292953413 5.299821151366178 -1.365736133036706 -6.36014466904448 -1.4822029211427676 -1.169026756961653 -0.5931789011101165 1.166521792412061 -3.674708341586848 -2.341035517504018 -0.8484358016001485 1.5328609565867384 -1.0363021787795488 -0.5315941567562803 -1.196706691261743 1.246500827438196 -0.926754313280475 0.31523674515760375 0.7090998899991298 -1.712418619366244 -1.6680735215369975 0.44958474734930176 0.723674650840949 -1.1794154477933776 0.8237444759460847 -2.2055065911335454 -0.32730100138741314 -1.3021021654740563 0.981981142723046 -1.1438996538907207 0.0982887641784176 -0.6048190106722587 -0.5540449767893623 0.4948903665968644 0.643034317563004 1.921170015238293 1.1015477256473507 -1.3071768523439213 -0.8264749283803339 0.10651855741460005 0.687335986595231 1.1022319097106492 -0.01962476448937434 -0.13725480737231613 -0.740316724289596 -0.4255332524479113 1.2052762682127787 1.1820091047906847 -0.09568618917911248 1
-7.293826769641842 -1.1789904369799922 2.8074513510068506 -2.5519419563851664 -6.376632904255778 -4.075902529338248 -1.6938057823828185 -0.13639492997873687 -0.2556033891411876 0.6835106849533714 -2.7294208433110185 1.2588235417490683 -0.41299400976790396 0.6849430516169248 -0.5611070699926943 -0.30649622397381093 0.470396124448319 -1.1268117208115271 -0.389455971445234 0.3895909963882267 -0.05594111444330601 -1.2451389929930643 1.188946720637697 1.1205222442200198 -0.5732901350256041 0.5262881904369461 -1.130306668234918 -0.6582564994834191 -0.8399272068464696 0.20366274880985738 0.14807226694682948 -0.07079314767367649 0.25401406812547667 0.30163264842855775 0.5930124975315546 -0.028126294373599772 0.4834691332727953 0.7665169772156154 -0.4756600719089988 -0.7315222305165705 0.03660556511013094 0.4281126420427232 1.0070110554436253 0.3085166996435309 -0.6218639248493749 -0.41843409691195144 0.2580107853596139 0.19869165979515296 0.7126639029131422 -1.0520360407882716 1
-5.227322446026956 -1.622971360321972 -2.0734070684752224 -3.735761558129899 2.9435936068347415 2.317821571181787 -0.926634227191296 -2.1685215269181413 -0.6890701412585069 1.7536830648590955 1.7639728429823942 1.9835283055213566 -0.6685468544960712 -3.361021685385616 0.007205800095447384 3.088153678002222 -0.2434246096121177 1.0250179289949841 -1.396860726934287 -2.9951291983994572 1.454179029064238 1.5442368732629754 0.3065530363259414 0.5555063002602693 -0.8354680450951163 -0.9478941279719437 1.0471654497437348 1.5087642526905631 1.5030153192206752 0.9565015856431182 0.3226580687293601 -0.28993661390439557 -0.615187879727651 -0.6529908615280353 -1.643926631157662 -0.2457125142939467 -0.6889524214502352 -3.9113124569082403 2.0862091798079634 0.0702256186157049 0.6682932385779868 -1.213707059574294 -1.312003960248297 1.2197570745356467 1.3877385888124039 -0.9145587078443207 0.03461456685783116 -0.7322107217783371 -0.8253354822424425 -0.514378815413226 4
2.0004323297565283 4.9908355776338285 -9.735751802288341 0.3545084380549488 -0.8954160630288057 1.0827471250326248 -1.329454766045718 -1.7665622110790669 -2.606681613188682 2.576645709820025 2.010834768141359 2.1312856342226065 1.5320898917786159 -0.04280297439371922 8.016304292347668 4.8466190348415275 -0.8275003046179127 -4.98249321350166 -0.7437444225247934 -1.6458985773441743 1.1004588541780136 0.2903640968437652 -4.471070072161478 0.9891369549176506 -1.2771546061196837 -0.9719737682612802 -1.7327303889112309 -2.2131491495070694 -0.3864726897814357 -2.6327012404856625 1.2441854750565247 1.3504825883496137 1.4298923324246349 0.06343080703242204 -0.7358966491492561 2.342682599194459 -1.449212891192881 2.8649897074106643 -2.313451627764147 1.5344569070531713 1.3463270379617975 0.1388104450163698 -0.799234289536431 0.8686535630530677 0.9403969756655506 1.1390735646560273 1.9154836692604165 -1.605602167026681 0.23860164701651992 0.32579051126755043 4
0.15486619153684475 -5.343384948109776 -1.1842636458233766 0.7529310837389881 -2.823699534385449 -1.9473780723755527 -6.441646290330375 4.906999791102974 0.7661810571935824 0.34577397892772754 3.4947417097129945 2.51488326566139 5.306127965236343 -1.871557543551766 5.125182985773922 -2.9523115521318903 1.4438135727299808 0.8029835637270696 1.7907405037628015 1.5776590482122188 7.0190109911800835 -1.5507604042301681 -3.9993385151648413 -7.3638704851599535 5.69023934529139 0.34818301918406314 0.794622951880501 -1.706580085147514 -0.5685742533252645 1.1460414252288313 1.8196579834704898 5.76537698115358 2.0499838151458682 1.3803611811765257 0.9359257914000711 5.262680538403182 -1.1999907419552183 -0.046196620447411345 3.6575933708535175 -3.3656967743617994 1.8824600567271796 -2.4879473372418426 0.20507334963422286 -4.171216864612023 -2.2810694828076437 -1.0027080894446334 0.4051142454811421 0.0858588859451922 -1.9204333188270146 1.677577145982932 5
-2.3872164734019337 -3.4288288107140548 4.4790868328881235 -1.2603928762406156 1.6121762516549965 -2.8288401292867666 -6.529195695369859 -0.2547910507831411 3.169756245637296 -2.145682454319162 1.592673961051998 -1.2822191882722374 -1.4447873067626746 -2.2508968537343566 -2.2374688814111483 -0.08426199362424716 -0.07948146370416873 -4.890744416192867 -2.043425256821008 -1.3132078674411998 0.7903279001334269 -1.2075997402739589 -1.006959279256215 0.40001883531227084 2.541079900172365 0.6896814860229491 0.04079331620399082 0.9036602587398854 1.850661039443064 1.4720747526915388 1.4167171903339495 0.3923598402762652 -3.6834590217647123 -0.8313549112660606 0.0009807267443184063 -1.5977047295323215 -2.2171471758797128 2.0699973238756844 1.9364430634754177 -0.31925477490580856 0.917507357791716 1.0449300191216386 -0.8612095428000389 -0.29245104386818316 1.8227163759752734 -1.3482039651556388 -0.7270775295152876 -0.8830970810604963 -0.054256880140203974 -0.21778357661401834 6
-1.2633115181959182 -1.8141093047255374 -5.0202821968987905 -4.301348809718784 4.281011014353183 1.842017707011893 -2.547327727397118 -1.65841952236192 -1.6309155664134136 4.804206784004194 1.7443647728731242 2.320954072679975 -2.1230611401177377 -3.1729014658328563 0.2703834831645096 2.841116944833182 0.1612785831896888 -1.1311467167000637 -2.069271892230917 -3.2972999849222244 1.5702952045043579 -0.5776855824966527 1.1904715660474423 0.9110666985012182 -2.148574889236101 -0.5129561991199715 1.0928960844435673 -0.569278347234439 0.046545906981085045 -0.388538534765837 0.8199453817610287 1.4463255860709106 -1.0502975029280026 -0.3247790187465619 -1.373602025269145 -0.44119137672892805 -0.3977438332634135 -1.5304729598071225 2.148547564422488 -0.07382749847399604 -0.26674410466949294 0.6360552065000092 -0.6031330042189672 0.3583906580606804 -0.21634356530508747 -1.0019560089862616 1.2998674025162649 -1.4688029196562906 -0.5019123673363316 -1.22040695799978 4
-7.987143349046434 -1.1063344104629225 2.974348199405551 -2.6637238387099096 -6.519075570996461 -2.9162918185817133 -1.044882295895486 -0.34182018376710394 -0.788173412755475 -0.21975693979811245 -1.6003156745066551 1.4834368212808422 0.7995428908224732 0.04670092779890374 -0.11240758072273563 0.03444493280730633 0.5674321107326671 -0.5784181454529026 0.35389877437938055 0.13485356210251248 -1.5228004573739513 -1.234479497070071 1.484777657603399 1.0620574716744633 -1.3291277950011062 0.4855539601345327 -1.2905892215850516 0.6046483944823031 -0.6454008380075106 -0.3809339596561993 -0.5283585178252125 0.35027930646774996 -0.16150727588832978 0.0956404363010387 0.6640003097444988 0.3296185203921674 0.6395059234675734 0.19834696283375686 -0.3157534802293115 -0.6523631937332893 0.30333104439500497 0.31242285472015746 -0.0316632347266661 0.38411606105309176 -0.5277666138559215 -0.4286818716282293 -0.5741795966780276 0.14592968389311423 0.225803774781567 -0.36086902411561433 1
8.845463814737693 -8.113112925771961 4.007395149335061 -2.342411900110785 3.6589456808588072 10.135767208853236 -9.805309639443564 1.4982069503844144 -12.46439430034409 2.425507108875422 2.3898146083172693 4.739339423110537 4.780059474923659 3.843486575237901 1.4481545839738101 -2.6459161348211118 4.1275730078351245 0.6693701028553745 5.617203550149812 -0.32318526976565254 5.727925177756824 0.6479574984730851 -0.6281403437753311 3.2699288015432066 0.34948392464050465 0.49266284521123876 -2.2853400656442147 0.01906508529273574 0.7170194827295949 4.385708992455799 -2.2758278404348555 -0.2173789478743206 -4.318937323942089 0.4728596957748641 -0.42543038522431975 -0.6126243106871747 1.7062587756100862 -0.9380673697611129 0.7922551340921604 -0.7486783346838797 -0.10172819897935174 -0.5598553553849354 0.13021079712323505 -0.8424721358211407 1.6957215768760439 1.6260308204999452 3.2686893301585176 4.26551801019532 0.4195370356666206 -2.487367967450942 2
1.1908526067383722 -4.065912293906134 6.0317268327731455 -3.9386208866078904 4.201840277091846 -5.389304691157864 -3.31735300685448 6.289011155848742 -2.2809576424465248 -3.0347348222088035 -1.5175885353000804 0.1944312494000996 -1.7665867962203439 0.3143816237021227 -0.18706245702244972 -1.3575883111814533 -1.887869430665121 -3.067044927915447 -0.24646965278835042 -0.9497308357430092 -0.5718827527786349 2.713927295073534 -1.2551755759272272 0.4109032336863332 0.45531985985190343 -1.503173289289729 -2.6557032014137922 -1.4143305235417638 -0.8812332430334185 -1.7671886078487833 0.03308754233760937 0.5431653656324994 -0.41207913319467565 0.3249519322015828 3.047366281211219 0.3030866353594922 -1.5146081976347894 0.7897262570110867 1.6032697269865113 -0.25653858377438227 0.3771291650066156 2.2940234380775255 0.21932045122204885 -0.41474781690088963 -0.7229876157805039 0.4275928209878896 -0.6344892129733881 -2.631854480896022 -1.3065974391772428 0.3683401708305659 5
0.05586161370027352 -3.4526104298679905 0.694532285214922 10.306435767599243 1.3628063885112758 3.457220096616265 -0.048868866839612564 -2.385506835225199 -8.580077109373628 0.020021412546017636 2.200010651885217 0.6278986150949676 0.08949960457788034 3.882107101873303 -0.03794850600786018 1.337484821234211 -1.2128898256940488 0.31081820785870856 -2.3677939893383746 0.23263160289364473 -0.21862676699123487 2.9284213223449016 1.9577072877883201 -2.186044585938993 -0.8296165977093011 2.4416246038390144 -0.4928700548006019 0.1654409065381368 1.7461333637886132 -1.99927975750137 -0.932134618760825 -0.49714177168372287 -1.3709854167008668 -1.3194551205208735 0.1558865414188135 -2.540159079332605 -1.916695929090926 -0.29294193682882147 0.7270110676191507 0.7788412840807003 0.13956268797955645 -1.041685431807968 0.5555984356220258 -0.6993506283655314 0.4073936739878775 2.4783906667314457 -0.6862032098759059 1.9987663901304928 0.5170085498291028 -2.199031656534102 3
-6.841726317848907 0.7464637488634731 -4.535699978958883 -1.3088929341944262 1.3991884189234152 -0.7975296213137583 2.1266442038599087 1.3634496003536307 0.18646681400984802 2.2843979524740425 1.806187230605834 3.265089775226811 1.8612652171972668 -2.3592091486060585 -0.2564389949765347 1.3525493216343865 -2.182322802746244 3.037230192898804 -0.04376661840362404 -1.442015161510447 1.439732705862212 1.5466731367267945 0.22659454030158102 0.47986408291359656 0.6204527544595163 -0.6048510055514063 -0.11884429236154308 1.7284150281116122 1.7571837399597907 -0.2822526936843901 1.113975309074169 -0.2756448661549121 0.20443602857119433 0.7543393404527009 1.5532856476987855 0.9591418493424257 0.35158471492475807 -0.1436781300067527 -0.12160755713149533 -0.6411592491945839 -1.408490944401026 -1.3631196803187244 -0.238259213702718 1.0967274688978392 0.9284809743841635 -0.7260130195469304 -1.3346817177138408 0.036127759654585534 0.26651429323231124 0.6722244823577566 9
3.5106285602929455 -6.993653630272089 5.7996305716399785 9.782204371907 2.437379007671154 4.575738077334518 -9.657255386938349 2.669082797656972 -13.901377010600264 6.594924020526641 3.0288419618682263 -0.6672563686469742 6.492655444493746 5.338472941769502 0.40004148276978646 3.3202163521421735 -3.0611485017629056 0.5234935736228704 2.218337127042116 -0.18179295626958022 -0.04607446710751135 0.7470825191814969 -0.6546879772877309 8.552982411988065 2.939924614216734 0.5955677629788386 -1.1882281988680707 -1.517812485448583 -5.144666987253006 5.1946582891121755 0.5414362689419009 -0.9381359363105826 -2.5961457047121903 -2.8792123455021796 1.5838484477743267 -3.885372113696574 -1.1608726263204134 -2.8457498508826973 -0.46449470339478777 2.83419964796624 -1.158837504419743 0.13211784380586494 -1.0516148156359033 0.8092475477288178 1.9458768598704081 1.008228443895716 -0.35254061011173077 -1.0753548657940375 2.1470297595673635 -1.2689560040972114 3
-2.025955141675615 9.054134601152464 -4.023265249440331 -1.6279470193178562 -1.951261799992285 -3.4746436149300663 -9.391642658206282 -2.2503782192073616 1.3754879886515352 -0.7515313538332653 -2.7867787216115336 -5.347786000525296 0.6185391171125018 -0.38946710862785505 -1.9234473320888625 -5.113472342438181 -3.906569253616056 0.6212455859367852 1.6809181809700793 5.780770089299087 2.8550547869976173 3.9540986961782716 6.487042474124236 4.129327430580404 -0.5127690433909454 0.7306334321750668 -3.59707463642888 0.0742345659616532 0.8841509607838499 -2.245188837661319 6.128247558364432 -0.8813986418082298 1.5384941389168179 0.4909434602490686 3.1407485089377247 -1.2441886157457842 -2.520429451951269 0.5384675444653607 3.16521517480217 -1.1757977908292614 -2.823637386055113 -4.996725474680906 -6.854777434425209 1.4683556098678774 -2.4735460483747125 -2.973277733918743 0.2071084132431257 5.732207747547621 -0.7363201775912898 -0.8212741244129017 9
23.119279396358234 1.0794128518379196 0.49841235953011775 -0.7136582461393914 -7.260436705177456 -4.871858155805624 6.536360808725878 -5.5747923779528294 -2.3888828944662848 -2.5749003973678453 -1.3193057422308598 -0.7251289389377448 -2.8332328901530044 -1.562400610292609 0.3676601661037688 1.5027340328526277 1.122388337590109 0.17748131218327667 1.7180942580736733 -1.2111556236672965 0.20192871880991484 1.1906423130899855 -1.1157474811577628 3.9639517743972474 -1.7058362696255778 -1.5103448462882305 0.7324311027072923 0.1685563995450355 0.28597408370171246 1.4749133817086535 0.6167130733845066 2.0284485803020647 -0.5940095583195462 0.45797979386662474 -1.9095995094897704 0.2604384702085524 -0.6261307958922164 0.5525941646690474 1.8067104997170749 0.6695698075208373 -1.1356919161550203 0.5472566898235421 -0.22859076082144547 -0.6902261118500518 1.0737139813176897 -2.061340327681465 0.0600287749905762 0.2693673802390634 0.14002514551788456 1.5260498524898485 0
5.730608992716429 7.2629891519873615 7.205710937269605 7.635774747622952 -1.2622988022537238 -1.7508899041153987 -0.23728055367257767 0.587300583493742 1.6802534754845107 4.869407613779782 -2.431900299475268 3.059237780129142 -0.12895544911910706 -1.0006887180604238 -4.9371204306148835 1.3605085120331586 4.206847755701328 1.231364484751057 1.797286704452263 -1.046659169758072 1.9309390324162072 -1.1848913473045841 -0.089048273926108 -0.8458519345461619 2.1121972622382734 -0.13051002808037424 2.588196019838053 0.4498133506869759 0.3633341026219068 -4.431803649557782 -3.1370124468012235 -3.653485765657239 2.5003646016255026 0.6063676521787774 0.44281351131816177 1.3674418390641094 -0.8993884757147842 1.2391780688555596 -1.9844185794995484 1.722079030256172 1.4460062584618525 -0.6944637347360467 -1.1021452578919273 0.26437720711393864 -0.7425982248869973 -0.25887132176065425 0.852888383452169 0.9633372579478106 -2.469582022293609 1.208964058524879 5
-6.659315155469238 0.8319235238876482 -2.7150597746221323 0.1999721975305973 1.0006940796096653 -1.601389098407659 4.258575340128695 -0.4616729614507146 -0.7853450945954789 -0.1785689763277352 0.9509776822168559 4.288503695109345 0.4775959775657358 1.8450442349600138 0.117319251246166 0.9953262596319806 -0.6228433225689126 2.282354745991544 0.6494415459478632 0.7064657158563314 0.2845773183435208 1.7677800778800365 0.7678758043151688 -0.24638123406690837 0.6290693981150657 0.9896021089850815 0.9229527146213495 3.1295566311841276 1.0314506457053083 -1.6313459456932853 -0.3502677800050303 1.4428795192172355 0.4153071697673691 0.9119374120107724 -0.2325399476505447 1.232837531941575 1.1175115435925462 0.3785936305276045 -2.2795931792144923 -0.7759536648125366 -1.1448503064034306 -0.4385256642226759 -1.8749672779491344 1.3063518635791032 0.06967394689687817 -0.27228581779460254 -0.8596200779126334 -0.3020725357932487 0.03143519072221146 0.9349841892602894 9
3.7873871515393676 -0.6297994884621883 5.411210640840022 -5.340755736086299 13.206943827038245 -1.5211680178296365 1.3598232230015694 1.225661029607673 4.8435542681743255 -5.552806534660993 -0.47502783945145083 0.39637507290256346 3.0716655209542365 5.443975875032618 1.2927056360888385 0.17342411220047332 0.4637932411409692 1.0415069768431768 2.8354229392650083 1.8083179032214427 0.7146573740667578 1.0430881842885562 -2.6495370057593757 2.8865849050166124 -0.8964289102282248 -0.09646994844717748 -1.9730336128531947 -0.9262607392320309 0.3986351534957919 -0.3208863618971472 -0.8530559106225702 -1.5817297660560259 -4.390949494070225 -0.09097473202852767 0.087717238233717 0.9996062370350722 -1.3635956774607099 -1.374784339208038 1.6175679041065842 -0.8419913182042302 2.45949240670789 2.8034027584911683 1.060569405973517 -0.17672861626902903 0.8146005656676609 1.3401182243644962 -0.7017669409211897 0.9362133689554303 -1.293135611757869 -0.562573565345587 6
-2.0452354590569386 -4.7092388886814565 -1.2913282759136444 -1.969479448172302 -6.08943796260741 -0.2901705705367093 -4.112708471322817 2.8235960304489893 1.1306546496148684 0.9573423695979287 3.731653964378929 1.5060102137363536 2.6706732767732215 -0.40140655596704294 1.7896413106478029 -4.241208177095231 1.178680716285711 -0.052750472876828755 2.594486117362725 -0.049456868151760064 3.7895738763826188 -1.472357152038225 -2.064972732087255 -4.245927174920509 1.9825440704636574 -0.9402121789387623 0.8334219820432469 -1.0987028318456575 1.0734694547055426 -0.24572595179766465 0.028972338460279422 0.02921993514914122 1.6057731531959187 2.898174480877201 -3.279546490913263 3.5975338361179787 -2.1347363455848134 2.466093548257931 -0.8881821550188516 -0.4709200991634917 0.48705257400723095 -0.1752862583184967 -0.4707741663341735 -1.456235938063854 0.4680116762141953 -0.21458816029131766 0.543855545307069 -1.2409224862185932 -0.9386712006361874 -0.2338399529158117 5
-5.937506022387011 6.669726349934342 -6.209928382581702 0.8249060801839909 -1.2704019094554517 0.2138830067168642 1.397593828876654 4.413220503894958 -4.651563743846097 -0.16303076345246745 5.622703334633271 1.4892376315469755 -3.7754488229281136 0.34029189562624645 -2.9603958160421295 -0.08637355185002502 -0.36660552880845637 0.16655386905508512 0.6519922312223911 -1.5219539042873524 -1.903184833508131 -0.42619882446996743 -2.77060621545222 -1.1642215450607485 2.5132671024683626 -2.3698214515219607 1.0336491187718209 0.35118053837450885 2.4777594291861487 -1.1327482403014566 -2.495022217346682 0.20164448890936568 1.467562900732008 -0.0599982519069383 3.435037119197234 -0.9447471378990531 1.6118424615173441 -0.3891948969660446 -0.8867513524804826 -0.465557176338 0.50661819426601 -0.5118950190243674 0.6895058787890818 -0.5750414501099275 -1.033219327721481 -0.861200722564378 3.614426095143977 -2.1973282355015358 1.1694838432147263 0.9313143738449394 7
-4.309000720302761 -1.1769077965616115 -3.462773099326736 -3.860843945999799 2.656542473405743 1.619538009958163 -1.4335410031255673 -1.9440740156429166 -1.492304160285394 3.894839829509338 1.5037290613220342 2.4632952558995385 -1.369788233275407 -3.202226350650581 -0.3662465761247538 3.1385999188570066 -0.38440132646995795 0.8431461131503016 -1.4010287776291048 -2.9332264522037494 1.97652907052994 1.012287481557053 0.0960390424202071 0.7955811736136207 -1.2470426722158436 -1.175660248040608 1.8519905734273847 0.36042658306411396 1.2508701969528826 0.31015660215320523 0.2691237458252084 0.055117638622860655 -0.0021768878216915474 -0.36416910655536905 -1.4420251337518468 -0.35132983890860436 -1.019135734845187 -3.715598537293533 1.9530992851778042 0.5729563016516476 0.7866265935643045 -0.9481014308727692 -0.9671394902332374 0.974915679163135 0.8913665092222419 -0.9664933438150495 0.84276703302353 -1.1109827077295202 -0.6076646254354984 -1.023415341425919 4
-7.92342287811845 -2.2340404867563395 4.512597222244356 -1.4539169977175896 -6.4183282768987775 -1.956259370694698 -0.9444602608049778 -0.47324597203137514 1.2609009125664992 -2.911382695214029 -1.7533168989892696 -0.0520258863517957 1.9728540215244006 -1.0176356768810577 -0.007075543349476242 -0.251193961517398 1.173366881583626 -0.9973045808016107 0.6857606275160997 0.2101887015170823 -1.865818015638563 -2.008544242754376 0.8706763540829054 1.2431516586704972 -0.8986663104328084 0.9456133094333411 -2.0792141080439843 0.11346201164978394 -1.3183746199465642 0.8584598661431646 -0.3511314561975503 -0.140766390507264 -1.032301501936992 -0.29816759990566205 0.18616444515029748 0.8940417968497916 1.248290381024049 1.1588400641682717 -0.670860969013069 -0.8886770063707239 0.03535068141288525 0.4542616125989556 0.9163218647239137 0.11994826427577031 -0.15023206017595958 -0.992375614340486 -0.712666225033861 0.9011369391179445 1.0419257997490257 -0.6125901322646172 1
-1.816343385726757 -6.833732758412609 4.941403407747962 5.727042805230903 -1.3791467981852663 1.6814470205774867 -3.377785630004556 3.0211367554942887 -6.564182755598473 -0.5084206294122674 3.229966454389663 1.0851118710683734 3.0249239361180287 0.8538341425174958 0.7925636484716403 -1.495605583617295 -2.960929803695383 0.13524298741460036 1.0691298990218958 -1.4648489904634714 -0.25515540184022106 3.33238491387325 0.8996436709667517 1.1646020656401446 -2.5471635509164865 0.8139920579899782 -1.977592804393046 0.4528859436560119 -0.472963891762305 -1.89341336746771 -3.4266186074248823 0.03212488588316249 -0.6879669202702404 -2.682566300714577 -2.556165753778029 -0.3818901844258037 1.6938145760620547 0.135606128074754 -0.2887231358025199 -0.5477944996004567 0.29635267717965114 -0.22711616634497944 -0.661974232760193 0.718523004544249 2.118722575616845 1.8815368612143821 -0.7560915031012062 1.7341063169360655 -0.059056828517514245 0.0319400883285397 3
-4.790947402170589 0.3134388199176408 0.2917740676753071 -3.197398015356495 3.412558435211333 -1.8100531723062603 -0.5057078390261989 1.0413864282077656 1.361153833144544 0.5348339156405233 2.7521698952586027 0.9445808053875073 0.9300415576881137 1.4106022827516327 0.42411660989000455 0.10769291672804764 -0.0451956338098725 0.7910990851193368 -2.36722397833517 -1.8092870409798762 1.3562020889235997 0.19779824045056765 0.160154040334993 -1.6161777736505374 -0.6570670206413837 -2.2748199561216524 1.8290575290449964 -0.6835729234853094 0.9008386322065093 0.2250630768613416 0.007954644200075401 -1.7676554191853686 -0.45628163134759514 0.7112023310313238 -0.2784520878228848 -1.7639644036252073 -0.5519146989547437 -3.2354050228304296 1.39492311973286 0.7005065840037382 1.1177284699936503 -1.451129405017284 -0.21222582496231845 0.5029711136173278 2.65489263840088 -0.10025276636593528 -1.5782689353636778 -1.064152920966712 -0.5503469416518761 0.5715489275815204 4
18.743561768921506 -5.839486214117756 -0.20603273702776548 1.8646981818050081 3.3624475726672807 -4.90238307758527 3.487989480562574 -0.9532939745096931 -1.236274271250826 -0.2976245516039775 -4.3522312304540405 -0.8696885672585238 -3.5912381415351615 -2.242751088850279 0.12162804162097803 1.4304904969028513 0.8080169675574496 0.8939518116173847 0.9196116028385558 0.03161576633483411 -3.6550104445194127 -1.3872086979868068 0.6545364545761834 1.802342290344934 -0.6706789015283938 0.7893637872823996 0.25339769387082556 0.1165885148354442 -0.2987939974761359 -0.6252528305404171 0.6298169465378755 2.1468829272898993 0.21514095702349129 -2.5735117694998224 -1.5850203296452499 -0.49272083609457373 -0.7814313232230291 -2.005996537661391 2.02875195263255 -0.8194464632213635 -2.494886850902878 0.4268486699095369 -1.8542372999493122 -1.0930265069856084 -0.23108215884179753 -1.2629934197477228 1.3814743326825234 -1.0754629296316698 -0.7996161885856232 1.7704690009165671 0
13.692528794936353 14.599092003735658 -5.227126488271499 -7.124485644604324 -7.6322874152997775 12.239457624815214 -13.077292145838355 0.7002281619704341 8.267771559766025 -2.702699200686052 -9.182879827232126 9.41694766873462 0.7711426865599448 2.2542796907633966 9.333858611954405 9.416638981681674 -0.9152802424315942 3.9049063660537477 -7.924107020059012 -7.230556357401181 -6.441305580320732 -0.43956488310739306 -4.10710164744608 -5.557588922986611 -0.4702683696365364 0.9704229099114241 1.1890453585485565 -3.2007050599726123 0.8471288252473151 4.9791602337115135 -3.5146289794651433 1.5159966430973615 -0.6054582208581663 1.809417770509932 -2.1069579647796126 -7.2096173721264 -1.2755426784292672 -0.9120001650538294 -2.5706942414201825 -6.309121506690057 2.257824223640155 3.2480819155389966 0.5251420756773919 2.457514264443674 -0.640054538298334 1.3150423257857435 -3.271999195971364 -3.0962884610478376 -1.7111177857532345 0.5411313982068134 4
-2.959198172119334 -7.040027241519998 2.6078751604717123 1.5495991876602873 -0.379276088143887 2.318632241068971 -0.7802353348322482 -1.258002376955203 -1.002262317225008 -1.557120716112958 -0.39562954430209474 1.1202483840657764 -3.1218655966593225 -0.9208086378042727 2.6227607287271577 5.178551945257405 0.794437679863922 -1.085632321493967 -1.2763827041606037 -1.4746806699151522 0.7266890670369176 1.875043247146364 1.0111974666459294 3.0385382994945416 -1.3745831910261614 0.0696582574161889 0.24501828024342132 -3.604791199042468 0.9439888218070861 -2.274725330604331 1.2977318651471728 1.1264250454178064 1.599736697876734 -1.3005400988942533 1.4495448387770176 -0.14224057444708124 -2.4455592699841455 -1.069467827273092 1.640119863056272 -0.2963058092037454 0.0859815760457791 0.4835396431207472 -1.1289222701777097 0.15727171744244067 -0.22488187742292987 -0.590537144611204 -0.2355487256028682 -1.4852886915691839 -1.6575538741942986 1.0050489178908266 8
10.322578545604026 -1.1235160214740032 -0.898022239428066 -2.2724328037938712 0.644663924456015 -4.233718684704449 1.5268260605119781 0.8809851456178686 -3.943133952064592 0.5741834328658866 -3.48910132035664 -2.113058380812809 -1.4515894203805133 -3.9861968081483963 1.592893455148801 -2.951161388869559 0.9526462663424167 -2.554190176576992 -1.2280743565144023 -0.6851826954624065 -5.041537346781935 -3.290023437734495 1.422935797020366 0.12829632937038782 -0.6702275629299678 -0.6942705514093518 -1.650981765789389 0.8499617764111834 -1.5522987517423297 1.01667584661391 1.4126216342520457 4.0220046448689715 1.2826217719694641 -0.5252983704817596 -0.3599407660708069 -0.4470261509346096 1.5557728470552976 2.4287027277612627 0.8458388732039442 -0.02927397152304134 -2.6641280502193085 0.3476231777837347 -0.3032051302045599 -0.7928381149593094 -1.2089148530922906 -0.42436016698835904 2.036755506511654 -1.9170586544234527 -0.37682072833748564 0.6653082995072221 0
-1.5648081488801093 -3.097731074770758 -6.0382018760124065 -4.189196488895155 2.2992185061171595 1.678724646552839 -2.8117892427519497 -2.17839309631461 -0.08327613828384854 6.289454233802341 0.8763888330839794 3.5585831702587774 -2.0887336265308027 -2.5401539045823873 0.31768876843809535 4.588533615968322 -0.48681510822808594 -1.403012053783813 1.0748750621597085 -0.7712020323594884 1.2420354808386154 -0.043454912856535965 0.9670261189730467 0.5890254553021312 -2.658079734337026 -0.18424167351435125 2.492839769287149 -1.2700237416694558 -1.2129256192422462 -0.015075135954128393 2.3399352471708226 -0.6918187576336949 -0.7681339743915093 0.1719350233912158 -1.0521841572471542 0.5763931269468037 -0.07338364737950086 -3.431883685598369 0.9864889103107884 -0.4567699395798711 -0.05145733163921189 -0.5513563593211483 0.9064001982725632 0.9389866935737725 0.16455322106488696 -2.3051933875161734 0.4114452358759321 -1.8482753430357477 -0.3485955158717273 -0.8748484786802768 4
1.1671121772500683 7.449532976376301 7.404198916564882 10.77401610785189 2.957972299797331 -4.047175794915172 0.6510203908328384 1.8652750808166112 4.463147828078663 0.49157110840368295 -1.1467073387768312 0.4772821694578939 2.8752455988811936 2.3384342808987855 -0.9663431635811904 -2.002527360088106 1.0818287705768974 -3.82231383484606 3.4557383606922865 -1.2590361072534844 2.4476586169406453 -2.378139564746143 0.16720446312052503 -1.147778267790321 1.212223208443984 0.7475384656733823 2.3821210368479497 0.11345405566014771 1.210841510012917 -0.6052150647052782 -1.284282651052347 -2.6202203622488596 -0.06977941287842844 2.785293867768578 1.3121703801357367 0.21413474850427222 -0.18980074393529606 -0.4307714482534515 -0.5769278959115738 -0.019015149436475903 0.5901854852741384 1.3363372385189274 -0.35804821124896924 0.34196563174196604 -0.612274974517825 -1.2919235975377181 1.6340733033428836 -1.193661679516856 0.9420384419026117 0.9577300662841286 3
4.772747308766546 -1.154150496512628 1.1627794022501219 -12.186455359893902 8.500807606365068 0.282518668425901 3.094945092717001 -0.5929348637043979 -2.538627739020147 -1.1128988930071706 -4.955262239685591 -2.276546045486667 0.9604204483384307 3.862968827763521 1.5626480717536195 0.2990741084456494 2.0448578745833004 3.682852849925672 1.5318715940179115 -1.6051736164635335 -3.279658186470366 -0.5086615293137712 0.2538685568825229 -1.631190251525732 -1.4437792114605306 -1.185765781045086 -1.7123718305386348 -0.8120309209998244 -3.009945478549131 -3.1024016068184253 -0.8976469231240402 -1.9654359456270558 1.5880876317034167 1.0991256662193987 0.143222055405567 0.5813881834592193 0.8307096738772025 0.14404851119684622 0.8043011041575366 1.516237052850816 -2.526392326092259 -0.01614431279780734 0.34201966579920245 -2.1369955693641463 -1.1076432879091274 2.637990739479503 0.621749903783978 1.35939149058284 -1.3457285025168313 2.8704262685327597 6
-6.736217802898425 -2.4994017686277816 1.2234739057945214 2.8314994955521757 -2.0137043775581938 -1.100356658395341 1.075230101821074 -0.1050480147440154 2.0303387349925712 -4.031981820407894 1.8653417817804179 -0.12251902872554589 0.43843018697277303 -2.2182604793439897 0.3405434656364883 0.7690108452953889 1.293508431016529 0.6412123652224034 -1.9938022847060484 0.3249002133696768 -0.7918406000254148 -1.1557845681897785 -0.587285836252752 -0.9609837024237429 0.7943098911563166 -0.17100663096919497 0.2710329077452159 0.4647188502975921 1.233571236005793 2.942116950088579 -0.1513691193327705 -0.6334168082043563 0.2592023135166272 -0.94952029642607 -2.0381427957289184 1.0113055539170914 0.7142353761931258 0.03996791872242337 0.3206706603286008 1.791353105934588 0.008655493360729695 -0.737890166164346 0.09681490444622304 0.06589094112885163 0.3150547349204037 0.2835260147199302 0.9002609515592177 1.7318255042737836 -0.09198963353514077 0.010079480901844216 8
-4.984186871351692 0.2876774568435371 -9.690205051405044 -0.38730578108466035 -1.3041635708003598 3.3836381262220523 7.035651308458526 5.141512357486452 -3.006640542696278 1.7217343612451315 -5.280999275953222 2.595066158035763 0.5054355101527617 -2.071977796899326 -1.3080071134257447 -1.786814823690656 -2.0869970124145176 -0.10698285400586802 2.8894952378884464 2.563161998988096 3.603269532826413 1.9965530789867445 0.5456386166894035 1.2342769657670354 1.3254262699956878 1.7685310738827043 0.12164473798598657 -0.936620757630362 -1.3489864899535287 0.6910992553359506 1.8459737798852234 -1.3932556278017105 -0.20866497895101424 -0.5782403279297997 -1.5686702831278436 -2.5188285667093786 -2.4740870451577623 0.2725184381064238 0.7661488559945587 -1.8731873076705354 -0.47655377639121743 1.858420845957571 1.2589189380214645 -3.236199211045144 1.0814781640181141 0.465235124009452 -1.1694240958766822 -0.6397542117888511 -1.0793192672677445 0.6476584318246869 7
-1.6840749394534402 -5.793756128419772 2.4855345052103393 -8.321592446670861 7.202191756991698 -1.097935450024764 -2.2847172503177835 5.0666837699317995 5.016030033388401 -3.4979636382120853 -0.8443053446655987 1.4980509659076626 0.00778527872158278 2.5549589650205533 -1.8640787364218376 -1.24572113451263 -0.029411799442175212 -3.5646550185341623 -1.1399330554769802 -1.58772444000693 2.8119277344632105 1.7455137964284404 -1.6657733658240823 0.6122761830220174 -0.14251537440718617 -0.723090910907912 -2.7203099558518624 1.203373531710308 1.872332546217545 0.4434693925489135 -2.939863608496044 -0.8912084091985184 1.8717155530734912 1.4943915014602343 1.6989620374971315 1.9769815212843367 -0.09638293573709786 1.2214983926305512 -0.2480195507552772 0.7769212336150879 -0.039572506966481805 1.7446528309912657 0.312323603427431 -1.2074209149208839 1.8509952776386582 1.265958414176676 1.165979239170824 1.2526843538333108 -3.1010821020067545 2.5153431132658852 6
15.826043407809314 -9.273743047571584 -2.0029126406987188 2.3304037375257565 2.4860713677881043 -5.33083633788126 1.865288211338968 3.6583621515429647 -0.4302400725873734 -1.3539313324789573 -3.0820765987253376 0.7838416938708724 -1.638375470543899 -3.2502148561648885 -0.7029456659346585 -0.8901943013744491 1.144091948014372 2.5243305753466654 -3.0481213054296927 -1.2266252295303388 -1.3199593565191177 -0.5271009403564393 2.4937545482866725 0.3137292500152302 -1.9276966734770051 -0.43244818055041506 -0.25736082064062804 -0.7428724635533098 1.3789566268143731 0.13830937733779608 -0.2632614652113694 0.7614468205390708 2.3446863024518074 0.11760797725872346 -0.4903743485199233 -1.3657260526023647 0.8806483084749076 -2.1725824058676118 1.8360340193013511 -0.2671160543787813 -2.3728479935493247 1.1367232172085644 -1.2405238254203816 0.03795901953452521 -1.374944940010412 0.47995517280930344 1.885280049907149 0.7021963361470306 0.2821761979903955 -0.04268793391581645 0
-5.961763268434361 4.471545547634898 -3.0751630817068203 0.34062715903376933 -0.7139672404825987 -5.391377144744519 -1.8108828573001126 0.194939626621706 -2.3034405213775098 0.7095532624764381 4.549475792768089 -1.2430266636625587 -1.8294897285307554 0.6812668369688945 -2.361724973168903 -2.688104163470493 -0.2077491338170322 1.0645387035079548 -0.3149076262338834 1.5764326583706578 -0.7364606251676857 -0.8217855635640399 -3.6543772253016478 -0.6753535787858166 0.10189008139236283 0.2544712240292034 1.9112605684383581 -1.6820142623351515 -0.05434028338569343 -0.9857104984513334 -2.4245342277448896 0.14484567329661643 1.4769755474303423 -1.7374601721628038 -0.17919395656385503 -1.328969036428434 -0.010901587453440859 0.7788613384315013 -1.7976186187089518 -0.4162363604529541 1.599021816669654 0.7192029450421588 0.8268492490140364 -2.595765117613775 0.7542329626614563 -0.735915915690435 -0.15886553540929643 -0.8830003192820381 -0.5200233134553475 1.7242396266546154 9
-5.328137360627525 -0.7988344295135623 -7.648495647022281 -0.7540282592770834 -2.6451161095342477 5.693664257565319 6.593595709240119 1.8745208822909096 -2.7666976246910258 0.9549372735496225 -6.981179596903399 0.4472141871033735 1.3528021750708608 -1.8199670795937997 -2.6725069826202343 -2.2737664913541122 -1.1984007482485906 0.8874593930171648 3.304787028284989 3.8210281683615444 3.2592679665549844 2.177661050457689 -1.0149432640617069 -0.04442794907566667 0.14051201836676955 2.138591584090003 0.2025474555411942 -1.196261655003725 -1.4016215913765873 1.0860576487232896 0.014135233601152767 -0.7019240878678277 -0.23507000046893445 -0.6023850512733886 -1.2157794491517828 -2.9769843488602508 -2.051040753971782 -0.8285166370042386 -0.1770353755150232 -0.7883976904973011 -0.032648928058158916 2.5136969484534233 0.9146801492032618 -3.0768368460944937 -0.3235405887350434 1.125407394506791 0.6476595621618252 -1.222220722203917 -0.3584891547814445 0.16467484669178867 7
8.676076109911339 1.2653399563436545 1.0966297419688775 2.4838272791207423 -5.084442155196253 -3.232932996726418 2.2349251925517426 0.07301782652847186 -0.16031964190978337 -2.0221911297859725 1.004714613954416 3.2642509084943567 -1.0581052169010037 -1.2895932933100478 -2.737491567865161 0.025506413093047534 -1.57839813183589 5.86835046370214 3.983040490805504 4.53772246752732 4.028437197085086 -3.0996237313651047 -2.5003464375399047 0.015244851752218562 2.3024490660528567 -1.579270477193669 0.5776111894123126 -2.7649542289348847 1.0104940284335842 -1.2173466903806436 0.5695856880291456 1.154119473749934 0.25254199657576826 -0.13979623278781794 -0.8571759444617207 1.1396072169654277 -0.39053371288388056 1.0351968143759178 -0.8858037523625144 -2.058134017143232 1.7680750785856238 -2.309077665676096 1.5920067101026065 -0.18904725294156138 2.176173853549205 -2.0928578196943475 -1.031876211782692 -0.4763362715069861 -0.2883589991599936 -2.3633071498663574 5
-6.369643345568727 0.41781949957484776 -6.433788623114686 0.132858962095477 -2.1212825683676644 3.596118626644734 6.3498660442631625 2.8491602622141836 -3.739082558954527 0.02071890333541737 -3.886664952135953 3.160795029166711 0.893906101971551 -1.9683265021479972 -1.968726864758124 -0.8427831729665258 -1.888295099952535 0.9092700013961 2.564692917281973 2.3203422539025316 2.3641127297082534 2.768232274940618 1.7876107080134738 -0.3143451600369906 1.7256807828675893 0.9972852338856241 -0.26623878616788815 1.5430941972631083 -0.9733070855943458 0.5458320604266794 1.3438389867412934 -1.2411419430449928 0.6150990644559095 0.8368410091611643 -0.46091852515404463 -1.979246612636293 -2.289255244439769 0.29488416745994334 -0.1999589514578838 -1.874033164799692 0.0670032899976912 0.9872955413762429 0.5900859924066117 -1.883813216241833 0.13210787215119735 -0.11552310828108203 -0.9216661830181633 -1.1509419750781484 -1.0240542432447393 -0.1815469747623672 7
7.108031152218794 -3.3960974629083682 6.750178498295019 -4.787810413941964 3.143866688183165 9.813563428071147 -4.898835761779014 -2.629527042342672 -2.8188454876895532 1.2950451363751287 -1.3872441237574675 3.63777886622821 -4.913416645942902 1.8320387776333174 2.4447449948262867 -1.7917641408730776 2.8351515364006366 -0.3059437024136961 -0.0023502960593346635 -2.3131380745307255 1.5682685016177038 -1.4318248496364312 2.791494559034116 1.9110796667375172 -1.1475592047334309 -0.05275898591142605 3.2033201443107853 -1.4009899119648839 2.636948290021474 0.21151050557875697 -0.9271530895776237 -1.3525843830287743 -3.1027045078513154 0.362324307892626 -1.7322568687660445 -0.03594114862208383 1.6342480444639498 2.5607820715943674 1.0022324756709347 -1.3873640420807636 -0.029189428570694096 2.3695726336028557 -0.1548345486403593 -1.3367598301902848 0.08770953823267774 -0.07864589297201734 -1.9782203563441265 -0.3535317402984764 0.5840171940607761 1.2445345334991376 2
-6.964775491196713 -2.6960013561879754 5.41100666980397 -1.108038861365776 -5.967385143730696 -0.859680782494458 -2.1656374258288595 -2.3580233427484107 -0.020679129721970283 -3.3176242216339697 -2.15930403070236 -2.0149701281080667 0.8288705331148744 -2.4277632801788624 -1.0015217491428265 -0.40689823224641414 1.0712629598738483 -0.07110079225392858 -0.42201901880022896 -0.23158380241783375 -1.831357052965923 -1.1653459761568619 -0.6264076185354416 -0.28268775107549127 0.07501924513958129 1.062568261930069 -2.3591056058302087 0.07630726313171964 -1.0822605851935807 1.0374143245020158 -1.0406166057646171 0.14139012472371298 -0.7251889808958464 -1.2022408126138047 -0.06107690575006141 1.1327495959630143 1.9440223801403782 1.224882728858536 -1.3936465995135872 -0.33106777589551434 -0.6348792434331146 0.14199812373464676 0.9373599203428501 -0.157950093448208 0.5186851527937669 -0.514443347761512 -0.9632635517918537 1.3176613872079552 1.1043417074299315 0.2607704063844767 1
-8.048800270709796 -0.4420114328818849 2.751618016134734 -1.5276844016349032 -5.713428463207576 -4.366192202218145 -0.5017200241404375 0.3062690479565539 -0.4409388657563503 0.17151058252720802 -0.029642749338218 2.177998498850766 0.5433946415450969 1.3075098152913214 1.1394475773968313 0.34996642267790495 0.6963021749465662 -0.604702416507275 -0.4882908288656448 0.006777387325231992 -1.5225227580609701 -1.6736679155524505 1.568376076163854 1.2917161100186811 -1.7869188232611817 -0.38609227050473877 -0.48335525013405356 -0.42907048856919616 -0.17925622166567143 -1.0472630733194979 -0.003142995240210679 1.051040502902677 -0.5222257226917842 0.5542690706880519 1.3275434822088472 -0.4507105667944471 0.13359364577185204 0.12100049933096006 0.5812788923105524 -0.035155123468280605 0.2386477366143598 0.4000548491170701 -0.21428162703040127 0.34371296224074 -0.5618572927765717 0.24600709546353108 -0.13260086758800838 -0.45688646129031785 -0.06912456846974903 -0.41802105189070105 1
2.75276753385902 -2.656107462023684 -0.29306732554346976 -9.618847167218162 8.160557649887993 -3.418852103903977 0.724118287148539 3.811340242725058 -1.5352632443419403 0.6270562567390631 -3.4522051770892106 1.170949770416639 -1.4577166657454557 2.945914387176397 -0.6440591599804552 -1.9506159025648155 -0.9018437362110461 1.2717680401180789 0.4998481803891683 0.09468776339477787 -0.3806221399901143 2.571746034264277 -0.05188125239293038 -2.2649733552015454 -1.0816192554200912 -1.7896174865424397 -1.4736964088462148 0.5995206024432873 -2.295364310978829 -1.6819649740095046 -2.00357929228123 -1.2709983180187778 1.593626868874053 1.4168142587857682 -0.26714224260500324 1.4818227840648133 1.3960483866033668 -1.519773244623554 0.2656826338680571 1.0631568334974113 -0.1493761970965835 1.4538058973445276 -0.014886165611931275 0.2965690599099478 -2.9652385427530907 2.276592850141972 1.3265012489943864 -0.263329688199416 -2.2859934420345858 1.869136105463586 6
1.8047779762862182 3.1622326621695898 0.4567643228754883 0.1443647510608875 1.3607703497463821 -1.9580291942191406 6.261847360205253 -1.8183895152440566 -1.3658872295942481 -3.437997207126866 1.853313951268943 -2.4560639325611486 0.643329166851928 5.275106821933392 2.3376781838978116 2.6874459451380677 2.1713780650872803 -5.176422465353019 0.589774744720002 -2.625059431317728 -0.5610632980773952 4.091271235224762 -0.9645187185462668 1.0187424601344637 -0.8277930021797254 4.768566282789989 3.8055001323224826 -0.7492623661024957 -2.6920179030491207 1.4679862409840971 -1.086338365662257 -0.8547737498349047 1.3045374693757643 -0.008612908613898785 -0.3453790409772505 3.7407548870535274 1.5152352338117605 0.6306544341350329 -0.6081865899131239 2.420798186442014 -1.1253565380663733 -0.8171461162216567 -0.5082022456421396 -2.1088489619086275 1.7808610185393332 -2.1064670198162756 -0.9046273252966284 2.671346325410034 3.3928644736228923 -1.3566576410911744 8
-6.842782809343351 -0.17389315490130958 -2.7792360836045975 0.047026469799832674 0.28402956473699453 0.41352796726466284 5.034001011796445 -1.8028837670816875 0.08598095291919859 -1.258941160118608 -0.4397469615278803 3.6412839178297407 1.9445184944906126 -0.5956982857000964 -0.15892071282595072 1.4287338472261186 -0.3535006218017629 4.005558725038085 0.7110548742502495 0.9392978354022237 9.965580603758998e-06 1.5855791135697372 1.7681337975234097 0.20478956661215775 0.3507145109501655 1.1153906210660804 -0.8191387309006458 3.6647518029138273 0.6871063630180174 -0.10833196740414483 0.3695646749555911 0.7905363204464313 0.46044261073418324 1.0838074644688698 0.48225337222743314 0.30441521039339187 1.1321416491573268 -0.5293944298171145 -1.6845017409299239 -1.5318812516921974 -1.7739380808332792 -0.7666951019049053 -1.1113821987145935 1.1208061233324371 -0.7405550194784561 0.0554889249357704 -0.5244692797088177 0.1914363930071493 -0.026238870749733297 0.10556182631565829 9
0.22394181883833453 3.0128078173874764 -2.7813063605142303 -2.6563364090121335 3.3429457390565935 -2.702976221928755 -2.967120623136784 -3.9518492103489247 -1.5488953947691668 6.054936636522822 -1.44177329480464 -0.9640990360744377 -0.6211456560803433 -0.7972044852948657 0.016654973620383158 -0.24495654902112968 1.6786827181626431 -1.7614828042605482 -1.8298686369289947 -2.3888025051805593 0.41012807501451964 -3.5990161950855812 0.5564419413031599 -0.3828530426865453 -0.7862423499445165 2.022944469224058 -0.7568408469352087 -0.3967801721263484 -1.2126221317280084 0.6349689286832878 0.22824580710734202 1.4161306705521146 -1.8480674404573936 -0.06800309764524802 -1.0303154750294015 -1.003370556319235 -0.1862514190654616 0.07446879218738753 0.28873679535712643 -0.6856721258034398 -2.6492522058919974 1.5629528209860903 0.13146338746240044 -1.4725865910967975 -0.42486289164065844 -0.19712325632053998 1.46798414841358 -0.04175812965746318 0.9290395815131531 -1.1874464058796539 4
-7.279993946931524 -3.569102763444158 4.750243418568005 -0.5811270223473928 -5.8536569400228124 2.155410280931837 -1.4782086045985114 -2.5066363634490854 -0.39663031538284477 -4.458475857636778 -1.4080085342480522 -2.204255261049423 2.144447243140021 -4.058440552611063 -1.1977460383625227 0.5326918328794588 0.8757855019164078 0.761743965843883 1.2029336092695069 -0.1685111104900697 -2.4052023729289638 -0.0758311478335795 -1.016412103557678 -0.22014349924250645 -0.5309339085231075 1.1271913686336836 -1.683490401751571 0.6832567891223336 -0.8451739371083734 0.748766911821109 -1.4588953009113474 -0.09369029337740928 -0.4747380461099478 -1.6261973398077392 -0.7650901977477172 1.251431195624149 1.03333721592683 -0.3030930280171232 -0.854447471552046 -0.12275969056039271 0.14815303710713695 0.11838347106709006 -0.317308336188948 0.21738496406530922 -0.5114197087361206 -0.5329159234830098 0.16553651450454088 0.6319324942690434 0.6110819395205251 0.10717768398840709 1
-0.21891945501079593 7.994977279299381 4.277883565330101 3.6912085825065692 -0.5587991522801806 -4.472822315856945 -1.2092885764153298 -1.9764903368886713 -0.04235629705442745 4.417413627387316 -4.20953578592023 1.6273208180966585 0.2065856374829878 1.2023825851744614 -2.6071569198108664 0.4675754785139796 1.4383168516350158 -0.05754149102198064 3.287662781781453 -2.4383730204799705 1.7394230278887821 -2.267513704652331 -0.5755997533178547 1.1245286417362155 1.6704981632065226 0.9401629413336205 1.9193328263998213 0.1352077974053877 0.13216772515313024 -2.9862842453844824 -2.1613386905790293 -1.8136142068777505 3.5479949202361323 0.798438948793255 -0.4040069064160592 2.1037504470675423 -0.21582407748320115 -0.7694198875626103 -0.8666887922119205 0.07764091237548779 -0.1457677036141933 -0.6701002864073693 0.0179710580889563 -0.043424805395379365 0.6097968185893561 -0.03380664223192149 1.094457445284661 -0.35801598110434135 -0.26896299833433157 0.32945939968604265 5
6.076363661186937 -10.850158407567388 1.2774447012510424 -5.7274507907857775 3.1797448879270753 7.024429850116202 -8.201246531479914 -0.49590708913377085 -4.5487991102130065 2.405646140674499 2.8515717867302 2.336840736173448 -3.2986650940185895 1.3868180164101251 -0.8200163485831093 1.0700934778095526 2.020903696103414 -3.9092175651208 5.680624659226932 -0.6462023383530734 1.712406049810511 1.9803379231170135 -1.3957939286330427 2.3205010215787576 -3.1015838719152673 1.6573839590214954 1.3794366222203625 -0.22334935593205502 1.828819122215581 -3.361469116381384 -1.1966052639764737 -0.0929366750319082 -4.203785858614854 0.4576384739179587 0.49504176787253124 -2.062226778460368 -2.894997338079786 0.06359840606430775 -0.6662907154162766 -1.134318315574591 -1.7885590947169754 2.465179598908434 -1.2442172678724748 -2.123462838230147 0.5602160459156923 -0.9548877090046616 0.8621600694570082 0.24732386512378854 1.9727803119157807 -0.8406991590325681 2
-1.427679416439205 -0.14849463231634868 5.615680967137103 -0.8033671422356947 -3.451112941482178 3.4187086648839338 0.23902215988633593 -1.501476822841609 0.5951216956934724 -2.881237125281704 0.8610463694242063 -0.5738734164997811 -2.9659483558401374 2.7702254585036843 -3.0721231935567124 -2.3360592114768495 -3.981279293985787 2.332921884360778 -4.272978122079265 2.413652358259583 -2.1799981629940732 -4.625183864087604 -2.2397266078486076 -2.076848605572349 0.5655216959109649 2.809133004072132 -3.0095878380241405 2.228079969064549 -1.6667627775850364 -2.8006686818392836 2.4826237281854264 -0.8540080923644179 -0.7653003822624995 -0.36349702948064866 -0.20453321773828106 2.586636768427033 1.342592583176502 2.1060864321680324 0.05213054630554363 1.347412332336328 1.9045082036137737 -0.8883351659986879 -0.44356567811099556 -0.3694584444167729 0.9175285492840056 1.3344468507881522 -2.10706025463694 0.9105411396772352 0.1306133285327569 -1.5503056845820578 2
-6.072753833250965 -3.024869966254352 -4.430880329804657 0.3821994317824031 0.892067051286368 3.476386333480048 3.895165937581818 0.5563064435169538 1.4196621066549895 0.8776128636539199 -2.7775663974443425 2.985729941029324 2.0305241565450705 -1.3751974726082286 -0.3926930006366314 1.9379172767162085 -0.7132226457769593 1.3651051585299823 0.043266637330124195 0.8933154095209263 4.285898994788328 2.2016822121460367 0.9814604009791216 0.5635360841268926 -1.4682669381620095 2.0917832338918028 -0.13072242321304706 0.5641213312585046 2.2380096805918526 1.9300542768600248 0.557880053606888 0.20948729453356937 2.6061057611307823 0.8755319756347384 -0.3432793933895308 -1.5641362505353713 0.08490316728899476 -0.2724280923743476 -1.02257338552525 -0.7927800702421249 0.059813467005847054 -0.0734480621198232 -0.08579913678323825 -0.31318624019831914 -1.3517744890330368 -0.8112295185077018 1.8958521530485704 0.3291567716712398 0.06158084121915127 -0.06835348178638415 9
6.267284575546357 -1.7602237178304592 0.5280941790343066 1.5444478991871986 7.640913800206808 -4.03673740798477 2.723029604966313 2.373065341357874 -3.115680667868856 -1.9330124289099373 -5.092232837330541 -0.2526857029949717 -3.235657362825333 -3.8553023403399203 0.4503015519806797 -1.7469380110293065 0.26463456636384325 0.8689204980538984 -2.2186323971685726 0.8432286673754743 -1.0497905276949255 -0.4985223206552785 1.1907920716947136 0.25009924592062033 1.4700836762202207 -1.9283100349884181 -0.38376885523983734 0.016764860561093806 -2.9906328837867853 1.4997120000653836 0.6009780910245924 1.8457247308770757 1.4387320194959694 0.3329544585678497 -0.48853032130391755 0.4780401640473336 1.9558120385580602 -1.0112989496976375 -0.7806403635902679 -1.2082890313683567 -1.2471078311409334 -0.8177683689076876 0.4768814900338151 1.0171825940959673 -1.1526220443695814 0.1281860765375536 0.5049434763078956 -0.9179965164827084 1.0572013551594526 -1.7860121152715651 0
0.12976552731425142 -6.4385167488581265 2.711800377374929 6.422669978867566 0.16938283723714373 2.041755948982493 -3.570409373916922 1.9366494898606297 -7.551207731319219 -0.10551336918263149 3.1102698654310164 1.2365158388233755 0.674112625471706 -1.2891890162131532 0.9304136678715119 0.45509119099943873 -2.5378905506396516 -0.08214879343763311 0.16434096783116597 -1.7801351720381662 0.20673993312451372 4.764962661840799 0.5555110582752537 -1.2551329118220569 -1.9053121156968358 1.3557388620767856 -1.2602115194759225 -1.0975932552715908 0.21032086603229752 -3.593656602303719 -1.9955774467273826 0.06358817505174674 -0.24531824267421098 -2.2198035381379206 -0.8298452624493149 0.98303845753134 -0.8023309962415841 -0.6262421593826802 0.3050918307979678 -0.3908222263117798 0.5977348543868998 -0.32062204280942275 -0.2959505503846583 0.8335452642699221 -0.01794048064011784 1.1062655713854257 -0.7732019781085853 0.16708155950311349 -0.7771817264336222 -1.4952257724766116 3
-0.578303596988363 6.7871858752499925 -3.195282172789869 -1.275852386042974 2.6429969023545996 -0.021196359461597925 -4.393757684336739 -6.093341647311566 -3.7238386828782346 -0.009851311485492783 0.09857196066933098 -2.1192191883654385 -0.7330701787904943 -1.0842495251097133 -2.6408750620693495 -2.5153605399240653 1.2683562222176956 -2.635946609304848 -2.0397085594367255 1.1973055579293215 1.1438198697450623 0.36619300995086873 0.7043526342165427 0.24647978539626816 -0.848012615421029 0.31848783381381307 -1.913577413642695 -1.283197979024132 -1.3184482204825743 0.040598574546243306 0.9151379470173718 -0.595010234472231 2.022529721818204 1.1224280153523496 2.0362093502755934 -2.334282354246801 -0.8531101313613016 2.3275899445060064 -0.5499154368697183 -0.6991553513273197 1.1059588979464123 0.3270295287305529 1.8210573202638283 0.7155569810710468 -0.8003574281149468 -0.49647451960990885 -0.5950119568117215 -0.41978040567555425 0.05165880580656791 -1.457211604582165 9
6.882173241969193 1.2981917156032707 -0.15214193397011072 -13.603317776043188 7.257658574349985 -4.868582011350117 1.8878793025083662 0.9653925365857066 -5.306290289987861 2.1387550332874614 -5.3434050713034145 -1.38282592197289 0.3630049612978842 5.565426253868147 -0.32473689156945507 -1.0687207288577283 -1.5062426346677724 3.6189167133942024 3.4453575509331045 -0.9260433355371128 -3.7887493634608873 0.5029223863188692 -0.38010508721960984 -6.581598074972816 -0.9819593421169233 -2.822339494455455 -2.7470431106776996 1.456680874157295 -3.833563963331846 -4.188318506996146 -2.643883963152161 -4.970088844444729 1.2100305791134567 1.5092013997373392 -5.3142855428614055 1.117906602090935 2.143132198170477 4.673424946803042 4.465843369511141 6.368107458496637 2.3866468189061116 0.33896198813623174 -0.5201179686683242 -1.3646313525419975 -4.732436394852412 4.679255599819943 4.226709941555673 2.6243924131062832 -8.70090209505685 7.747802200095316 6
-3.3119416440631215 4.872389416833217 -6.881492152826611 -2.197258188129089 1.24956131825786 2.342875895548321 1.8020405252622895 2.38154268859757 -2.500434630943129 -2.1724133855486985 4.187872676192851 2.3952822116266947 -1.1619617953868648 -0.9431568765049281 -0.8342150375379018 2.6190519732722364 -0.5517149921051504 -0.5010229049591416 -1.056570141141138 -1.985420482844581 -2.90498137924952 -1.2695241119168394 0.6348057865489782 -0.8186369327549587 3.1317792038028127 -3.3017850848870705 -0.37026312915999365 2.1885520318526663 2.1937322574197635 0.2258780759114208 -0.03169616997879945 -2.00972116027502 -3.060780557352409 1.106747203660468 2.8192110350621484 0.08901936139138746 1.1342594137947084 -0.3321638201342578 1.3442506770487788 0.8793481924472205 0.43253975009238765 -0.89509644030193 -1.2765306147349502 2.5371804346285525 -0.2608029045970009 0.4692730629620676 0.6031728233456267 -1.1770692681488324 -0.3698281258695586 0.6297737087225027 7
7.088913254157838 -8.203990338458862 1.5527718848518788 -2.7537290501881726 4.440044900787074 7.8695060960155 -6.308447489694003 -3.281724090738068 -4.1879562873897775 -0.16048202993456273 2.840675967833676 0.2031926048053312 -5.653843932934108 2.5498267853033068 0.6080033989893742 -0.9764324619634025 6.027750252794935 -2.836014920912482 2.0250712803169972 -0.1987208489962472 1.670593703259333 -0.37944969755408353 1.9625796418976262 2.3082360697604685 -1.6112651332051586 -0.22523445781380735 2.1679263577496943 -2.451467403111806 0.7487378656595489 -2.4959771198135074 -0.5851558488198396 -2.1043457900394062 -1.8568964170049236 0.006785478622261079 -0.33629515599064463 -1.3999575022866493 -1.7947601398244817 -0.07629381087261776 0.7192882353822655 -1.8445352903859018 -1.1520037128315137 2.7123038366958747 -0.8912196477884543 -0.6211350064498428 0.9690937378289851 -1.7560839160306951 -1.2396099164873957 -0.3015575131432895 1.0915808606856636 0.048758572660779174 2
6.090427764876234 -3.6562852801107435 -2.388211367499984 1.2326168685742367 2.819947153908658 -6.695384855352188 1.070911783944857 1.1757521223718204 -0.8085078226536685 -1.1342964880109416 -4.546778727634525 1.1465260041687462 -2.908612743092151 -4.982628362777232 -2.561189791572343 -0.8113895209011194 -0.10755304928841829 1.783293996749625 -4.204705811512028 0.4399395615464497 -2.244919402258597 -1.6865129800513048 1.7398727270504812 0.9129468961604609 0.5630140204794909 -0.5571664265508592 -1.370979750022234 -0.039496054379558033 -0.8634862275614346 0.6146452561549901 -0.28387732595196224 2.106575143754235 1.346333667670682 -1.3699333407232928 1.4339945374330907 -0.6580502485507269 0.6915430860258306 -1.951634429612001 0.13156027148082816 -0.620342924641758 -1.7696322284169355 0.47059092677219505 -0.6870352215556683 0.24618377212765008 -0.568158736671648 0.7745625311750041 -0.6527455076197602 0.2134183434506353 -0.3083227020186883 -0.014142598697186317 0
-0.5542170777156177 -10.748004798252321 4.9281750113939475 7.299819487136464 -0.506094668217601 6.0549577542455655 -10.63769355030471 5.038353370994903 -13.827232522550306 2.752517121729126 6.238865040462339 2.672925171696159 10.63796483120663 7.998368457469266 -2.3204219845823983 1.9367173464935015 -4.825416640821081 3.1692735231443896 2.3330948909937983 -0.7713526794894133 1.5250761526458305 0.7927537017301719 -1.1974951285181266 15.153882814446767 5.2317177974155165 -0.9602728573098934 -2.963276257551086 0.34799337129738167 -11.225733281847692 9.158911014132967 -2.380339188513119 3.218698463633951 3.566215107674524 -2.8090923535104113 -4.806933512280235 -5.687460409943391 3.514027551618044 -3.587747394770762 -1.3381299151187964 9.639891448120125 0.020053541908789836 4.190992562665266 -4.790977169986089 5.0124222429217244 3.8532488615773235 2.3225718290008346 -0.5886009599346893 -3.2758431999535396 0.17841983897879637 3.0755511161707347 3
1.1868075142548253 -4.176544277793853 -3.3216271040616077 3.8559644001310898 8.718049051055395 -3.3311339236157624 0.2631169731349003 -1.2216827806310386 5.234329809823153 0.43402141644390735 1.4220444938450214 2.4950416140271123 0.7778666856913091 -1.0086130917164382 0.6492176394138196 2.8716121086415094 -1.4063216940620082 -1.402461270066647 -2.0723370834959103 1.3581067165603578 -0.13557953889062307 0.5273525796526112 1.0942446416933052 -1.1600762840416379 -1.9068814144808275 2.4507423133650845 -1.7575987601354255 0.7711058595062308 0.8453214120619083 3.26584258347336 0.6475639367397764 0.8357104308202233 -1.4826725970456307 -0.9725736962316263 0.09215567317387335 1.4010919315624297 1.7725121292607937 -0.3565546978485901 0.3949683711550301 0.5403056702656853 0.05766770517858084 0.8861389786011893 -0.38557842661392927 1.066333147986886 -2.5043131886106327 -1.3709860872852475 1.1212002426999474 -0.7991760597358196 -0.6528933816434636 0.43963989135462056 5
-0.6164797686655261 -3.192401275512014 -6.837045955231644 -6.229316348703268 2.939495634318345 2.833160112210212 -2.8657944230890537 -3.008251493565651 0.3004885247207708 3.952789918098477 2.985283156545863 4.452726653356086 -0.9175598542076426 -4.927939638664664 -1.3427075759590044 5.748489702208193 -0.7410453170991464 -2.5757512835335836 3.3862081223400198 0.3222550177341894 -0.4864145981214347 1.0015813314879836 -1.9881693869619066 1.7484907919892596 -3.915386447500233 0.10949820341691634 5.88069851002598 0.7710330829412381 -1.6007871655308652 -1.4494074042365865 4.784845005168269 2.771843505333011 -2.659298626723587 1.3804395674298884 -2.000191146691479 -3.523986155189744 -2.0332702297656 -4.143033686510874 1.0347892469985775 1.0674945789379169 0.3628785312250344 -2.128970972162183 1.116809003764011 0.9213635759871087 -3.911459421710289 1.1182325110673366 0.567920694476683 -0.8103423920544035 1.4902025160808587 -1.6290227472219379 4
0.8828147954959451 1.0887207042499933 6.139905309864112 6.019233185498059 0.8685723292950795 -5.088740230108422 0.11660260807556182 6.309326416461529 -2.358092332178373 2.900890131585474 -0.4785471715861737 -1.5632660304538883 0.8742392750293332 -1.476307411774968 1.3227216754531406 -3.7189459386183636 -1.225697691735522 -4.130617254998086 -1.5837322975452586 0.5849788325877803 -1.5348701461317333 -0.45041797384479343 2.132555297847371 -2.5925650042470556 -0.8493123920734845 -1.1474702595396429 1.3659909739347402 -0.11068489153069445 -1.0896108028544762 1.2347685895320932 -0.09206700885066185 -1.59208411026245 -2.0277138649798183 -0.4275452748807465 3.6529865169589804 -1.1116335988627877 -0.7018856890912079 -1.5063188543443768 -1.1133644698577454 0.6660000144743765 1.3235958407402915 -1.9972979202415417 1.2495608320783738 0.3022838242335918 -0.4200592367467311 -0.2881439877027942 -0.8641866182853128 -0.4667178101221992 1.1849688840017447 0.24216620418267917 3
-0.17225752009850534 -2.394319214617079 -0.8437574289244633 -9.92181461741257 8.885817957282564 -2.5515212540061802 -0.6310641154229994 4.477460812288705 0.9666021616228483 1.1130936989383498 -3.177698908784347 1.0311311244912702 -1.2403748944082107 4.477311990485133 -0.7713285424645915 -1.2257326350409388 0.09442183205554776 -0.08371018301496468 -1.881965650779103 -0.7453536320143829 1.6529499972230817 0.5318548079332536 -0.4745053880507795 -1.6393600809596545 -0.2192626041148241 -1.5954576457337608 -0.8373015361047322 -0.5900537687646471 -1.0193149922837743 -0.16541695711046894 -1.696521803225636 -3.481227117714083 2.0304271727786003 0.44403160713821627 -0.9646218683839424 1.6144741337263597 1.9382009997207028 -1.0004307010716944 0.4583827462269898 1.3580911909556481 0.2625109773396736 -0.816702029316931 1.6617508401687378 -0.22320237900019804 0.6619778284239971 2.384624318675541 0.578509706362775 1.3892185417220775 -2.116632787180795 1.8369403723162967 6
-0.11386130622659343 0.7802469495621402 1.7033188882594164 6.014351592229121 2.5526186814035077 -5.272245820717849 -1.7287347244336573 -3.893011989929108 -0.471218894231724 -0.15568700998276397 -1.4341648773292406 1.0739840557115572 -3.072396865011157 -0.8294619880101917 -2.1094314740476197 1.8410319954685674 -1.5126736056100727 -2.1670083427646243 3.1059742763169322 3.6470712576882143 0.25661617521774677 1.5277770763805758 -1.3447602567086325 -0.20501327276885623 2.596204244361158 3.011664728548395 3.395522703928378 0.7702730638055647 -0.9048367760241272 -0.9375934516571249 2.0794241976575574 0.9003452090481252 -1.4873528070235709 -0.03384965983420117 -1.857503111582338 0.3946981727434031 0.5772720928508942 0.2194313144156388 -1.2867487931564334 -1.776062052668237 -0.2952766742913436 1.7131870906096907 -0.8482304172495713 1.7414112459502602 -0.751349481499532 -1.324928838721331 0.16884894600686434 -1.981832062918594 -0.6209643199999608 0.5050112208738705 5
1.4831150976047778 -1.0652201861819166 1.4417736634520069 7.0828719695708235 5.130771521386309 0.6248840245493832 0.19218944948913616 -5.892665397493402 -0.24761201975944325 -0.8549537576315452 -1.2196468556797213 -2.5854679251588166 -3.125386830229144 0.47511269441208276 2.5251904579733147 2.087459604086992 2.166049454705739 -1.1519879018808854 -0.3203590625973913 -0.551493302131412 2.383460773798196 -0.3491294014923634 0.20577051937948326 -0.26439284498273247 3.2934196445066894 2.038539557319842 1.3427999437311875 -2.118214352112383 -0.08571472594966652 -0.1272155879099801 1.789602261649227 -1.4556051291303158 -0.8883911546000047 1.5111797293105433 -1.9171065730991497 1.6732470731444373 -2.9710958149283933 1.6062686373751314 -0.14217690078366071 0.386919325687913 -1.0758732950641052 2.945371373429074 -1.6791271765589222 -1.1309525994833698 -0.3084009295013718 -1.2126058188264484 -1.6570425751965094 -0.7535471649389028 -0.33174116089891065 1.6949657421941908 8
-1.1152514465240404 6.410404031322367 -1.887745240843661 -2.0131125764643256 5.711130557215308 1.7256322688081962 -0.45896454119620017 -4.654589259033615 -4.430123855868161 0.5678811945305041 1.6370478265839716 -1.6464339731100541 -0.20048526101839206 -0.36417843169576236 -1.2239671758180117 -3.430839914872889 1.603123878124883 -2.496881392429397 -0.09108660059251938 -0.09250973599212482 -0.29604954639008674 -0.6520885612550423 0.5261097699335239 -0.25282668668906977 -1.6278867673691484 -0.10230899504372717 1.2988649133517747 0.3411011678745543 -2.4423037432612156 -0.7781702582249781 -1.8839489985640097 -0.3063109784507197 0.8512165424073693 -0.4108342344322153 -1.0371589433303399 -0.2404085406609409 -0.7202013149236267 -0.42887596495163577 -0.5399921842731374 0.2794546006958661 1.5750742247039224 -1.3126371267154426 1.4752323759543715 -0.6503645811085674 2.5213821958079365 -0.9610141330871461 -2.19945648303136 0.8311647467106617 -0.10223678474113304 -0.7913089700329317 9
-1.6790701009222015 -5.044209250667667 -2.997824639589241 -2.3145920257974453 -2.0489471477741743 -2.0452602128210726 -1.916679338462809 1.3847323865356118 3.525067686690841 4.096649289011955 1.60660870078657 -0.18463788434425019 -2.0540134957591842 0.19535597270636876 1.2988830041986368 -2.0940658254360898 -1.6471644419995433 0.4008454558721112 1.8891655221479617 -0.24429725430707405 2.6187112809859823 1.0544523260955516 -1.6150711010089296 -1.6144058748620955 1.2189498673469115 -1.8729527922147151 -0.25014413051077006 -0.9074538728096766 0.35900829066841594 0.23918127255411745 -0.954101695237848 0.11257075469073421 3.227012987224388 1.741190672786792 -2.107141731697276 3.1031396433957616 -2.55302452104219 1.6686795256311795 -0.879149013092048 1.0764373910317286 -1.2294408383741315 1.3651891348758558 -1.0822130170507411 -0.6998197169316287 -1.552799696742777 -0.5171893630841001 0.62031872100435 -2.009498771399931 0.6045635847948876 0.025651317939309262 5
-5.370825670838696 1.407290116334376 -2.2640794197393634 -0.9800891949844138 2.7050699767487485 -0.4732982531083347 1.5804291691644374 -3.896972624830422 -1.6513192017855296 2.28668497793881 2.514871420171295 1.5852999563158654 0.2084981724407061 -2.089192367255179 0.8522439738493918 2.135867778103955 -0.5292505506060459 3.5394753881853886 -0.43583876077851186 -2.345832070577591 -0.22725945798590302 0.8838152153869189 -0.5484861393430519 -0.541163779826385 -0.7875334143933628 0.07424614334667788 0.8664631208017783 2.4941738843201127 1.2669860834782787 -0.11041100881624522 -0.27072789007885556 1.5463256666806162 -1.3516167959986198 -0.848548682299271 -1.7742127564377717 0.015318937302267008 0.442324039656737 -2.686264328085492 0.9897197003723858 0.23763654019357586 -1.2080384854499968 -1.3506101772424317 -1.7962479017602782 -0.0575021767021494 1.3760435663049622 -0.13727112529144134 -0.1821190160004615 0.15155681156227474 -0.24272228633563925 0.5490538841725598 4
-2.51931410928364 1.2505780639081099 -10.496361142310027 0.3453049573519182 -3.025215228897395 6.300769672298537 7.308561962879895 3.056523021865571 -4.044093318593005 1.609694201081112 -6.479512632314414 0.7436586214617169 1.6877893984316052 -1.9761389290214912 -1.0741952085957114 -2.948111734304766 -1.6845332734748233 -3.6653043681336235 3.923406227857637 2.341874264192776 2.067382812035451 0.9380556937213945 -0.15177045083830204 1.2632116261579869 -0.40297152156844374 2.5803896547272824 -1.6380204039834727 -1.3036944844071974 -2.5502395446069497 -0.1919959492625265 0.25255867357799594 0.47148783786964227 -1.3659948751911448 -1.1764551956073783 -1.4519371917080621 -2.81978149691697 -2.4719159293793482 1.6108320114136732 0.93596151317343 -0.8516029497909261 0.3769333142181444 2.5103660693573535 1.8864112794116998 -3.873739342029381 1.0652731174869448 1.0089194670800188 0.4564926113852624 -1.1842974366019319 -1.461197037414419 0.5645736506909748 7
-2.4583963361440646 1.8868751170046922 -5.214526270488634 -3.4439550033027446 2.1709365785328036 -0.6407361923988925 0.11655632689398561 -2.6097635897129376 -3.851883967992167 4.371813904451326 0.897778377845932 1.5565572927352496 -1.7559767302125808 -0.9483587250770541 -0.4973252272131563 1.776173888129411 0.25299298100535333 1.427905512920734 -1.0863986615911396 -1.6589561351664124 -0.427991264103425 -0.11241029842574325 -0.2855790860681711 -0.11486728185563794 -0.6179708390830672 -0.8824663550414112 1.321855686872775 0.03947530597087727 -0.8219091395377475 -0.5394751915394859 -0.8379725233970329 0.5903132284649778 -0.5442389927261256 -1.159736820351104 -1.116422219649391 0.7260977753102688 -0.46702313570318493 -1.9069262040273707 0.720504585882246 0.9569590752092098 0.2104051689522184 -0.822109886756778 -0.1926845196017872 -0.16438646674557705 0.626177632918398 0.09547907158050986 0.9192009940805593 -0.5976677903507388 0.20877345470367356 -1.0092196249010001 4
7.370126055581757 -8.237686765324664 3.8244003890094516 -3.121445325500612 3.9518396864930545 9.458415960505397 -10.693684569782096 -2.2200091911309836 -7.525112513094186 0.020527067636716925 2.989379626456696 4.662048161578046 -0.5369104878167608 3.039349168050926 -2.1383850534128346 -0.3225053268726798 4.326447359576318 -0.7264240123157254 5.663899377408682 0.48193631458498465 4.57071722707681 0.9166704712434773 -0.13940855486918421 4.293429090700992 2.219704311142064 1.5021086090574556 1.6860524548677267 -1.1580051907904971 0.9479716525835665 0.35513810771866544 -1.4197194169679115 -1.2703506380111558 -4.293800666449378 0.8675747973711564 -0.17389138171390156 -0.7365125830692502 -2.059491972442245 -0.24432846894054494 0.1663609542889729 0.14503716020528715 -1.582234106038808 2.3602511211302306 -1.7644317768488336 -0.16865073293117028 1.1863753908739567 0.2854438521052643 0.4330577516241925 0.15453542411984805 0.7252876446464493 -3.0625149502332714 2
-1.785666954912332 1.991977867762848 -3.3467537835330528 -0.040210316607225065 4.983841355859567 -6.6808216516554575 -2.042304113070798 2.399462460789801 2.2072935522624126 1.293257946786963 2.797941913085447 1.0481761882552003 1.6787495699083042 -1.3142937395811551 -2.966777937568346 -2.394040093579683 -1.330020180559061 1.075560753634287 -2.984082108433357 -0.13321286294707127 -0.1271890497846299 -1.9840692697503401 -0.20621652243654306 -2.1908815110052853 0.9915125990957858 -0.899978052598939 1.1378688943629431 -0.07195570515616637 -0.009091437528757382 0.9216397424359006 -0.497689246825844 -1.9158280581477183 -0.7662002376796748 0.7750073851279892 1.1747052770825994 0.5927053312603836 0.5304418277137077 -1.4943564672201577 -0.5507370893664008 1.6132177414070976 0.6726241126674011 0.8777616764330276 0.6010244151310522 0.7264247091868027 -0.1547116980650455 -0.3695411994190252 -1.3507045849222608 -1.3619330537958683 0.8260026065501113 -0.44878089998468307 7
4.3857989444367504 -10.63789921838582 2.9564137635277565 9.876967358247935 1.2625167000793998 4.5719368895063965 -9.643191519949726 1.0992206994159686 -12.039147022673104 3.631253700935695 5.745509622898046 3.8400627824167506 5.242440862488542 6.5524663368431515 3.6009878831198745 2.033817836807895 1.8339724459749787 1.365977173490343 3.321593406535772 1.0658636264976413 3.916289068580176 0.891927091464636 0.10569913503430609 2.7027984593274237 3.6968224774495315 4.991162523617265 -1.7919605517489614 -5.1467786880516275 -2.5928524862302686 2.237437232909603 -0.89385289423736 2.6678939033328044 -2.166125751995288 -1.982666549991848 1.8759549134948188 -1.1096116724236018 0.15047032618426692 -1.3161289447649025 1.259581145231798 1.7144544938939552 -2.8546330077539466 -2.134125350377504 -0.7295945123749932 0.12520506558999828 0.9582944296813667 0.3414654102657257 -1.7094873832723918 1.3151771012630533 -1.2688688679102278 -2.958256538491994 3
-5.83802181426027 0.23755980172667857 -0.5031740086020033 -1.8709916114786513 1.1446324059095825 -2.2949625208225055 -0.9145295351533901 -0.13307829893331902 0.3401472754365526 2.540978916240878 1.5760198073319922 0.9352307836814426 1.532883346946671 -1.6814653748900448 0.41780585946244686 1.7520745482538427 -1.0565844034648508 1.5335855338871096 -1.2465561131129685 -3.305270750459106 0.7293226165198461 -0.8714189475027018 -0.7164533809689732 -0.30509322488265045 -0.4540398562435254 -0.16159765910445584 1.3014989750794987 -0.015678198133091056 1.2795007737192883 -1.5785363486329977 -0.7472899288140482 0.6683640499819308 1.2788235579768241 0.35390445815577126 -0.8927503559426156 0.15146258598538065 0.686298951289409 -0.42929819319780815 0.21839229103290503 0.9536532309470932 0.25551665897342435 -0.7890453688980734 -1.580360384855171 -0.12083145133071141 2.3493803004008855 -0.5928039860475194 -1.5025996763386378 -0.9637124035966803 -0.6893535928490048 1.3120961832629292 4
-2.2776932718605365 -8.634070377747491 1.8671313643702019 0.9292652125881845 -1.2787903089899595 3.7285145164139313 -1.0046533493635659 -0.9440483753701049 0.6039121006656775 -1.6554985177478843 0.23014192977375236 0.7969232507077535 -3.3647980148875445 0.8202844620818376 2.237973480777869 3.88978351240584 0.8407325676091721 -1.355695840022043 0.09605805786668296 -0.4164476941720105 0.04114602626962816 1.3149746020174398 2.033391912952387 2.9497448478234998 -1.7552333125651534 -0.37420957024222035 0.11137453021389927 -3.9724002796367213 0.6091932247581153 -3.4537114662174715 0.9018651911118021 0.46050422508235456 0.9892295432623918 -1.2068552712784952 2.458638730624522 -0.8702943205044953 -2.544312398565517 -0.6904129179253149 1.8264499983479834 -1.3073178882016425 0.09740664408329243 1.6344348604530188 -1.1076698799565092 -0.06281155739465612 -0.31832489836063727 -0.7534104817386437 -0.4784893175523384 -2.364739003096847 -1.6929925947458841 1.688653578505086 8
-3.359558614310878 5.379029075283896 -4.028056281038458 -1.391534756144409 4.059619787263585 -1.5238565227171996 -2.4328140934846227 -6.696723486240002 -2.054311552570056 2.0365508133199652 1.7435245367352903 -0.6386574359903502 -0.8392480751564347 0.6792007622137133 -1.8767146591632051 -2.1352618493323035 1.3337617120776708 0.20036344945005324 -1.1481660258980988 1.6767693581710343 2.0863987481625674 1.4740867045415516 -0.6075859093057274 1.3285107654974049 -2.4403981755723265 2.019256675977434 -1.1266573163965685 -0.5295438570721601 -0.11041190428732935 -0.679920431243469 0.06557975868924362 2.0967573687727485 1.9272856294527863 -0.765049237688034 0.2525639160767058 -2.2828883002028952 -0.07824873541093118 1.5641691422953263 -0.8007492725075742 -2.1177156258633585 -1.0269593317622963 0.3602773938531614 0.9506896892800777 -0.7625287487967896 0.4156059206711776 -0.45777961415478086 -0.5286172357197758 1.225761450594607 -0.30691437483515316 -0.1759790747767648 9
-7.149797316796471 -3.4071508714864187 4.490733810846608 -0.8768124303973819 -5.421534194406402 2.8052603479003424 -1.329479124779876 -3.162035682665331 -1.2099797959646543 -4.273034117776264 -1.5942285689706632 -2.1790946620039633 1.4823177163605243 -4.096808594176612 -1.2591369873076548 0.7580212789661226 1.1501736378762277 1.0738072472996203 0.8833904876490558 -0.17569747744770395 -2.245035639182608 0.4700823920290967 -1.048089014267498 -0.6006170913791337 -0.3646984375200809 0.9086739335137038 -1.5147614370625953 0.9707403042952817 -0.6995344480612395 1.0218243857210239 -1.644455080714414 -0.39540833772217554 -0.3558659124782299 -1.6020002656821763 -0.8363152968546339 1.386872451255729 0.9543158081424494 -0.9942517485162715 -0.9769983469059752 0.08551344446660904 0.2212416611162974 0.0019055808407560748 -0.46932942188122534 0.370079101786623 -0.4380660786989228 -0.39685452553999856 0.0022318723245943846 0.862425513795972 0.4192015585976791 0.30936596601961813 1
-3.679022122043284 -2.645092112425655 -2.0573664732909887 6.129897357523545 2.275085397465905 0.0251005666445645 1.2683845330181591 0.7399812194457205 -3.1045303653181464 0.3791837018168992 0.8280198308078969 1.0295040210082795 0.47875626910527547 -0.8154660044874444 -0.10042381954539846 1.5576563348667354 -2.855980979473737 2.505041580973488 -3.391128448528756 -0.22342993253101429 1.6553210986311684 3.8053987798592055 0.3437530043264258 -1.7791652807480192 -0.011637117794785653 1.082483460661698 0.08161062604471361 -0.4193299347904384 1.6238716284917718 -1.2580714363198688 -0.4351047208641674 -0.6199386694814433 2.033684805544661 -0.9299253951748386 -0.010231759008414928 0.41116109850318344 -0.23697004579873152 0.3348312771070783 -1.442070295138794 1.341081548666059 1.0263203857245424 -1.4708275739816148 0.35703371435289855 0.9053855364430147 0.16394098631770765 1.5059041223084177 -2.135238187868463 1.6378028697211837 0.053061120933670027 -0.2892260050954175 9
8.708906383000114 -9.886387399051312 1.642427401053813 -4.6505583719513535 1.66037512109679 6.534136562049501 -10.07352529064063 1.038684878962956 -7.736456023027458 2.9963130790463532 1.702815186279157 4.609592065061572 0.07251841699673342 2.617662084802619 0.5127425407323742 -1.7218070764073568 4.254411768667076 -1.6037180216810978 4.490571383454148 -0.3367457250587892 3.0833025572606205 -0.19227017696477064 0.2623335193837608 2.9515393459860313 -1.8989770542426991 1.7492567188253847 -1.5607778280361493 -1.2178647443320225 1.7817898521815834 0.6590494077407351 -2.09377076802403 -0.9295714283350145 -4.842274410796989 -0.9630455604863278 -0.7753874550414365 0.0073466479081201385 0.6601333034854545 -0.30814113829198175 0.4100651495980618 -1.6814724598999253 -1.3548085304516175 1.2791983772963198 -0.4766622367013833 -0.9437909960602914 1.6609766715198817 0.5104376889033672 1.9986796062343681 2.0385365103602373 0.8692161695012813 -2.1781944759701837 2
-2.943194171387586 -4.0840322460973475 2.813193530292567 2.170473573932678 4.366784586548679 0.38245580094680315 1.7464402173979645 0.2572454792051072 2.1152701319382063 -8.057103413775788 1.5675098021673297 -1.215445879801106 1.1517875064285186 -0.6780292123917009 1.409785404426694 -0.09913090986913758 1.0710641107498953 1.0368725120470488 -0.919309786215409 2.9176280094858895 -1.1293175584429314 2.787882705492533 -1.2463242651675157 -0.06827755092256002 0.7743186359879973 0.14946131845266913 -0.9111770506834747 -0.14197301964645986 -0.44236951056242385 3.406593002788235 1.2096338193299412 -0.3315511664422421 -0.9223367168015584 -1.3211680036938538 -1.4563512642301615 1.6353383258883336 -0.2229833119669459 -2.436136242989191 0.30423834294606206 -0.5595651416964085 -1.3227209350309377 0.6250557445517756 0.3883252889700635 1.3656794757714596 -1.074677777454842 0.28289358040610674 0.3479165078214656 0.8172097260572547 0.37398872376001163 -1.8642648857493553 8
-1.1778830864050742 2.654599132870621 -10.313532168875584 1.429216560108959 -4.644220323399853 5.206890050324801 5.325461701228454 5.448165890814917 -3.322801235540409 2.3742427190817543 -5.433943022478589 1.1136704491201952 -0.471770844761498 0.17780676152887256 0.05515061439528227 -2.1186629499790093 -1.4597966481420768 -7.3692058209234625 2.893403107228285 -0.06839131016159866 2.1811366617158057 -0.023432415216044146 0.4108935980565517 1.0810967855604676 1.6447239922846104 2.8925972810338196 -2.8780261612008773 -1.0380947258998359 -1.093408269931201 -0.12321935555790864 1.2257571430779481 -0.39946474289147826 -0.019286799954124467 -1.0454229911572532 -1.3496418951590237 -3.1865510899863336 -1.420164715756313 2.3448544325275402 2.1386997007980435 -1.2226381237388582 -1.7119729092691878 1.3006020460908285 2.081988414186726 -3.5050955939064665 1.5217044684122263 -0.081884080839934 0.7618368230190603 -1.7813590531591756 -1.749946712356803 1.2841565149923575 7
-4.5195422497826225 4.667306307994722 -4.132520905451471 -1.069793280234428 5.211027189812188 -0.4971019832746607 0.5665458382733853 -4.854268890295503 -1.6047482625849556 -1.2684275118596438 4.769192795674446 -0.05217845915270833 -1.1284317698799016 0.4430896631201419 -2.5189210619834017 -2.384227158136117 2.2720401543362705 2.76822076242834 -1.7938825403772198 2.1863398115745203 -0.9251163424539189 0.040790339729183535 -0.7666375521653193 -0.70749517846205 -1.3052744281365025 -0.4934173934484707 1.3893001083147263 0.9336847918095933 -0.1606553274548463 0.09418809756789613 -1.522402413831843 0.7945759783284075 0.5574234879879798 -1.4331201270481726 0.5756358314807783 -2.516170485199158 0.660059162291998 -1.2635989195709088 -1.035745349327355 -1.0218833175216289 0.09139144584870168 -0.4080534288495534 0.7783906017554969 -1.1834181301003086 1.5050199828465003 -0.4857953353910385 -1.796055118053075 -0.3146791562431562 -0.32001144617669086 1.0538761775519803 9
-6.7357822041942415 -3.866096284303601 4.287705887273145 -0.706900665882179 -4.515358780993596 4.364571668728507 -1.1789511671132558 -3.4213204579954724 -1.1572916529725914 -4.782583625642569 -1.2249896065239054 -2.49297201419332 1.536066947053864 -4.743137241429592 -1.0036906875850249 1.7081706014076135 1.1679893846668257 1.33602628824827 1.0989988048464483 -0.4192003399577101 -1.8520973524322673 0.974240254256663 -1.578138094457399 -0.25571541639430084 0.15289269312922066 0.6695811813534627 -1.2601078453473262 0.5027839849325734 -0.6727328870387347 0.9522891587170319 -0.8308380181118508 -0.10404805704135339 0.13685818180117773 -1.3711832730877402 -0.644088362396941 1.4189760309515662 0.43878627563622263 -0.6730042538954357 -0.8771461186370093 -0.029900266402719953 -0.40853435473730293 -0.20694288934998925 -0.27392201421142975 0.4839373916612702 -0.657285465376887 -0.4548095689483517 0.8492855103941918 0.11599553342648969 0.40013191881682525 -0.20893658267007092 1
3.9168047292551815 2.7431514545285416 6.650857660737769 4.1569914394088965 6.294826905747286 -1.375721648309785 0.972062248739317 -2.4013635829461752 0.12661506137273112 -1.0012091867980593 -4.180473063860859 -0.45458934382274085 0.5267285951091111 -2.3447300195264864 2.247582164305492 2.0152271535722734 -0.6328918048092962 2.3772912112776172 3.50187078870949 -2.293206954611525 3.305583896618989 -0.28990645677597937 -3.057723469752789 4.115701291070901 0.8691959957315945 -1.069041617596796 1.0670671968011747 -2.5079712111286243 0.5347657882285812 -0.8209830926312692 0.20467229360167552 0.06902465935299312 -1.0903787503830735 1.762012474849498 -1.016752887895473 1.3507829361590062 -0.5751722916236037 0.11751008788517979 0.5206864766854375 -1.455231158635658 1.9335412675795707 0.7905613102137479 -0.36829881946706444 0.1387408917460879 1.1226616474555118 -0.4660601184709848 0.428691612129585 -1.4219121130034496 0.32113957327286663 -0.3762532199964397 8
-4.930100590729121 -0.07698182171841043 -5.1023540650998624 1.5011240474038237 -0.9110976545648086 4.325545600269404 6.407017692660476 1.683051416504853 -4.333343300906565 -0.5705185948662028 -3.9795668866022034 2.5314325988858917 0.2413425323058971 -0.24191728397623227 -1.7969743432482403 -1.4071546854659802 -1.0995163208011458 -0.37849080094624205 0.8740306634306135 2.4514190617455394 1.9923911260400289 2.6776348967680503 1.836042260074755 -1.8267358230738617 -0.042796361007126145 0.92981281719005 0.5427310300975979 1.590284423621413 -1.0547332840463863 -0.15239357501906112 -0.5663262807179169 1.1045142845897995 1.4569570707502864 0.662849690447629 -0.8236451611149925 -2.09901097526308 -0.771814479109068 0.17006234101123507 -1.4631374707804388 -0.5253710145885429 1.031820542935882 -0.09732819495142105 0.24260942281796805 -0.9927761166129511 0.009478971926502568 0.02116471114745708 0.2687894923795764 -1.2898684543566907 -0.4387371038895251 -0.6684661248800838 7
-5.770773570860533 3.4813008963752403 -1.1503778545698908 -1.0145501221946862 2.1332539238524912 -2.052774696539676 1.0913674602634973 -3.660800650043957 -2.926038796543906 2.59111318729502 1.6431417700736621 0.10500101795927734 -0.02545342232355812 2.0383738653020598 1.0470851142213824 0.3015590643719181 -0.2424068356478895 2.5347194432518267 1.4709955484235124 -0.31140953505495567 0.9481763133413317 2.111249112115923 -2.027606476478703 -0.40402162929799185 -0.9807008774556475 1.6616968739761773 2.3041272837702995 -0.19663408016087117 -0.19203163686093902 -2.6920907537185967 -0.7657442143020422 1.4156037335204381 0.9530708368522282 -0.44263933205198636 -1.9430582247534312 -0.04602299712331804 -1.4810208376831313 -1.2519335620631604 -1.2362752032769062 -0.2392479212393612 -0.811236627856113 -0.12129986309995129 -1.8235814110934017 -1.1793284772015458 1.054184463995936 -0.2712795982470966 -1.2298682313863512 -0.15225146767341777 0.003551316753455112 0.6727197708490026 4
-6.32676024403307 -4.025181044902408 5.571223632045934 -0.6016003882196812 -4.759652934447733 3.5246183294172186 -1.758606262487246 -3.56897419304679 0.0894392367974203 -5.04819029531201 -0.5765637922220713 -3.947567389371947 1.1089689678492964 -4.175302418434033 -1.1910278437995043 0.45803055468185827 1.0414353933752138 1.5035549685586733 -0.18348249661207755 -0.9920086575857024 -2.170353016816047 -0.33170148879799116 -1.1292385559707552 -1.2234906454664725 1.0650433970598958 -0.1174864021159607 -1.1832350618625647 0.021199415934744847 -0.38805383504889573 0.15528902100477052 -0.9516694746403136 -0.4261537150716346 -0.1619605419504744 -1.2120151666857972 0.3438329548604611 0.883308715584508 0.8335745071372572 0.9524089882020489 -0.7910795824698548 0.3887210036214909 -0.20410714462337795 -0.33886280246584055 -0.11117312567065793 0.16618531482075555 0.46377991870501484 -0.09324358389058011 -0.5325935836159181 0.4656497435638724 0.43862338745166557 0.9545832599874591 1
-4.240943498139203 5.73861273375666 5.196458835807638 5.999784430134409 -0.5581075924721027 -2.1017171437630755 0.9195959754458596 -0.43715401304931906 -3.1360077215570086 3.4108154151886154 2.850935270483453 -0.15704750295490663 0.7212788146098262 -1.9864347881998823 0.07310479040679183 -1.3219869291480268 2.3977897277661313 -2.2755699786829107 -1.7758204367334138 -1.0111348154433841 0.37266230106596554 0.4878913977904574 -0.05278356486140922 -3.212213303315509 -0.4785966021569927 0.054725547963076146 2.2805387078933155 1.6820751461199446 -0.7708634435291817 0.62347692228092 -1.3090101595886683 -1.1105225805905066 0.5886128664555492 0.838023021354622 0.39367991121550416 0.011972782890859561 -1.980733815506592 -1.65711113228891 -1.7012708336459965 2.3692640171281423 -2.0089896211389537 -0.8894923742261643 -0.072550429096246 -1.8025314463178321 0.6432874501532239 0.05832512777952386 -0.9528433974146052 0.7365684821406747 -1.085768473896888 1.4937210548205484 3
-7.515744808195695 -3.7645072580486256 4.426265539946498 -0.8556624187768732 -4.757093182320655 3.971171406805964 -0.22103219108934113 -1.7127132941286536 0.01032736299313267 -5.540624646298438 -0.665537212011681 -1.8548278174900916 2.892456526204798 -3.9224812139358227 -0.7727475102965136 0.3181703486850187 1.173204432719993 0.5258543471086263 1.6504916192955874 -0.06793692889918987 -2.1109412970660744 0.42293881423275986 -0.7795464917258312 0.10473079754449773 -1.047216868568918 0.630009142792311 -1.3168529504771052 0.8951905414940687 -0.6267781884212732 0.6696062648573958 -1.7121348001705257 -0.013871376675576873 -0.2531209943118965 -1.097173817646103 -0.32078436812458583 1.1457738495522525 0.7251753558363331 -0.47075177354740644 -1.15445447253974 -0.22148189910071886 0.6488458701336618 0.09444174042386351 -0.4372323283203763 0.3068292253304356 -0.12323993298044728 -0.8415687520011655 -0.02586803401639406 0.6570642264957244 0.40022644661981815 0.31183870703674427 1
-6.916081402731067 -0.21939213274500047 2.0069834795904375 -1.9823314337514872 -3.133328283489945 -4.725027314846137 0.6826076892118491 0.9419066334634302 -0.7569280884571239 1.706727866722629 0.5419916174062438 2.063156124797752 -1.396285936598208 3.59862499229115 2.7214184068342724 0.8341249582555457 0.6904370767809574 -0.4115382714417364 -0.7617345558986465 0.09403549052016759 -0.30140182121753867 -0.6234943455359967 1.0068369120718945 0.8559057604072083 -1.5541677634811868 -1.0099679591734354 1.9871014124465685 -1.9970003368574685 -0.15147340840133885 -1.0208105908592562 1.094665549653371 0.6071206885913183 0.0723559638597127 -0.17534047083987694 -0.661603277392697 -0.9368251256611606 -1.283615627195206 -0.8941818386575096 1.4217638677580888 0.8113050625602122 0.4920649064263122 -0.6090481786199204 -0.5871518687384099 0.26472784627443136 -0.7124930957322068 0.570117045031567 0.8932658556315146 -0.8986076395712976 0.29077889258185674 -1.3018835761692575 1
11.738205100944553 -5.094921570546321 -2.130758020762903 3.688477027415258 -2.2375756403501796 -6.570760545584246 2.934081556127905 0.3394833082722153 0.3127827192393011 -0.8797940233223667 -2.387586229380068 1.3115928689413594 -1.3775607371253737 -4.29941923304402 -3.712863281389873 -0.5387557070846929 0.32136937889966466 5.184208177651581 -3.1832495226553728 -0.1540750051935864 -0.36256961342813177 -0.7418199778688752 2.0470447453723715 -0.17078697489835468 -0.5806755205307078 -1.666552943655014 -0.39087055036616963 1.1811547621480156 3.1289462796907235 1.0991265994167916 -0.6611926457030207 0.5732041239679214 0.5225881330011887 0.9757325787163124 1.0154606552275114 -3.476818057316732 0.17385029394415938 -2.872087828854689 1.737153298771547 -0.4738174770104528 -1.4495521504383835 1.3490760770112882 -0.9181488187406835 0.3968586900326365 0.2909572478395092 0.2917571953205345 0.3139868873670457 1.370060466666038 0.043837535653251714 0.2805684643549987 0
1.230411133995092 7.304629918496867 21.36584111860713 -3.278987321917025 -3.8414664827072422 8.29967024521744 5.234196412922211 6.081192150735931 6.791794809143068 8.698546404775813 6.679716209790696 0.9689354674196122 -4.170659859407025 -5.153732709042093 5.894106706365363 -6.660679296713557 1.0219748527156307 3.2044957078770513 -8.03956215907659 12.456351487465522 -5.783854370545175 -3.580978463579118 -3.3129602828074414 4.598028324707472 0.14405966817784566 8.714214794306303 -1.9775758432090367 1.4623504324569414 0.1644652129604159 2.8422907171158065 9.969590384299742 -1.2238830527770606 1.2686611488295116 1.0489841651701475 5.417027325194346 3.1785767970230543 1.4346229634938281 0.20635813988065185 1.109982291025426 3.0721719639386382 -1.5972415079457323 1.9709346040762377 -2.868433815411683 -4.8615332765915165 -0.5340307406902675 3.830498426824351 0.3591259825766275 -1.4575477361030362 2.8958359692632363 -0.5328047852524277 2
-0.11245676175649982 -7.046887469677704 -0.20333905715405276 11.062787964265056 0.9800275478697086 4.1533826575758255 -2.1214304205536463 -2.1431779923328595 -5.561550142376585 1.5978494367368028 3.592744494338177 0.4837214653199457 0.7660584511923939 4.951129812127061 1.6236692219051942 2.7925618676571067 -0.07602849415568712 0.06007943541355429 -3.256066998971193 0.6037448896093316 0.16925364032156015 1.9120686217327656 1.6464095273379113 -0.695691882782701 -2.0667864871355226 2.1569883878085845 -0.8262616720361562 -1.4105306244088562 2.259387215823289 -1.5581366779914028 -0.19556428966805192 -0.4690775709274895 -0.8722227066621052 -1.490118937057856 0.13176276181543292 -1.7672387420790656 -1.5955923068531828 0.6244816167552284 0.5418370337687102 0.6639247736760747 -0.9430398304648948 -0.3395503891496159 0.47536067380449465 -0.7822448827439545 0.14985331520231868 2.142828385551769 -0.33515529515730813 1.7625993658588544 0.13289679237217944 -1.2217788418521978 3
-5.536427151808103 2.014808501323347 -5.200076482022599 -1.0446156744737278 4.368912201415132 -0.6531569198406972 1.5861010398875848 -0.17003582238337295 -0.5044649611129838 0.3621160509590603 3.373460304999774 2.4354441617381233 -1.2936698697519229 0.7649420026247268 -1.0716365443981 -0.3581264900687183 1.5510583954993422 2.499845245841013 -2.286606852081261 0.6663304782903723 0.847601067942109 -0.2509260646652239 -1.1822648553320976 -0.7078891847627582 -0.44355707022553487 -0.9133870127069789 2.2972863601025835 0.9350689264515657 1.409373986337391 0.47928243542747806 -1.550621275055627 0.6571220666694462 0.321642500302789 -0.5428440909152362 0.4120564205727549 -1.04872716197698 2.441465598565161 -1.0505017579846343 -2.431858008660603 -0.2684033094306317 0.6517962413886246 -1.3254960732808496 0.31623144909256945 0.5676071356218334 0.9587441568673292 -0.47598738055719253 0.5777255789569835 0.06406097804286269 1.2352718032138315 0.15016717944694524 9
-5.639220133736788 -2.1771794785515257 -0.8689042034706206 -4.314392759508982 -0.2273926639101424 3.6893487266639373 -0.7215564748683765 -4.3305967438934365 -0.5936326059194101 0.92250491205213 -0.38200526755142017 1.0800912922853103 1.43972923222242 -4.545253121663628 -1.332565069158855 2.6382034117283633 0.048728936162096045 2.054403893433035 1.2573873117620582 -1.646993581993974 -0.2005964012473165 1.2696349733631023 0.33007526584210095 0.8051063912782321 -2.265168604049049 0.4325287146739731 -0.43574185780908226 2.134102062026205 0.066098890235852 0.9086043839649559 -0.6127429998711007 -0.057168588674727565 -0.6177375465058361 -0.8260674906692235 -1.2010543632261121 -0.5156878016775001 0.0022817760297701925 -4.540901357249777 1.1582203567727585 -0.9030009390611217 0.05442919529310029 -0.458889205176016 -1.0734707343661758 0.6626816176948623 -0.36920060403813887 -1.1114198893218 0.9489686342205664 -0.8655910241671642 -0.48573839538309177 -0.5120056220276737 4
-5.917889057023871 0.7272831460979488 -2.248937189664914 -2.828973645654218 0.9629405537541537 -0.4459382968551592 2.3765048153042945 -1.9871023933263146 -2.2394928255568876 0.2979599757751576 0.45882575088818667 2.770704656903234 -1.4314719125645865 0.03382702180624121 -1.1177224028810777 1.2892076591996986 0.5737097963917442 3.0719167827507943 -1.2697144769190056 0.3098809092072498 -0.8131673190793733 0.6471215808050634 0.8463769215014194 -0.38027054381814873 1.355434915121651 -1.1088642120034902 1.8687300729939573 2.3020746597859665 0.4840737364354665 -0.4478362174558445 -0.4373994483050547 -0.4127980932699174 0.4505837072552797 -0.10260428612327926 0.2898528248041515 0.9791287356252562 0.27381867093824674 -2.148731134546743 -1.036109535121939 0.7095240696493461 0.21280567040049111 -1.8217151295929557 -0.7636294205656085 1.4981462966171413 0.8351083325062392 0.10549137084987342 -1.561522118692486 -0.35140156619859786 0.0017956235062761676 0.11861579392022818 9
4.651872286202543 -3.449939244948638 4.525395240947072 -1.833622865389824 2.780146870509734 7.418070370418597 -2.6492575622972696 -1.6328029709387748 -7.746455490567466 -2.5311334501865552 1.749489340592623 1.1475717766223534 -4.2246241614614295 0.6682532620382748 -0.28946961072457017 -3.013974173850539 4.528105203099585 -1.5523960929939244 1.9624999352043861 -0.927505539335855 2.531167870905714 1.2148024511565774 2.1690574696718365 1.0054126752430816 -0.18509063447182572 -2.036450240618273 3.1642522047881347 -0.5631568329491767 1.3097803117762357 -1.6201294763275205 -2.2384775764055203 -1.5914188012309407 1.204110255377371 1.4595921426926866 -0.9218083728696254 0.19614429038563042 -2.0496526209510417 -0.4875261439788504 0.4984687739471276 -0.05460816550478506 0.6632731606020048 0.7790267942117236 -0.6280027203066696 0.1498017379582621 1.0796398898830724 -0.050647064568129 0.18511019226003997 1.2124958615648735 0.4994378796949741 -1.873775488675213 2
-7.606362977495567 -1.5563458469864018 2.7503473929278965 -1.8531431198602906 -5.917526276923533 -3.847344610414716 0.32022883604706637 1.3118786152699373 -0.02042632442797954 0.5358137546821169 -2.1758108215083842 2.12750017080051 0.40262896299049517 1.8917206609940505 1.078394581946784 -0.13171510553941454 0.1417975141317856 -0.9808318148579881 0.4309332531226125 0.6673110113841619 -0.31925180860878083 -0.5989568368188162 2.166894937717126 1.4084233937390462 -2.1801255820146004 -0.05907841070244861 -0.386328088098913 -1.2821499263153382 -0.9532102747857183 -0.9366573673468465 0.24211321944316522 0.38261047377588064 0.5513642217593275 0.5420422529511768 0.6569177885378293 -0.9468729819603248 -0.08212660100800762 -0.25497231267117365 0.4395776103302418 -0.6885169476519202 0.6061970012174237 0.44533933860926234 0.0015006192655627308 0.42912397905959165 -1.4181150911034113 -0.04281739786505466 0.6953905272009323 -0.7562393743816669 0.09869568703236828 -0.6571771983594502 1
5.864363758498444 -2.0819650155870164 0.10169364544120517 -11.597100914305798 8.680636284701517 -5.221432891979555 1.798102246920858 3.9196463833476978 -1.8858944911953175 0.5018680689631949 -4.672220391808234 0.21156597312400469 -0.8111247039613371 3.9252229068507245 -0.6061952688387808 -1.5157207301346571 -1.1102212345264164 2.7387389865477143 1.2437301581935187 -0.09544923417736412 -2.1135414790233273 1.3798385327948002 -0.2940907664769021 -3.185653039876391 -0.7850542734974228 -2.371009277154605 -2.172460762928657 0.7906204105587066 -2.75791819682736 -1.8336474504402691 -1.8388954261942416 -1.8873822758325636 1.6679083353784863 0.5070530183584908 -2.034496309704886 1.181633590467644 1.7888891822173791 -0.5909521526343918 2.018156768188136 1.4357148924768277 -0.7885728644116208 0.41887905039600304 0.00507964112245308 -0.5899348298411291 -2.2330628205497804 3.073099620132983 2.11764187614074 0.08737898846820348 -3.4651641080008675 2.9447700748645107 6
-4.881325937080087 -2.359078376302348 3.129648170845771 0.5490107463096877 -1.2258462487499842 -0.4982374119288084 1.9490255994876737 0.8411192637959121 -0.054968186574256804 -1.595595827621412 1.236735305445326 -0.23441851007638792 -0.34104051304406097 1.2840802157261386 3.834416127510123 -0.06872751230986197 0.9431556402882696 -0.10101564173386357 -1.9233651069220083 -1.4786970738569998 0.30513839849138363 0.40929219686591806 1.377853583205124 0.591712932787266 -1.0414116650682304 -1.4884339351748443 0.9207692078023371 -2.8031233668359135 -0.5811835622334196 -1.80977607707897 1.9895462099648984 1.7388621697834252 1.0594769148009038 0.22325364194647282 0.24567800776316254 -1.7247557457514469 -0.9158720941893943 0.21822875929862617 0.93476738332448 -0.27686589016108437 -1.6420711729387774 -0.6398337795055797 0.05272066485608574 -0.5569780750497464 1.1946396430648998 -0.08048812881433988 -1.0964765599313622 -1.3197820188805074 -0.5362028699682564 0.7999646669175802 8
-3.670667642003468 -0.3449045070225465 -6.268058417563753 -1.886248854663946 3.9340007390565144 0.7626186908475074 -0.11237521294658283 -3.807402006990561 -0.6216582055835689 4.833216500409401 2.6486405183504504 2.397319942087285 -0.7844992335930258 -2.0665641203785174 0.8366622200001159 3.8321144414187236 -1.0645189336258287 2.7857374584093386 0.10998626919785265 -0.8223682469353979 0.8569741576806442 1.573705729277744 -0.9751659899700501 0.37375579756080823 -1.9966585280832232 -0.3472385374700865 0.9228556553758093 -0.26312780684315457 0.5203378939099065 0.24273778322368078 0.5613961745124952 0.6757513962110712 -0.7269658563369333 -0.6801402276574637 -0.905823445345218 1.0364567532668376 -0.10145720647651016 -3.1382945724664975 1.1985087678758053 0.4068300805949943 -0.9012798166292461 0.06363199839967919 -0.588672284335596 0.37677188746267015 -0.28032189264626844 -0.2914266090256979 1.8388527730895146 -0.7258389037074587 -0.7548316537034289 -0.2977498469408901 4
-7.703371680191229 1.039444128606446 1.0533624735345648 1.0783936799531995 -3.9695590873924216 -2.991993309414859 2.8522560145287694 -0.029725073650854913 -0.7299037791123406 -2.894997922180234 1.8322352674522335 3.122394387608822 0.9272796913575916 2.632784205337575 0.43760103080322876 0.14603843575507192 1.1886518973183262 0.0535236116425713 0.32954630811042196 0.5414491527310058 -3.3708996788046304 -2.663521967375654 2.238050830733362 0.025820292237495022 -0.11830743059320833 -0.19977784175012203 0.6261795580789791 1.7143252879609296 -0.41655769627999933 -2.266590070002109 -0.9387758419449422 1.3217205555516922 -0.6248092080656505 0.5883494853934241 0.21373373879025648 0.6393538340249972 1.142551908773194 1.3382413808875793 -0.3629156557982745 0.25601678527494814 0.1364597926510491 0.27529464404910736 -1.095372108657669 0.6275705865194164 -0.3558270426631045 0.3974575151892131 0.1486285863921237 -1.0059418537271725 0.05741987512190234 -0.13879388509171098 7
0.4594984594538411 3.1949224479503715 -10.603008081637238 1.9283486666686285 0.3075769684221535 -0.7588218997336241 5.679008050696847 5.964606071771211 -3.8064880358896405 1.5164800655160255 -3.6992060752409257 2.2395493756154714 0.30860780279038563 -1.324419432039272 -0.23021227458703133 -1.6712491390497692 -1.6891348779734097 -4.2374607154022765 0.9818450648897016 0.19535194420863322 -1.1133211719096117 -2.1918042385585297 1.9112352921298001 0.7263545973243549 3.156268674200549 2.5746179555800874 -2.3675123098022763 0.3172670593938451 -2.828165074900905 -0.5434857773465105 2.468597066934079 -0.23070852831799657 -0.822918958519973 -1.9858847057284792 -1.6107536157061897 -0.31626597793066574 -0.8428147719961977 3.790392774173728 1.8428972293595578 -1.5081418898510786 -2.5902518989247585 0.03798722380669709 2.3473576182330564 -3.0284554948062143 1.6368275404446229 0.993302221546566 -0.6337611948466467 -0.17179413295480556 -1.1680848887935718 -0.0763860685668526 7
-4.115047970360301 4.328522229008263 -1.122920756960863 -2.1426739979774965 0.4442465991819004 -0.006099348876287374 0.5757365575258477 -2.5705397782112835 -2.209615104234327 4.268383715863493 2.166833912217728 0.3919650416544025 2.2188315321758294 -2.215451539367654 0.9059643166409483 1.2555200728840206 -0.6280174605680177 -0.4736504596564773 0.7688256863098798 -2.716951470834002 -1.4901307566606843 -0.4024013987165833 -0.9503199168811046 0.20822669375685737 -1.7778228283688635 0.8121632676974135 -0.3711076765873221 1.9529576682998022 1.4073153337050073 -0.9615677107073556 -1.4079784637352653 2.0808355123059648 -0.7922427399732732 -0.600162237885816 1.6126253550250393 -0.2603493965673538 0.23713206519808705 -1.103533951340818 0.015400821695453662 0.36646710865734644 -0.9968218380911446 -1.7414411385067163 -0.6957693050587507 -0.8737048576578546 1.9543106248023028 0.07593067443044171 0.6251679764863367 -0.1313722561238116 -0.972648512502642 1.5496281120238815 4
-3.4580044603914843 -1.501418579914126 -4.177841403588286 -4.766353165849627 0.15981586407496065 2.680057262772631 -0.8383068526577689 -4.496824143108277 -1.1456150443077884 3.7584612481417747 0.4917713992798896 3.2178747440160533 0.7008385546091391 -4.226487243018983 -0.7123907615527816 3.702067016783901 -0.43845455263660793 1.3520271717463461 1.7013858635985897 -1.1721543092833768 0.22021275534560647 1.3367314253961902 0.45538981879666374 1.4888201481341012 -3.6040742993371797 -0.2834394629123417 0.7076961000025588 0.8702633374589039 -0.29026441112304213 -0.07004647446982697 0.5481003032270275 0.23419506903811882 -0.9169281933457206 0.37177973274042575 -0.196188177151624 -0.04035970086098447 -1.1547230067492575 -4.416171783269551 1.2086986744520967 0.029332143464013173 0.6649592860414653 0.05229589552310413 -0.5596238025874898 1.1014273129992829 -1.525462071418436 -0.8440401283264334 1.6082501873025 -1.57312060274698 -0.7604771308769666 -0.9985030320673672 4
-3.8349265403940866 5.054264969629717 -3.099415003411599 -1.1176585352350066 8.779028854520156 -1.4128713205632302 -0.9018873827579391 -5.093128117242135 2.1373782318959433 -1.4786668981647102 4.984145183266268 -2.751071468743319 2.0322326774289277 2.851922409538535 -1.1606301446266745 -3.1941870429808303 1.5054005190741742 1.9617986260584628 -0.1309597127535004 2.6745837237051178 0.02466210267707331 0.43408729502767 -0.7488158729476764 -0.556122158167023 -1.7067261099899858 1.8753617335390795 0.8214447864472691 -1.0490227928802245 -1.4012919996916031 -0.4706821626949623 0.08616850404927605 -0.7600123472446156 0.3997742395228624 -1.7491606292112403 -0.8833343084282859 -1.798341029428311 -0.6953116336547923 -1.2163740421635154 0.05045075834124538 -1.8403127153376948 -0.4302477683184008 0.2783437449857202 0.373974019418386 -1.0982334837608148 0.9127163198757907 -0.7570486867404773 -2.450620952752468 0.032809143350247635 -0.08977379653277366 0.11159759696702833 9
8.12359667652788 -9.498467089523464 1.041174540679014 -3.2747155888734873 3.723482568680985 7.22115864226832 -9.040625860908733 -2.0932808110038357 -4.8855700620541445 -0.9987424881848385 2.948663245549156 5.270158797798391 -1.3758672323183738 3.5621298060363475 -1.7014438968063255 -0.43998847932424767 5.681970124592837 -1.756142261640349 3.9109032231210947 1.6139679303185461 4.162268183370015 0.5202285051001313 -0.031471885486447686 3.0625879742328963 0.03186115712119898 2.6874670226079904 0.13396011491812101 -1.7513813658343815 2.0415964970766733 -0.7467583099483053 -1.522627609411384 0.023887814010646526 -2.9760905646661158 0.8795353437905001 0.8977286721918833 -0.047478276071769084 -1.1772486012782377 0.7455572576897236 -0.6357271535401101 -0.7092288416204189 -1.9032463350394682 2.6749203843206892 -0.8450547516785957 -0.5184777581321165 0.8047169557298021 -0.4059683859896229 0.4480444821091875 1.0615237263304997 -0.11894306814043658 -2.567582797563908 2
-2.458304486452351 1.2822625901209368 3.5921946126779436 2.572920385283086 2.59331421896444 -5.8896450417409705 0.6909841348040878 -1.5682330308655468 -1.7420084667895988 -1.196873468329538 -1.023124503510548 1.4925345026313852 -3.234254058498316 2.727324820589592 1.9256328916958296 -2.053399048963796 1.7270742705190434 -1.215252372583519 -0.2848613953661832 2.2834724749221196 1.8101113057327558 2.129977509929555 -0.29573633763662366 0.49959003645019956 -0.8360753367582927 0.23880336127362148 0.6872854319040772 0.4275240000331626 -0.5033090354405234 1.6124429934086006 0.614719463613893 1.2309346430022547 -0.46283979903070405 0.48197355594032354 -2.9309214293342047 -0.01534270048747169 0.941113171149444 -1.246247204099083 -0.3680618222528662 -1.551612150908343 -1.3375836662634248 0.7211021849571811 -0.5278654848841944 0.42779719055141574 0.2587871784426606 -0.36852290574169283 -0.6124608719877191 0.9914366702938341 0.8207013536769078 -0.4911937919721215 5
-1.5863155192206104 -0.48142985707509667 -11.504288076172415 1.5923910602743798 -0.7280410031735989 5.262611697971301 7.674154994818191 5.258388550521398 -2.631235156043857 2.05523693366088 -6.690973485314667 0.6625604942758456 1.4908316237098922 -1.8416900609003877 -1.2564823589733025 -3.160022174743901 -2.117740946389676 -3.2910789008781824 3.037441642690905 2.9446647800411356 1.9821244180310191 0.01771439628874356 -0.033341925986799074 0.35419977923267115 -0.2719059033801503 2.795729205726875 -0.9599440920971198 -1.2922632315581546 -2.390678105606963 0.7165931039762516 0.229313395043203 0.3602558084993372 -1.2603997228242392 -2.325008066266961 -2.3598120663939333 -1.743133149841754 -1.191180641953726 1.7226030917352422 1.1538039320283664 -0.7337970724734428 0.14131098950452958 1.6432164185177072 1.7981433383916465 -3.750313520633697 0.9228126385007858 0.9599274371913183 0.640783224358775 -0.8510529008102931 -0.9140941172366129 0.5746571498414276 7
3.9672190362159925 1.6174842292657368 12.402179213811026 -7.093260000729022 -0.3008476068667757 7.252698319359696 2.8816431790565966 2.21671242239062 -2.324012345011133 4.054754423843259 4.004822628274115 1.067303970725338 -3.3038152697990766 -5.219551304306002 3.5343567353732666 -5.621960163515018 -1.6524456434481463 3.391443198924556 0.7083507467894123 2.680088058313934 0.38571921328967795 0.199979262898261 0.6116848843966243 0.42890870890455807 -3.882333693948489 -2.0893190272411193 0.9235231282115457 3.456621117428214 5.761395507172313 3.4467367779979474 1.6105671511422657 0.43231104247581875 -0.7823923570394817 -0.265177712867602 1.0358807489656703 -1.2213563797934157 3.1483852577759204 0.33905003567866154 0.321683497060263 -0.11357485149838424 1.6717871215547098 1.3075392798066505 0.10923459528273623 -1.6254775531996737 -0.4944619706274347 -0.3696372076241912 -2.4233862743010866 -0.8109743482739895 -1.0871461144897447 2.580296544960764 2
-5.739496290677246 -2.4316703967002073 -1.3753936362213801 -3.5707067507401073 0.4877081378928204 2.80079558425993 -1.3851424420184206 -3.30845927722898 0.22235141336677217 2.717142896202326 -0.5645175045366696 1.343377894081786 0.8883440737230094 -3.2275238924687053 -0.7771287008864467 3.4304790026397494 -0.7043607302007541 1.3456643274953657 1.4136438964058773 -1.6339479307732505 1.6570340092190232 1.698476236663651 0.00014145208211040875 0.6037506758589067 -1.7328500273703162 0.8896514615404556 0.7342060553877074 0.9758112009144557 0.4618747433246163 0.45514145327590855 0.38913692975028763 -0.4042492748710831 0.5888822470915808 0.0790959924420585 -1.487419921618335 -0.6715485961834259 -0.2802775275301303 -4.107656947234495 0.7785851635954681 -0.9960321060327143 -0.3440271244676879 -0.3575214206977118 -1.0577735329010016 0.8771405965994556 -0.5823689329904751 -1.3480573349862335 1.8059371598328706 -1.372196904910853 -0.4426058411894251 -0.6695597203340019 4
7.32062397037669 9.254178737848584 -1.9781454173563742 -6.161378115974303 -1.2344688899218617 4.005719278463699 -3.129451337031355 -1.3842481447053312 -1.9966540114621503 3.640397365957225 -1.2830615929091997 -1.609722990622558 1.0268710283947697 -1.8974383923751819 -0.01744038911847269 0.1338464242133109 2.1587496346940993 -8.589676840678534 -0.582433110173478 -1.1566410854032372 0.45342237798657087 -0.7108489446060977 0.37320543056857963 0.4686279564004441 -0.25627883856999756 -2.103624426254829 0.09433393682076374 -0.8657863324724068 -0.7964661799701614 2.2875381670951396 -0.15630480316958173 -4.2119661024858015 1.5977478770803417 1.2683145325767375 1.066167113887471 1.0164144741463028 -3.2221480001987604 -1.550624774093395 -0.12109042264898955 2.601581041258548 0.8283239810324022 -1.0217404921594722 0.84095751566644 1.6062554791669634 -1.2115533561672582 1.0574027551557779 1.5240257689904704 -0.2031938615169197 -1.0847324210286962 -0.4078871274508915 4
3.9246387394448226 -8.975785880713994 1.0900987780883054 -2.0767920533106294 3.320944321515843 7.494825520193909 -4.75074905647514 0.1406902367521453 -4.800648470569564 -3.6418395522716422 2.971564964613236 2.480758052089974 -1.6841135395050146 1.8229797843454818 -2.9419722697073514 -2.272205981352483 2.137216245023888 0.5719974017604996 -0.4118135593117297 1.5244510347999676 2.317930215007791 2.869781419120214 1.8577367285643078 1.1654567692337443 -1.1672800492718989 -1.1814614873403666 -0.8989570402648048 -0.15341844785403155 3.0045899315466014 0.36640619488534043 -2.2816376426482994 -2.7593835909304 -1.790577690239626 0.6383877968266715 1.7285870675097839 -1.4545233575308258 -0.27728323388843834 -0.23278546195753458 -0.3318028284783052 -1.1934248886493395 0.6647502463754942 2.961467161415153 0.6685916400115353 1.2302301293487814 -0.22371765125841225 0.9922388672768258 1.645689226319216 2.1463364710323565 1.171371454643864 -2.1755330687190586 2
-7.296887571182217 -2.0467766271517127 3.495902249477706 -1.8341579255065432 -2.6188017278271487 -3.9477983451577754 1.9374668258329624 2.038657153355037 2.0493969911943912 -1.8053162629648696 0.0039827890141383515 2.9246306150207797 0.13143764980986122 5.51894972546748 3.0694946794716294 0.14497206519217617 1.7157808068001392 -0.7582784872868181 -0.28619656911349817 1.26889635504508 -0.05653456882190517 -0.9470405889803365 1.71911182537702 2.0343087834343483 -2.679632000450364 -1.1474370591295457 1.116562579022547 -2.510379533185525 -0.37934484458590645 -0.9450264559214601 0.6735658866873778 0.0584347910286805 -0.07308150391848671 1.0029940371289006 0.2051150165891777 -0.8703162101549767 -0.27885385611570407 -0.7492794044856464 0.9669707690561127 0.18445305231922313 0.834472324050741 0.20968217060410407 0.09320704558429148 0.8736259721539307 -1.5985006955702261 0.8991361377972339 1.5072808015103913 -0.39667586883148553 0.6142520088735194 -1.453520015510537 1
-3.838861475987158 0.2176051902628092 -6.598443422963284 -0.2871613997115589 3.7643405694740837 2.082595896210267 4.398316438348961 -0.6250085496044179 -0.695185518420232 1.362930973051001 -1.0473901228113138 3.6060248235695003 2.5741397822815126 -2.527151276216704 -0.17670676050209072 1.0592974685897631 -1.5925222769137648 1.2027181018062139 -0.8131789088778998 0.31671052670717786 1.8252441443622898 2.1850936116301436 1.6483204326821148 0.6779878023095542 -2.208538831513231 1.8174003326954657 -2.0827269348537008 1.6047198755648113 0.1479925761287927 0.29851760058720966 0.19964178617940354 2.252699823712359 0.8886785264045303 0.1927407410345857 0.958181158488425 -0.937164527624631 1.2172278072651705 1.3092334905326717 -1.5722317423627599 -0.9677634768015937 -0.09969252167056604 -0.725590891624909 1.0362270764382253 -0.06253642945164677 -0.42499404671738883 -0.2694107414531858 -0.5299002858396584 0.5615765296271225 -0.4407822296410008 -0.1099506449915122 9
-4.046790950347164 4.901896927745129 -3.649565119039247 -2.748748303715027 -1.5804741226265446 0.19013310724924262 -3.0314836404252166 1.7804854380214492 0.10614918337759645 -2.0192218633834393 2.4683001742518997 -2.645183172711705 -0.2127478628108936 -0.7779393922881643 1.7100478599749482 2.855803878565358 -0.6212495784618254 1.1345183450051775 -1.0600368957579906 -0.9179161398851012 -0.999003551799594 -0.10544847219242749 -1.369670541388249 -1.0749049882696964 -0.6305922943849833 -0.9403288485417373 0.46853509218968076 1.2133045074703268 0.8848890667314595 1.5824348554076972 -1.616897303310436 -2.9977058751642773 -2.4598826775804055 -0.6853640899633645 -1.8671156015940336 -1.7235124154708699 0.7042609102988908 -3.836508599355521 0.6722615460940676 1.3387484173632083 0.6694026356902302 -0.9148111169942039 -3.030411546949497 0.7822509175161954 0.7128650470143997 0.10971888325419213 -2.2434866435886276 0.7488163648966577 -2.4893976655724366 0.6654067119036647 7
9.28487999162618 -13.0943630198783 2.5997508956005437 -1.1075863291529615 4.895426618050453 11.932630862979025 -13.174867737594155 -2.993957178699854 -7.031003930518189 -1.3893548928323187 9.276100617882328 6.368299419938669 3.4140745877116627 5.639917435343907 -3.1939175895178966 2.4266464941155004 4.875089859378602 1.1345176302711624 6.001014508218556 2.605249261653359 4.593057269634518 -1.6375778308131506 -0.5021562974996994 7.062318040759357 5.5834556407458535 2.317506855053621 2.3128603187874237 -1.537770796254977 -0.7173361982398211 2.5231242480435085 0.3897300569813092 2.501330893850437 -3.3482590430099237 1.3851823475808893 1.583388088053155 -5.209215784665705 -2.492927194603409 -0.5387718683886529 0.4842271030885988 1.710787981254579 -3.0733516273822885 0.8521905218905306 -2.17224563187885 -0.6927996804166103 2.627524353854879 0.3255019740259102 -0.7541703956911736 -1.099267717724093 -0.30711332833786437 -3.7455429321051894 2
3.4874672125474615 9.632780805071162 5.853496593270948 4.566653724948391 -0.3229478325372001 0.26807315664473136 -1.555144158133864 -0.6545155146355431 1.6351963874044297 -0.21591237201815955 -4.712531641902782 -0.1724932442389541 -0.5732114332416502 2.1159407732356446 0.143447221569491 5.110736347506884 3.822940845734377 -1.2056388344088027 5.543717776954416 -1.8078870509013978 0.3169237889222142 -2.067416613843943 -2.394854313160318 3.208211920071463 0.37860279835360316 1.2556458243393231 0.6634397553980054 -1.4803675389246918 1.1172566749003654 -0.32653440959871644 -1.264142786654649 -4.151906557618867 0.6098434255198769 0.7741540955940958 0.8715368025916935 1.7099344407721113 0.20358980439186877 -4.09160754105119 -0.9932201940646418 0.3267398516127633 1.1474890262051234 0.29516424687202913 -0.3950506461226933 1.4614080941208427 -2.7316129525482236 -1.5654350377137602 0.1369072598013328 0.9488650509386819 0.7634038447999287 -0.1633984911909246 8
-4.513219696760095 1.731851460853567 -7.46810145925688 0.5995060379917772 -2.123459767960135 5.648086790735974 6.248048210528918 2.5905851344732578 -4.63481566880089 0.46255719223326375 -5.556965415077522 0.38368987756549106 1.1161412442059784 -1.056746365683004 -2.9050384165532575 -3.393585610435546 -2.451408479719749 -2.9343599059604233 2.656492695776096 2.915891981639992 2.5377828464398218 2.022998763907013 -0.8320137428290392 -1.257999713622707 -0.1408355955871164 2.1490418146684376 -0.04742793449722306 -0.738827053125992 -1.4005449454355883 -0.3748087456512539 -1.1098059623591472 1.6874275518635033 -0.5055491663987356 -0.5478799953643984 -0.8074196776051338 -3.6006460835922747 -0.8851604335250385 0.5202838636882293 0.21540112019925803 -0.2165791194135319 1.0718400634369087 1.8867654358513979 1.0821688866281371 -2.5043186979587873 1.8846869780432816 0.9620102352737792 1.1314354750918811 -2.661389486487856 -1.2291737463178227 -0.21755373415562423 7
-6.029102304806221 -1.5910785068705058 1.5347867483496478 -6.2383467082390665 -0.2823824456382366 -2.354465389566408 -3.014945550265487 1.519330808861285 0.09575003588154656 0.8526418675564662 -1.8100034823530031 1.3172731729570275 -0.8593546292961233 3.720145288266314 -0.9132062476651588 -0.6976886389311772 0.4905234580091902 -2.476250416164534 -1.0290199531674036 -0.3999167074517767 2.299879216213171 1.5514803057522244 -0.9016630027813618 -0.720208565666129 -0.20990229329118726 0.26743670720576607 -1.7207339398203396 0.02877043258449497 0.47374855257934867 0.38729270010296457 -1.4810697352091768 -2.2944253760171143 0.34449523467268406 0.9534982524630844 0.1297202941535557 1.593602929512206 -0.017387610861934626 0.4213089356424183 -0.6222541196158901 1.1216140357468969 0.4578987472556036 1.0322258899932346 1.346072447248281 -0.12276831990226585 0.25131780588833913 1.6860726925952978 1.1048830324363632 1.9648079734471369 -1.130412939542793 0.4126639409870645 6
-6.650738182631342 -1.6240733123077709 -4.569946191640978 -0.06626589492681127 1.8316034621558435 2.0983142670090373 3.8925202314105003 1.177826573261378 1.0085987877529319 0.3941551410973803 0.2526624882629008 4.536724408089222 1.2596769901649887 -1.5482861874763965 0.295225080715032 2.137037951845861 -0.6017420071701519 1.5198557590175021 -0.7381011730691204 -0.2338766449212724 3.095553172675655 2.036030418610556 1.7125005643752829 0.6344977310908119 -0.5438273074235493 0.09962978528572922 0.08772733906607764 2.5143424599773367 2.8300871429589467 1.8641015592804717 1.0489098085602249 0.018865450565445207 1.4002045009507096 1.4100778569086418 0.2009190628218629 -0.4832921743887788 0.479242409646239 -0.3513221832076246 -0.3490874087717629 -0.7249602066537651 -0.11069715528301982 -1.3180291426981658 -0.4155246595782223 1.3180999500350579 -0.3784193414712231 -0.8456817628277837 1.0191427754321 0.8801167812076867 0.024729374128433904 -0.28392949137285317 9
0.03930826556206974 -0.5210777412901416 7.590213958366608 1.5551676609741978 1.2772001921555571 0.3025543321229658 0.28495343461920225 -0.8176963170902714 -2.1520874016971487 -4.697854321470055 -3.261999651419326 -3.532947250565071 0.2956942028908801 -1.1843863132957022 0.9701804177057664 -2.271006735640167 0.18968502060412917 1.6300244785611837 2.0345345870770015 1.4895056470906651 -1.3194878595264625 2.5491630355808526 -1.0189263516576543 -1.3894650912610242 1.6814976860954365 -1.0509024163538068 -0.33767529372871696 0.5995182876971429 -1.2691890572121143 1.4176482821380496 0.28232751252639193 -1.8955403489594747 -1.426347783136558 -0.11458270673388139 -1.5220397042429046 1.5725612887134035 0.05626251103285709 -2.048565457544746 -0.12435002739043718 -0.21496222322926448 -0.15990181530942757 0.2120441140051259 0.2739919419927313 0.8698198001865232 -1.0475115187041653 0.9971388637553521 -0.1234144156084755 0.5217062932846721 1.471816340465253 -0.7535491578671307 2
5.725936713430063 -8.00394749093523 -0.5149107882012828 0.18828346655550507 -1.4208516008658387 6.8244968499727445 -9.93313731747756 0.9094048436033634 -2.6083998862087445 0.3488516797355575 3.463532234165858 4.393054890696003 6.33878107446061 -1.9333033164238658 -2.949914128513824 -1.4474196908170267 2.245448428751357 -0.8390639329118792 6.704459947626372 1.9606717518050791 2.5733949314315723 -1.8099183391121971 -1.8297628017382228 0.7273943762163961 0.9027154240222179 2.9570502356783126 1.9793159172411243 0.303569434685276 2.3422384032083325 0.22954024025119574 -0.8370093492064399 -0.4294309286304693 -4.033984261365126 0.7792807872965489 -1.6070727259391524 1.3255315893427175 -1.1636201211665977 1.7727671487717762 -2.321908224341628 -1.0157799195961041 0.764578248826417 0.0683456146042002 -1.2000790894944793 0.5677132104789729 -1.16732640589154 0.10556002843705858 2.854623713537923 -0.05271523434716143 2.0642152318910045 -3.6151168199206776 2
-0.055953273676820556 10.684079266840646 8.935552250629579 8.587135319239962 -0.17491012769981557 2.2478654458021747 -1.949151576884094 4.654066026925341 3.8043801551122147 4.315403191534982 -1.338461713764696 -1.3036741751334227 0.03810138100344498 -0.971254378197776 -4.372723507101776 5.780975034827436 8.884970661277341 3.637814234137779 1.86749202912668 -4.772697456809335 -0.36024218307299427 2.99640191145603 1.6173036674980052 -6.305893703243426 -1.7337040065962634 0.4475901005475882 -2.0587905152148793 2.5548941637649696 -0.5062002763032566 2.9979580900481926 1.9543608102927075 1.8280332054010568 -3.2521063567984743 0.42906707900096214 2.035448934916447 -1.0438198999878983 -0.3497343903224001 -1.8605233117985691 -1.4317900033307291 -0.5791803822804232 -1.0345645060827857 3.839039705445499 -1.157231583673027 0.20365230259838454 -1.1149294062226276 -0.7927794628354575 -1.7079746671250726 1.9921572134672905 0.9275974204339481 0.834081379369197 3
-1.8998203527081627 -9.414495611885057 -0.9449798292800092 4.207086884396816 -1.0557941389455137 5.719939416582696 1.1160873632126875 -2.6294116419609206 3.038626201106985 -0.22488483764191503 -1.1541506508782742 -0.9755414687093072 -2.513493549030651 2.395903940475722 1.6314225409591077 4.385060555068589 0.07626505116621438 0.17552442756953995 -0.5362140495342615 1.6129495639644729 0.06090657157971739 0.3668661965972971 2.715558621617228 0.08477339279411295 -0.036396973241610044 0.5775210362196413 0.7006082435269896 -2.7404149153969426 1.3519246986359965 -1.8841363056345004 1.5889448140176794 -1.4815416506160237 2.175237976221197 -0.693725715618521 2.5775478104549445 -0.8294939457406634 -1.8007641080703094 1.4238311279076061 0.025535042657528217 0.08671735126847631 0.6566452957177236 -0.589657477010799 -0.11082947162094603 -0.3959507561996568 -0.6932174226191802 -1.0176423361326636 -1.0704913223906545 -1.95545046722237 -0.41952741940681537 2.089859344648768 8
-5.66590200565655 0.38604431816296364 3.21348059110708 -1.4849820043962354 -1.4254082429438923 -4.984843787977844 -0.5960886718345089 -0.35776154116638237 1.1785995582621365 0.7301057749989572 -0.9045038246726125 1.3075533669962014 -1.749597923521773 4.436213041380167 1.9669490213096616 -0.7348915405342041 1.4428443417614063 0.28693121582467673 -0.3525647034289331 1.131863641851655 1.984396838092645 -0.35171170949377323 0.4741853116299723 1.7368996899928244 -1.0270929307266436 -1.2954903270899267 1.849235549423389 -2.7960972480095725 0.28819137163359715 0.03220610753837705 1.8907748121116343 -1.129777181880056 0.6189106840010026 0.4502746475386448 -1.2717707752839853 -0.9942833705523828 -0.3381593105322983 -0.2635505004232491 1.643623961472928 -0.08275924858032058 0.3189728144982943 -0.49876152020054704 0.25965169087383316 0.5247580853427122 -0.7994471476964029 0.8135876787248325 1.2152349885049618 -0.3767060363660305 1.0198198933382627 -1.248997011359586 1
4.018140670022952 -4.037875848557465 0.5851798732353276 -9.997952972066702 8.11397280438223 -5.098629236090864 0.2982392108243061 5.4099950950635245 0.736870814734155 -0.32525113252437216 -4.519817610745926 1.2698005547846412 -1.548834792432709 2.7691937868658707 -1.745329731016082 -1.0813684874698193 -0.4422942829065505 1.4012756682537817 -0.5122146646975975 -0.524443951647075 -0.08547986646794836 1.2036162306823832 -0.6753604253860792 -1.1774301430402057 0.17710118952534798 -2.14928614431354 -2.2620970468775554 0.7920148221228407 -0.7898704326770853 -1.1161111934795407 -2.5968545925638975 -1.495159995560292 3.02403930803727 1.2616306616922786 0.613516377433145 1.1674729925009455 1.0476803209229748 -1.9521797299134305 0.8564726410033998 0.6244061064782569 -1.335435592871375 0.7383481316643937 0.12909850144370602 -0.727489399224244 -0.14726337592637218 3.0832406205640632 1.7947796531670877 0.43441867578763116 -3.6189137577313684 2.4456911446486274 6
-2.7996572944978095 -2.1946524558691007 1.0137395038250798 2.3931170192339892 1.6581828672590193 -4.6045674046361835 -2.2971466638363727 -0.39133223515822296 0.882315420066341 2.2592848148474203 -1.957856241494678 0.8770110836313144 -0.8404319459944901 -0.5053617507211209 -0.2833188222398615 0.9072671855284405 -1.7481784079529046 -1.0055315359533097 -3.594373528490056 -0.7249873710625118 2.5607888874931612 1.2631558792511801 0.4956684098787479 -1.8594658744688202 0.452870527428502 1.2374130300180273 -2.054792359860731 0.0721577561155645 1.8522769139615378 2.1120833449358525 0.9767598512573266 0.25619419645562735 -0.39243775688290283 0.7847212456562745 1.142931896770602 -1.2588805471105275 1.3998621843010477 0.27992120709962504 0.15392258074076504 -0.185660887967156 -0.4140057835267214 0.10251473623562087 0.4187476101229328 1.312491249597482 -0.9407007489710559 -0.15099972480977078 1.0982236418357263 -0.4761433572566876 0.5090009992084771 -0.5011984162583344 5
-6.5487928094144445 -3.317334829281598 5.145811011106975 -0.22613283190674813 -5.38042957825304 1.9372112216380484 -2.5975686598143097 -3.784708526969257 -0.5923968570881921 -3.921618483245879 -0.777003589653375 -3.6207325666744516 0.7981463228855639 -4.139562256344774 -1.3982189947734072 0.7136717017574957 0.7156175536960508 1.5305839114997954 -0.7077366935413532 -1.0755608102427063 -2.2859206339398326 -0.5418518886449905 -1.4258179093476055 -1.2334566652411245 1.1451474205260483 0.2358263027203071 -1.3775255467126557 0.0878629595595773 -0.3659019320126063 0.3667524136964871 -0.7166394345739632 -0.3471548088941 -0.5032927747376733 -1.682892826221888 -0.29205016077757295 1.1664210860920572 0.9257810867334283 0.8367793081624925 -0.4519787187046608 0.5831508355119205 -0.5177503528468594 -0.5910758182428741 0.05134925933177111 0.18355668799475905 0.34327458856490517 0.2579222845647733 -0.4104085890038042 0.7313165470338684 0.5397079494081877 0.5405886703552968 1
-7.276151817263114 -0.5719373798366818 2.5584113079245325 -1.6165286687620983 -4.357585972528413 -5.528365349300156 -0.1518109600537365 1.323718315688409 -0.6307788086781101 0.7743447028918075 0.0894336072401707 2.7974007624381483 -0.8745422206923098 3.244925372760211 1.8351102681777292 0.32884355365395956 0.6046478249799297 -0.6331951394451857 -1.2380380037139151 0.3270400229912414 -0.4819623886752197 -0.962678154915917 1.3571022800769201 1.475340544446336 -1.8911670777154315 -1.1838168361918615 0.4566247022989006 -1.9253283099292426 0.10252509786382648 -1.405048750130694 0.5534077153374751 0.9730987594939984 0.05958175831926386 0.6698488313488047 1.1186654763995472 -1.1104415332347115 -0.5623015117256053 -0.27194929526816347 1.3826450737978653 0.4316803721370661 0.4278566428367992 0.27391645446202145 -0.031222237328017415 0.4499504061173947 -0.988630294717719 1.0332182631085034 0.886024053322519 -0.853132247948352 -0.12901824836932407 -0.9231352303552581 1
15.869810180874865 -12.691689050988469 -3.7590281230720937 0.3823137001853949 1.5311047963627642 -4.088427488105047 -0.019909526534048722 3.5104618330260537 4.522054560899952 -1.2331885270160923 -0.17439673775588513 0.4343033952616784 -0.9231813506040136 -1.7843505749516444 -0.9241796990568522 -0.9244220396255501 1.0718198890303046 0.13039553513809968 -1.4980525221070926 -1.271835647874069 -2.0860398037477723 -0.4497994848955785 1.9172054322347925 0.225543572131197 -2.0002374420735682 1.0577738233016525 -0.5476758735685433 0.10539798248354854 1.6159643807375828 0.13267656767312833 -0.3570433763039448 0.1784170767677904 2.2599174223258855 -1.3958737050988552 -1.7709236945280218 0.5070861810203997 0.038810153907605185 -1.9612680339492816 2.2689481515122814 -0.2288663667275145 -2.428706493186353 1.5539419743255107 -1.3970221122140785 -0.2283769364876072 -0.9371021710387675 -0.970560408875423 1.6308931343265993 -1.0031801813083439 -1.3166386983508802 1.4724874981700182 0
2.046665870829339 7.102130397567207 14.340290031409662 -6.965014053422466 1.8845780159935708 8.684804497296977 5.217094579586014 8.616223827431806 5.634118559714643 13.904806916409886 8.400546405011765 0.20301732572577114 0.009915379776289627 -7.487689382532685 1.9899772795058386 -3.047036794559156 5.695068283947352 2.036990470173916 -10.511884682185784 16.316740250986943 -4.195696255828593 6.350681303938348 -1.671215338098443 4.724757053212123 3.0666693986766305 2.6397325552133593 -2.7549165947073346 1.0837592244718517 -0.4531335418519596 -0.6461105168705547 2.627068027311379 -0.6082915170924291 -2.8041039077194885 0.629037036821282 -2.4650750479496013 0.5308984770423139 4.420036021747997 3.491698888236033 0.0811434425887284 0.030644080599526842 0.23301668215577995 -1.9135549408930914 -0.8297888003976578 -3.1665804453678725 0.7084467068239148 0.44393097170112755 -2.8894739891528696 -2.3379082639951174 -2.118717657350634 0.38318941638359943 2
-2.757018977140866 -2.7496506965133922 -0.30439942809075077 -7.640226745744517 6.505863012558228 -3.150506627913542 -2.73217552512902 4.638896994813349 2.3514893577144145 0.19562900210199213 -1.1823683812213985 1.7627149065991763 -0.7098099346020542 3.6818445051084665 -2.101822266670007 -1.1941012277679468 -0.4282004867601955 -2.743405839862283 -2.4963337301680575 -0.2860024758267827 2.550131619643918 1.6044859265366387 -1.4629008806959436 -0.8681300639385975 0.8571093852265887 -0.046732737984919816 -1.7713906220334454 1.1177189372409948 1.3801928137040629 1.596923926012101 -1.9836193828171482 -2.7885246959399277 1.1557286916929739 -0.07102560643646011 0.3357411347782022 2.106935203041924 0.1242759681411158 -0.4558410460067776 -0.28961769087915523 1.275129358600065 0.5502006844637399 -0.2598273472087774 1.7754782254312131 -0.3522818945789064 2.2201305120143817 1.5832312475179335 0.3609919167797966 1.889504711132729 -2.1138607829248555 0.8268600470219458 6
-1.920467456369683 -0.07404703111031252 -6.241487492518289 -2.832622305604179 3.8625566284560877 -1.0262521313537183 -1.882377267443404 -2.6731024831470553 -0.8436092503993711 5.7772781647471065 1.616943708972724 2.4193171798906925 -1.2532755938310889 -1.8802047725539142 0.5273640792582407 2.890131664156833 0.2800190413397909 0.6384899180576262 -2.403066258837482 -2.19466228365742 1.9289220574819887 -0.40894708858989154 -0.7539947102020642 0.55242691130833 -2.464516949710041 0.3085809746565448 0.5468381332741121 -1.6842950525513636 0.590612557833629 0.5123632810353297 0.6684587065596168 1.1816569579798732 -0.6624388731299695 -0.4004081156974587 -0.8504602747859754 0.6446355478234207 0.34652202866873477 -1.0249970236786474 0.5815020885304676 0.9853579950855164 -0.9454426609843793 0.6504163916382462 0.28943423382885636 -0.0038694324547443796 -0.7065417774798234 -0.6193716749341379 1.3814289766028185 0.010386591499082741 0.6379472363325266 -0.8022726231504897 4
0.12670307547768828 -7.4618620990028015 -2.392783724514349 0.17733296055374723 -1.9363279223439573 -1.3426535291758424 -4.2348544044077805 2.7959147344073867 1.8134004410141216 1.7024251746200156 4.238138138143246 3.081868737658671 -0.1768510512932025 0.692856600806107 0.4194746118512935 -2.253964254933742 -1.0467272118790316 0.26392243542861 2.7786777734041563 2.936150919621136 2.9936158417837837 1.1848428902407808 -1.012022315563952 -4.774554112165454 1.5279530838910638 0.356202158539632 0.6770491713191602 -0.6692793670717068 1.8322979341106516 1.0354820077891969 -0.4087692281748342 -0.3706262892074364 2.3733795493537877 1.4644499878034654 -1.514665856343044 4.360930589455381 0.12176391329934377 2.4614557215885617 -1.8233834765686514 -0.39631609633183984 -0.37244817799107466 -0.37734133452704827 -0.46224195147950164 -0.12922100114748508 -0.9871483062513862 -1.5745264737214466 1.0865723517274684 -1.7529785323306892 -0.8481808513973766 -0.30289139748779703 5
2.549606491439208 4.1663267322856035 4.992432311064366 7.022525319177161 1.2747614813536883 -1.9141596048455425 -1.7407726609643337 -1.0264944966766718 -0.37187075048581103 -1.0645262678636551 -0.6481615674197069 -0.7529829279313182 -0.12390713825937345 -2.6311665467231093 -1.386425626803 -0.8156889562506011 -0.8655575162257814 -0.2394978447566096 1.4209571982306497 -3.1976882951863406 1.4714889885778726 -1.61639623871892 1.2255611633478847 -1.330074239488329 2.0627057597990155 -0.4696131762379743 0.09415046574799774 0.3381674555557631 1.5153635895374975 -1.6670370284764295 -1.4513683058544031 -2.148223849482145 -0.9855267188591288 3.782043862102434 -0.018659212299486295 -0.46174350521077234 0.3856440952746271 -0.019948665882303453 1.116903550094869 -0.18502553855154058 1.937783586724817 3.378955688586495 -1.7832860054127844 0.5256748848665831 -0.5930738520691293 -0.32938158293895436 -1.0828865366836449 -0.9072311417756627 -0.9215044485618037 1.2775804839462284 8
2.8679331968795707 -7.613026964371569 2.7368800083864153 8.094070334015715 0.7664309813043007 1.5297540625653876 -9.115465118376568 0.2246120671261396 -9.786113979101208 2.6756129110359015 2.9042726073160945 3.0779751126997286 3.8225687253728737 3.039313985280856 1.5936479582820633 2.9530095556137548 1.4243910842645078 1.2142681052144824 2.206361430344947 0.9155627294583064 2.5612667664565305 0.6888137787976456 -0.04811270829708177 -0.4099929575060769 3.5767202225429204 5.00995611258502 -1.6017912947539843 -4.5970129466552105 -1.21033607396314 0.060923345436431756 -0.5778153948679338 0.8088601925407654 -2.5804131930270136 -1.2567730527297176 3.377491104994548 0.22251448878419056 -1.024709769558573 -1.8330087283575267 1.1529543067673635 0.4379326505097194 -1.2162724078352332 -1.847240109358961 -0.045412854409907576 0.2814575262378983 -0.7393646178550379 0.6340747035121442 -1.2394636622640596 0.6466050309724157 -1.5666602044783364 -3.5196777460496445 3
-6.177855913319699 0.6740894655836341 2.734403016058031 -1.326187365669304 -1.775577562528839 -4.925824278612234 -1.0377178641289868 0.22005803469236304 0.9798252666670753 0.3985718450665586 0.6085127102433764 1.7044222332827355 -1.3187843266311126 4.651374391552207 1.8064027271028225 -1.5988829037103782 1.710942946748991 -0.688270884604515 -0.5756953784814413 1.701597053507758 1.6587209548106405 -0.3166527418029465 1.0020130450352653 1.891461567857544 -2.210010277713439 -1.5256632647022519 1.9201465163088725 -2.7794926166813223 0.618820725851079 -0.46314866803099275 1.1292114401062012 -0.45505488965262275 1.16955241163146 0.38166285872867695 -1.2484667920892862 -1.4472550063231486 -0.9604005919598942 -0.48678143690120634 2.329949810115142 0.13578476839578446 0.7186452182427284 0.36603724890622236 -0.2445163107907384 0.2629716716704981 -0.6810670889825609 1.3141797064727485 1.2556672427693636 -0.0865196200887084 -0.21522798543626542 -0.9182443336854169 1
0.3223692782957817 -6.806474009351943 -1.5217264108173756 -0.07008232754079276 -1.7522259062896721 -1.9862460240521658 -4.982221192518686 2.579040657963129 0.6850972973932957 2.079565013381096 3.6771285209492763 1.9797059591232078 0.23356791585376566 -0.5774282726174147 1.4943088146175019 -1.6208103321804361 -0.8562061380042483 -0.08185784087237989 2.4351381300668518 1.977196204226692 2.845326997194949 1.3153645965723304 -2.0435629300326985 -5.1871326795801895 1.8808695221281881 0.5414837415630528 -0.09024925763241384 -0.7451187279402378 1.2365763454692276 1.9474360060844882 0.5768116407910956 0.15033657855142596 2.0343403290082693 1.2807309929673847 -2.511658036670261 4.469966399771124 -0.28678261337920513 1.531335347672244 -0.6263786854515271 -0.5042066149390593 -1.287828472507444 -0.7022927706754093 -0.16551873374777706 -0.6639263635568089 -1.0483641531443773 -0.9836905749730722 1.9512175956516702 -1.5652732528081983 -1.021223972552686 -1.0718554118167747 5
-8.198337537499487 -0.6582423880736051 2.6580715713141463 -1.2574238357654086 -6.0516104458323685 -4.06392298083945 -0.8604943081602957 -0.060642424374415194 1.0234940027364077 -0.44564267594407725 -0.1956393152516725 1.8753366473766744 0.8658161900155885 1.2033557944216018 0.30790076549455614 0.17857113343454076 1.198722938470201 -1.0324703743282708 -0.4360630471579498 0.19857583980035745 -1.1881452506065495 -2.7790502353844166 1.4547320109381667 1.3772552437783856 -1.2478334179481634 0.14457411049424487 -0.3991967994379659 -0.3374105414282995 -0.0039079688210451515 -0.4003746938844941 -0.15498045619605214 0.6588524170358084 -0.24547094259659707 0.6381683256359438 0.9259611314163344 -0.1566580153724661 0.7648034535327266 1.4867324365455685 -0.09984194792006583 -0.0885837197737834 0.40889019326597065 0.6020034933777906 0.2260322505938752 0.3529730605853422 -0.7331333867285597 -0.19650594809567626 0.6960533165766205 -0.2234025551555015 0.4598453581574067 -0.667068798603541 1
-6.031645043367302 -1.712399055735821 -5.1439639427816894 -0.3837195733214378 1.380812326678113 3.906067515128783 2.9937928642178195 1.801669680166712 1.238452278456273 0.6905531109050701 -3.17589017135442 1.754292086815098 1.06041363865979 -1.509868096030172 -0.7593843447357455 1.7205271425117705 -0.8738790109150547 1.466799984995647 -0.23349138234328848 0.8053697641340123 4.162190116029272 2.3553081462877916 1.3120118565422347 -0.4660954930390408 -1.978615522628123 2.2805809848813876 -0.09115183285630403 1.5984672471972214 2.0036205118202512 2.672136861150473 -0.27571721419663353 0.05745922517220089 1.0680597822142441 0.7533505454324517 -0.5764530593193997 -2.1586268953200056 1.3896272038942503 -1.0183332762881903 -1.6809817072464193 -0.6148416635730817 0.9347927171306554 -0.7539058292818588 -0.3379086161571237 -0.15956348761533698 -0.7563552828905535 -1.0874773647747271 0.5143885455705077 0.7733153898626253 -0.07176197330104922 -0.11680928397402093 9
1.5803387134154654 -1.9513710144667942 14.07324609645949 -6.845944262695731 -3.4079580125052056 2.6967650602024804 4.04362288633582 3.4367285602092816 -1.4698082219620507 1.269419406376072 6.362820442945929 -8.283704861496334 2.2292744268398894 -3.5659190865173045 3.129729520817393 0.1512661483966894 -3.043263660490707 -0.748167154628828 -2.625565211117902 6.087627875954333 -1.2170040299731464 -0.9271239054214591 4.564451492484279 -0.3653446659346911 3.1777594804939353 0.27634523132625427 -1.3194417361972404 -0.7510984357838885 4.566671737982217 1.8972230995740709 -1.1156753565168473 2.7688710316427962 -1.2444661402628117 -2.2055909563712888 0.6263647229411708 1.1929691603893757 0.9830224039484606 1.588472995556507 -3.3795393356817343 -4.376978874057165 -1.8760788758374551 2.6022812125273127 1.105278505627811 2.1479739435688665 -2.935330675259871 3.3084136701633655 -1.3481895307498837 0.9867223391300002 -1.5127899579060882 4.099618400431341 2
-5.212066586714995 -1.311095145509558 -7.046845210297589 -0.5117737482692193 -3.490361175766867 6.148825746278647 5.854462160181401 1.7325137535491022 -2.325801533515106 -0.1791269862527702 -6.48948940446934 -0.1410364989520734 0.8571124701945789 -1.873820793799331 -2.083482225630748 -1.7914412401220188 -0.4084943528115277 0.6271039218052702 3.046940481845706 3.7666237122919113 2.733658284004438 1.8052717566621321 -0.6670915791594919 0.19344382496442245 0.5286294196429727 1.529622729340899 -0.12926607957348282 -1.6666967263762151 -1.4896701695896013 1.6846276802874431 0.4035710638708616 -1.6148179795350572 -0.2620298570088371 -0.4082981607055995 -0.609983473135185 -2.5755930162102825 -2.2567199763898325 -0.5007619391191863 -0.40363841375892423 -0.6970315273787976 0.14208122633318504 2.2231095157478684 1.0652848501415775 -2.7302428406029406 -1.0687122897742785 0.6855844646551583 1.009664417618694 -0.7952874158339974 0.11879438493192924 0.12340690723931569 7
-7.052218226333876 1.085330904514171 -0.9448985346287425 -2.0734270086372555 -2.087578344256977 -2.6238007780343393 0.5877988243687406 -1.0415125443592939 -1.8051178883431158 2.432978212161049 -0.6965976331586023 1.412276030701359 1.0982493364655128 0.2810737830301565 0.5195226161703103 1.977225835383993 -0.8516782257135268 2.963442192893832 0.8584136059502709 -1.3163621540634427 -0.30019342638862834 0.6363375422896885 -0.46780762803519454 0.07371296144333722 0.5673246558207505 1.0331816651086374 0.35677259962999547 0.40980324509859944 0.09300687187262266 -2.6868597922246606 0.18553017647945105 0.4593300776775743 0.6093360158755317 0.405478864969959 0.18299877015041252 1.1881385470093038 0.0016508602920826375 -0.15573582984567205 -1.141747020465464 -0.18804082173326697 -1.342473794404453 -0.3190779859608531 -1.7104939553178726 0.47696311718583506 0.04414016595293481 0.2090488691502052 -1.1253685554996076 -0.5493179875004185 0.3207125318848496 0.5090628294842579 4
-4.393573636444349 -2.3220973162606926 -4.8684017915021585 -3.3576001378421565 1.7859943295351897 0.8035347931509556 -1.3978629067360648 -0.8732922148851902 0.39351774072506196 5.3044374575613915 0.3272070086558988 3.301326787459816 -1.7393678305965155 -1.7240177243252497 -0.11925374317545609 4.031668388805968 -1.240954883812445 0.107887155953702 0.5411289087301838 -0.7575288127434747 2.4792229315187866 1.2326580927931587 0.17697565698711593 1.387186065443673 -1.6552144297075675 -0.5329210635389825 2.6091981891085596 -1.0669563564201436 0.4538721577943808 0.15095390000447623 1.9423567815357723 -0.5400704422043506 0.537506556567001 -0.018535433128717707 -0.8514564565770005 -0.45656041540624126 -0.29462010423438323 -3.6262090316433953 1.3419248392292096 -0.44349506072962946 0.09006936151213062 -1.0561929550461502 0.3340850577429415 1.4066955533070955 0.02012228242491513 -1.3630348743808456 1.7040577105326382 -1.0461778848664103 -0.35573492127739154 -0.8540463698567384 4
-2.490054954850899 -1.1955015976308545 1.1439415301523648 -3.3664561175969108 3.8734532520083076 -0.5998234169181609 -2.13291133651485 0.4910176087192377 3.3032185290873306 -3.032107430903975 3.2098621664898452 -0.42567167791663846 0.5336851393353768 -1.9630739071853398 -2.8753803819983776 -3.988077736260137 0.4120773505181937 -0.6328213016375851 -1.737123457872177 0.31040793653571425 1.647078129896063 -0.7710012185439751 0.7434356756554396 -0.23957413384597162 -0.1552314180289901 -2.16204158812188 1.6552820679987488 0.9547784789351379 1.3921040714109296 2.1643159503945415 -0.9418012034963907 -2.309291058891117 1.4646206674266735 1.005296060213097 -1.653297768387445 -0.21265803569114397 -0.725659874253616 -1.4453020052882615 1.5675243888263057 0.4653858166409226 1.7067329709690966 1.0207477467767545 -0.25059292519863424 -0.14818739022037009 2.698994379558237 -1.131034834251445 -2.4395329357835576 0.31289770969778086 -1.4091728793874225 0.7212133508897793 4
-0.6182452595360601 -10.984653363730327 -3.0205535952702 3.5356557671663142 -3.7751464492736724 6.703329745055458 1.19467691341825 0.6227393807369151 4.728217090155399 1.0400395181172337 -2.8469385570744126 -3.704898116055808 -0.8125538158331085 4.384261243683514 0.6088039482712633 0.332395890540833 1.383105447223006 -1.7211011420254494 -1.4776016302262116 0.44591034083021536 -0.7884313392590145 -1.2276845277765358 0.6028979302497477 0.6038650515950384 -1.2275757157689264 0.397626655810649 1.203388042665825 -0.6262839174598054 2.836322761477912 -0.8720687490976703 0.46370187349759745 -2.862465844182107 -0.2777547647511801 -1.646019155587948 1.4839393979612787 0.7703106777822626 -0.5479611135278218 2.270590952677315 0.05697078782358886 0.9777498027912618 2.4739030331156893 -1.879143604182676 0.39762778906543533 -0.26735818232842923 -0.7863255202331177 -1.1949432787100616 -1.5787468988081919 1.469709705466142 1.1922998237079503 3.9870744531238462 8
-8.535005309533814 -2.254448715066939 3.9045119935221 -2.7755136709978707 -4.208274788959431 2.086168253089299 0.4173941890258915 -0.04127607282058276 0.1895722997088874 -3.871873176036747 0.19255278565388154 -0.3398856152737849 3.649687273041255 -1.3601264502058248 0.6158066355514358 -0.003304860661809348 0.9589383444075433 0.03806522682967328 2.517793364176915 -0.293709826951987 -1.787391727584906 0.8966479074484015 -0.7536624991156502 0.8288921961806225 -2.103548700727013 0.2673030594049593 -1.5180250296493476 0.9200601409529306 -0.6761310062031889 -0.4035150082777287 -1.7841258923552723 0.45443603268684496 -0.3420146197197943 0.045299642787012616 0.6672846348933694 1.204115176946499 0.35735253576828163 -0.616851084597233 -1.230617589524276 -0.48499200612633536 0.18214314947010715 0.4554650531267891 -0.38821995408730314 -0.03998025845259916 0.5140868504654121 -0.7916824249449367 -0.7251635388563343 0.5143103420446983 0.18857599517229073 0.3924690659567352 1
-4.074004117758715 -3.267130111069754 -0.3648930634954923 -3.0620356730546945 -5.686175764724056 -0.6650200119990172 -1.662804475920181 1.74428381829646 1.161244312568058 1.8496889125095 2.3474419578171046 -1.4107761551497466 0.04146821087482498 0.004478495247636014 1.8138150555349115 -3.813719382403354 0.9028213897690454 -0.37708002216919523 1.007512411380099 -4.2157859578110655 2.3605376946635546 0.774379208810036 -1.4774459711482382 0.30002967219535653 1.0294285929772475 0.03457658029551856 1.0553799872616696 -0.28106627717837723 0.25668408844511487 -2.903277437262538 0.3322256765913525 0.925384442042683 1.292400578968299 1.8549620346555973 -3.2423549652409127 0.9989957753167553 -1.5373611603910615 1.872859913723471 -0.3737308925033173 0.14916670241776434 -1.254844886623732 2.2261529681663483 -0.03242308104992034 -0.2980254573397016 -0.1472673117810317 -0.3644982980014948 0.28300999807036564 -0.8610280965324973 -1.2248869804966522 0.8950706982799519 5
-4.473570330795109 -1.6518996460954443 -0.03762177932353305 -3.610787811920699 -5.658203959904923 -0.6550559575154181 -2.2347470778613623 -2.518867640441476 -0.888903953826823 3.6979874963343744 -0.3937323786615148 -1.4423080903027572 -1.5361444586755477 -0.6334797126093221 0.5012474043845662 -1.9239709969086785 1.223560922349942 1.8284307870058307 -0.32335344858769766 -4.591845427257985 1.7273340545584048 0.4663088822064108 -0.21137928298765435 0.5579396128000413 1.8951482828858364 0.5348760226439974 -0.20077605545388397 0.5391132014743006 0.34054356920972456 -3.334887793845048 0.08199844322187932 1.3093411318422243 0.8228315129327031 1.4805962639349042 -0.16970215483938048 -1.4708584440393773 -0.9443763906048867 0.098305664885679 -1.224904451605871 -0.7480137524665998 -1.0102669263734205 1.1822561876744402 -0.17320315923389865 0.6503558985498782 -0.7012327323556079 -0.013553927195436397 -0.7771300228055792 -1.010051753911504 -0.5507699614723935 0.3482465321942325 8
-5.545711841364663 -1.650224399207582 -5.267190618704612 1.2947183185656073 2.1123356467966903 2.03042235458879 4.430164903325017 1.603181306874316 -0.6217930505203789 1.6990215022280117 -2.285985612090865 3.3936568353698684 1.757810558637227 -1.4920275310236253 0.29678560659600683 2.0534354347781227 -1.8890264360076703 1.2104349705845225 -0.08175024432180025 0.3127473073122534 4.103617351634881 2.9619621932966615 0.805140196923564 0.2024235827684558 -0.6124330181897187 2.4311792881024705 -0.18016285579105815 0.7067446189164247 1.3330265384547935 0.5998181157806409 0.63137856651141 0.6506364610127527 2.5991609787859593 0.7419518682792727 -1.2465446250200956 0.03345494883895538 -0.07119206595421136 1.0646926345873835 -1.5339712156487324 -0.5321118474556132 0.2588237770898202 -0.20436018106910903 -0.14305151555904025 -0.25434007790310853 -0.8257727428713191 -0.3444969530709726 0.08431964278589714 0.4524205028275857 -0.5940190006542094 -0.03373569319165459 9
-5.155917799340065 -1.6520822432915794 -2.6250690190072845 3.1525785532870048 1.5379118619375731 -3.3774214238601403 1.9548780083044124 1.7860603011210034 0.08985723151345053 1.2085246600254258 -0.48787533389106114 2.9373825065410224 0.37760140814480764 0.4967890800829666 -0.483775646723125 1.1136312987853751 -2.7724016399182045 0.03402356095243468 -2.1793799383625956 1.2772972457107463 2.6005470984165973 2.496466729229811 0.3210240963254377 -1.970736860716076 0.7044375260043776 2.473374209677667 0.35776323188533815 0.31970715466057165 1.0426810980565133 0.8425382709572654 0.8618364878882202 0.16149566382605973 2.5056717943758215 -0.8211632578250425 -2.3752813698642408 0.7332601962275374 0.02173935012646737 1.228034907011192 -0.383087744284443 1.1244994391890082 0.41644210733435444 -0.594590100636811 0.11587841614389964 -0.30701753456030406 -0.08852985322796231 0.061406012262518725 -1.2789921772165045 -0.4135029081397241 -1.4660728610741725 0.4022862283370905 5
1.2379774929898086 -4.153132049829082 -0.40976753671009336 -10.541772594233079 9.571924217387602 -2.0974751099985744 -0.02831591567971083 5.117670453859103 2.350587029474354 -1.8801432355860552 -4.044304936781085 2.0597807167008377 -0.32833572875294365 3.82455211203647 -2.502691403579081 -0.588009482581122 0.9741490172680213 -0.9055229386198329 -1.1398661148316203 0.0029311549213908625 0.43028171651858604 1.1662777189772586 -1.079071730895183 0.5037934753787493 -0.2883185130434797 -0.6399239144597144 -1.9832175805603083 1.1890978659317222 -0.032404806710827 -0.22322250366369623 -3.599738235813255 -1.953287638793824 2.3822945894417082 0.21864394882673924 2.113453953568479 2.4604682500004693 -0.30437537438246315 -2.1195898188694504 -1.2309469592397098 1.0721848771603029 -0.1525822942970373 0.026642549507114546 0.3681764891825623 -1.021304089715796 1.4059382708205335 2.2708033273374446 0.05850501934155093 1.9717181438644222 -2.3637134145678838 1.6315740983989535 6
-7.655944312628128 3.3641827270545903 -4.3282604300966785 -0.44662987461858833 -5.085431496665351 -0.21663965539436017 2.2128335640481276 3.706929411836476 -4.1037652527095725 -0.8988847362000192 2.1117171738111002 1.7819742555686344 -2.1237115932911808 -1.5089702247185885 -0.5499560153695727 2.108648864166306 -1.2816634841028864 2.3205457960320546 1.7421118145394305 -2.475410031293476 -2.902179522874849 -1.6292932050444522 -1.2217990322485743 1.4318709718843832 5.208984839929174 -2.9590664521103447 -0.47594811095967404 0.33847272162740455 2.018820317289363 -1.1348765944544228 0.800040738118359 -3.1769615628988146 -3.6459627122747325 1.6018796687687022 2.656232844272541 3.4282520420318185 1.362074907661724 1.132297266392615 0.4787026729475451 0.09110356244787171 -1.8875907899294784 0.6208171000155012 -1.7494515889878635 1.3487906293205323 -2.3822760170625137 1.8198323493464876 0.02968146589381877 1.766845718983007 1.8074565775975637 1.2166112165750216 7
-6.267873215894298 -2.153585598416651 -3.9208647507010266 0.1788976844724049 0.5309678630985617 2.225570839186182 4.168464271298075 0.5153507230271095 0.8314688451677812 0.43617859610765586 -2.761263392181999 3.0852309112725735 1.8577384636042713 -1.2079520732049445 -0.6915602815559133 1.1332354423045814 -1.0419216626465946 2.1939264406211882 0.4995094116964978 1.3620284984483917 3.799009599980486 2.6338027588278297 0.767499551913007 0.14773146826573616 -0.6510272766700798 1.7801479636947517 -0.0015886305041472122 1.3331241312427933 1.6457758058895413 1.5142796839861012 0.2273132861388031 0.2479294542694614 2.661569138018778 1.2809239628907412 -0.3960242110363893 -0.8139723032285913 0.4822002033042805 0.1025846958256221 -2.2043539986204355 -1.1187456465614607 -0.05892947586453577 -0.15109205286633987 -0.33482331241888863 0.3433640231750354 -1.4681264754981662 -0.7141118781182701 1.199568603665034 0.2987737998133347 0.38442595041486927 -0.15934722453630348 9
2.329335187368099 16.13638851640244 -2.176914493099607 2.3902480630564877 -1.327437848317825 1.5835535919821333 -10.407638830205725 -2.545370297778259 9.396627377905869 -5.805535227638041 -3.9205260801077673 4.789918459183847 5.279146600956843 5.19651606673617 5.682530139674597 -5.891441939660124 -9.537294582013052 -1.501024153483116 -0.5168712069496442 1.9376628171424115 -5.711146638030429 7.505447270522989 4.117754949232236 2.904275699000008 3.9764146220424648 -1.9922140166834854 3.156626489647084 -3.8061990861279047 3.5734293694048023 -1.9338310757591841 -1.7806569132788947 2.9044440309696493 -0.44011225254793984 -3.0217685884440297 -4.167725050450775 1.3292245325530212 1.3499317457063398 0.09855748729956232 0.06020070363633491 2.658996163994217 -2.267384648115848 1.3378200432718739 -0.9801872239895497 0.11957065625769166 -1.1243434566767434 2.313149566422399 0.443059671337197 -0.6157396448384455 -2.6889089280792713 0.7310682853544037 9
2.8490684773201265 -7.051731949797064 -2.4662661253892124 4.074245763293727 -1.0819694120117038 0.7476238721065109 -2.74199521454808 0.5389096434543248 -3.06734235097972 0.9353093287452421 2.956058454721868 2.667660966461125 -0.3417924772716194 3.252078025301582 2.7502393554818063 -2.0321177609556154 2.363755283253072 -0.028634345374377177 -0.2340089489955029 1.1778766803189014 1.9489373042035485 2.3140398894632948 0.7248458709209333 -3.087865958089364 0.4839374966638029 3.1598588628351 -1.8450346240512463 -1.9021095294863264 1.4099125983990068 -1.5894507433002365 0.9332969540453697 2.50834869450369 0.15614058393451244 0.817037373585504 1.991483622521444 0.9577092742657446 0.7928218796067095 2.8981746083934974 -3.2741032814178848 -2.0228399053412005 -3.6798871422502772 -0.1703784071378143 0.7942116477495016 0.38582817544528647 -1.6535676368705778 -1.4376031209367905 -1.2868234735582291 -1.164383638535488 1.287524014352997 -0.8122007301180362 3
1.7971737105136678 12.378941134778966 -13.540520883208966 2.081125594137269 0.3816780522985214 -0.4848527428978855 -8.790377289231035 14.31790180166283 0.9343819912412765 -5.116804183591766 2.3683538403358675 -9.847972700007462 -2.511833775309856 0.21926097796110922 10.275024807543556 8.337770198590603 1.6209212729237585 4.359798130000885 -1.3364977066614894 -0.9078322718291785 0.9939786596120508 -3.7943652880908 -3.2006830013495975 4.056884085231713 -5.499291867576693 2.767782261712483 3.275194513244885 0.9591778657232775 -0.22811274851132982 -2.0353929694142194 -4.865176997573473 -2.1551945002892934 -1.1557622164979435 -0.15726964278051458 -2.7721034541596605 0.1975814236074642 2.7203254387241613 -0.8665126321073972 -4.525762226647224 2.059257189414376 -1.1697430097922406 2.049586932448059 -5.422112226851178 -0.668947351144043 -0.8313841313351401 0.9306172027967522 -2.4533889209310713 1.9312117269243012 -2.4873801327906455 0.27781742746092974 7
18.239289650721105 -10.339138398804353 -4.513324462029517 -0.18210930676526244 2.8887620018154583 -3.105368533448358 0.5472499749052311 3.8329438564170824 1.126477011839899 -3.7697685465629047 -1.0888654291819313 1.8249309680133576 0.7595408235772448 -3.451707174346641 -0.25757887121833956 -2.242121282524824 2.287659043692578 1.2782031418341677 -1.2218291534954209 0.10747254562564958 -1.7530279713124408 -1.8453387436849178 1.2411507858146038 -0.1581049163376477 -1.4348377926225053 0.14530222280608893 -1.0149036143522379 -1.3754277325947566 0.20881964037877157 -0.06958172085501295 -0.05106570802536063 0.6297737454888419 1.8399664284464041 0.07049187775649927 -1.7597581836022504 1.6836862159438621 -0.07281159206997649 -0.7560036560525272 0.31481798308621983 -0.6061250917279214 -1.6178644191780283 1.0319063336054979 -0.07350538020855192 0.15693617632141382 -1.14733453739346 0.6530673649462312 2.000923610670096 0.3102049285270273 -0.6600906011479168 -1.2529797790016242 0
-4.2338954615565125 7.519461663858714 -1.9617067223629543 1.2099071292892556 3.087292464795911 -1.8511926395108098 -1.6624215557775277 -5.982318558220833 -1.6276616537698334 -0.8342457068550606 5.0019556897352375 -2.3282792242283477 1.8634266699637616 1.0902509934995117 -1.5114445406982053 -3.955337562609995 0.21068781542405476 0.06874947421253036 0.8920032181623909 1.5103552358531174 -0.4188845743247464 0.9616303734789983 -0.9503606620244136 0.004818634958701117 -2.167239608878448 1.6704488340406134 -1.155796609312084 0.04885898144612217 -0.8028561486601099 -2.3418237858952704 -0.7587787328109843 2.0931386305176805 1.9003556866012719 -0.9943439833335622 -0.18753003818558556 -2.326478756356517 -0.6927531762784355 1.312265631716139 0.4733350842206296 -1.9059614874441815 -1.407671358981137 0.09474305624761327 0.2320602350002507 -1.8518415015243483 1.9697755188467605 -0.28153764109842194 -1.2894198717482346 -0.1771671012302195 -1.554687959567363 0.7345490959092317 9
23.562966311280952 0.053359826972229116 -0.24041443031612122 1.407649978181602 -8.327654219999513 -6.234909235992831 6.688990388791205 -5.1427619851810675 -3.987320074164834 -3.4853647036645388 -0.13133535592090687 0.6832596447056764 -2.4072352247776685 -1.0824813872225925 0.6880760470512834 0.47729411538790345 1.2545856755040214 1.2628459368424338 1.011608945273352 -0.2788228973420522 0.982000722034096 2.5544765612515805 -1.1759118705884732 1.9982887560834908 -2.6698455592027925 -1.081048696515537 -0.06805039817370917 0.04854992221604859 0.48992318153867054 1.2534345587555598 0.5094159900891826 2.221294977591733 -1.4556309685252184 1.447090793932402 -1.6842329185420926 -0.41563154001156233 -0.20437148214374132 0.4943509524998155 0.9752019592343627 0.26781333012668723 -0.45531829853487377 1.1647122565076935 0.02970691247595658 -0.47907948962425917 0.45514837157611726 -1.3395842469771304 -0.03401780285027152 1.0597961618220777 0.6121539716908895 0.7728490028614037 0
-1.2057387830142083 -2.3299131402368656 3.5815720375354863 -3.476899056595718 4.221806961262415 -5.046729483443361 -3.018091293972773 0.05115133649802539 1.493763082379822 -0.9780369077595078 -3.510470076763909 1.262470595815221 -3.092744198462862 0.8998867435327971 -1.8628954581650194 1.3089635065069871 0.4195241027744219 -0.7612522243033307 -2.1155263172159535 0.009616077345067297 2.4567672006747827 1.7940316054001977 -1.7911960567569312 1.0330944002057234 3.039702219914504 -0.08791103152985338 -1.7748913112788332 0.42959807562791164 1.5870429509137542 2.6442907675247396 1.098229231768353 -1.1045766049686847 -2.309671195138049 0.26839764719458875 2.21794820523306 -0.49319442670417746 -0.9234293283549538 -2.267349848468324 0.28580925226665926 -1.4849225023960977 -0.8985931665732819 0.8671217069306942 0.6643604153065998 0.8401146504612088 1.3342916470464474 -0.33495828595487115 -0.3278360802812333 -0.6902450630884366 0.1080217662875025 -0.4986655423304329 6
0.26507251843477625 -2.1926774941653235 -0.5044403911364458 -9.808811843774485 9.852923784324854 -1.9385499137449633 0.6409876668400423 3.1247794733049132 -0.0664534818102544 -0.39319111802786316 -3.9576925741601694 0.9700234914265798 -0.3092143777663228 4.409018519835877 -1.0428083159785402 -0.06581846157185185 0.11321315106549962 1.6352470270340886 -0.5900324398612361 0.06599828038113281 0.5410668391893627 2.6630292899753774 -1.2389051116860226 -0.7027198755458965 0.29472364397416023 -0.8114815209390158 -2.087264853879741 0.25381202761747984 -0.7537442119185335 -1.0735364913599152 -1.979936811845675 -2.447173355458662 2.095371073169709 1.0148873282577568 2.1830247085501266 1.4699350159657576 -0.07596748032250554 -2.274189186460317 -0.5277348195088378 1.0460021275907336 -0.9265400811391563 0.05658437664884416 1.0609212333420537 -0.6069085543295594 0.0658067332606035 2.878208948744812 0.20926884256001635 0.9956315862301768 -1.966683210676277 1.3152943249345475 6
1.3051007494346876 0.7213661694543357 7.414855505943388 -6.076162620001353 0.4835449881467304 5.37943713775314 -0.9896848288865099 4.013858918055715 -3.235342222308692 8.91678467766825 0.13626350652900424 0.9109806320542225 -4.506561850061785 -5.67161422497184 3.7404683641674894 -1.8244860096727513 0.9452694548516419 0.05868772321434118 -4.495463578953965 2.865311563077685 -0.7612621895930288 4.261529166760736 0.8379845572295547 2.4131127000060433 -0.6215216484021459 -1.6510894887042384 0.6591843546605065 -0.4616189561155066 3.164263753451056 3.1341498857684225 1.2306103070139434 0.3736710386247705 -0.8970854618145899 -1.7720434216505914 0.6086040174160202 -0.6032423001918608 2.405956696702287 3.677702121343333 1.6216143184876963 -1.3179227914912168 0.48792741080327456 0.37782770762518575 -0.14833117767514567 -0.7602054301577819 -1.8109155372283867 1.9624606553174007 -0.2555020628499161 -0.8926149879302285 -2.4988312566461697 2.397661742956006 2
-0.670527614985117 -6.988771326714591 4.7807980287714145 6.453671603270381 -0.819285336252449 0.5798505473434226 -3.0988108704716266 3.7715091521853377 -5.645235897996328 3.499592949586973 3.6726141553335734 -0.5502432745038901 1.6519921462756433 -2.6154382800295077 3.9831775132633838 0.25320177815808714 -3.532442365321275 1.0308941201098833 1.2243880075822102 -2.2348091960856666 0.8376127009301318 3.3106870826516706 -0.6271515392095947 1.1683205725172188 -3.065761498719293 0.1650245205294306 0.35472100158019393 -2.1817693877600095 2.579125106888794 -0.8261230878103099 -1.0635647629064957 -1.3852089436701338 -1.186180604590391 -3.3545321556724805 -1.72901957104681 0.6434874792387774 -1.099956222857635 -1.1965450271013212 1.7600975662792895 -0.0967270407366648 0.9383059554783986 -0.8243765044551825 -0.6680641748502808 -0.2471060932674044 0.9492703486639671 1.3261811561462329 0.16262986869083185 1.6513638760642524 -0.25900625578102593 0.24001145326991835 3
-2.1163549288087493 9.805479324023201 -1.897557191839238 -2.4344809089105035 -1.0891018905831704 1.999131142809828 -7.765321176285452 -4.119890721123277 -1.1412025247719004 0.13731063505297908 -1.3660753482512855 -0.7338098808843537 1.0269697400568463 0.27226590807193235 -1.0851117585499503 -3.5863817663984814 -2.584171607840593 -4.616192894304325 -1.0543827331476352 -0.2457896755404875 -0.03645741448930017 4.694640624723502 4.178151335233977 -0.3595775209313138 1.1276815034737084 -2.1325974525416616 -0.5239308874139685 -1.326326311097082 1.5823187174431539 -1.2832057462495934 1.670561082878269 -0.48935708150544954 1.8580917985013092 -0.22902314996427084 1.5577491906536993 -0.38144379785914917 -0.5729189875222901 -1.9952694376090476 0.04560121024532987 3.0382060435963694 -0.5969109823300015 -2.4307129022794873 -0.43259639666901095 1.075129533423043 0.6659180854106809 -1.678891965174153 -0.15515433095272316 1.0607621102347342 0.8551595704037351 -0.24195147281352994 9
19.712273434063565 -2.7837958686759268 -3.339282459609389 -1.2531695751560719 -9.550638038282322 -7.703457554431647 6.136804231975955 -4.987071057548528 -1.9473741044944914 -3.8330811005290664 2.06818779749572 0.09449909618702369 -1.1352961831270538 -0.017247675145263652 -1.6928535824667592 -0.053238392037229056 0.335448819927655 2.1985101050943925 -1.1619364401312189 0.14204512236259315 1.57675951987026 7.042416831257586 -1.2791707174058065 0.5466297541077774 -1.2112769137068378 0.4296140542109414 0.5235127219880624 0.7252864451244427 -0.3598916752557825 3.1768259882520686 1.1699228160511446 1.963223682046854 -0.7965620902326003 2.2122410993030424 -0.06091925435579467 1.0265659845272161 -0.28620756562961364 0.6114322293816774 0.5195130728997269 1.1090118494305214 -1.4554300179877915 2.5225443809972883 0.8170564604283325 0.029659885129666295 -1.2697812102335664 -1.3246160133608438 0.11425338184587619 0.2598538531978586 1.314768873783991 -0.9278680505888283 0
-4.8238488585292805 1.8755095172972447 -4.2268324660951615 -1.353264086163004 0.3351793826959314 -5.02458291564284 -1.2405784762144094 1.838055900676882 -1.1360367794612443 3.3401996518164903 1.75071869450475 1.5649920448637822 -0.7463218761566724 -1.4420293798339112 -1.344199801173112 -0.7918755738726992 -1.4306233869819986 1.3763863525138136 -1.9000332199820156 -0.5770976809139379 0.5771013637428054 0.17493555944927186 -1.3535563771016126 -0.21877661798068113 0.6805456838019414 -1.264532252840076 1.408722923660808 -1.237725364288823 -0.31218212902470044 -0.23755248593388706 -0.11219658436980202 -1.291482314657974 0.13660950220960624 -0.8215967365177319 0.2374208213143545 2.108441755280246 -0.4205227203856159 -1.0872393238457925 -0.5369616713901488 1.8830307787832283 0.5109890903415738 -0.6123001042005919 1.0707167840924143 0.8169902435365188 0.3607385365750417 0.20401983678703278 -1.02300523349176 0.5078373668773672 0.8086899054495186 -0.46915149783222865 7
-2.319644146217879 -3.825162655871941 -1.3786767713297337 -3.0519257214878914 -3.3978469398992956 -1.3373590338092423 -3.555512788361181 2.6385244830901935 2.112801135730774 1.3466897632596486 2.6230076290822404 -0.19521285320414736 1.3800960024212934 -0.8710301638766673 1.0712399424028813 -3.2085081235322512 -0.1357026847604663 -0.640341691791332 0.7754529522377481 -1.0387279571105823 2.5604464872770913 -0.9345841410528198 -1.6642511502289243 -3.5000044659777716 1.6277990557678632 -1.2177396113870844 0.6286883295666207 -0.6951225902073127 0.21286831500541972 0.6238400331916498 0.5782102107608061 -0.9786391812087374 1.4730216186497764 2.0511389046808612 -3.935913381605092 3.3990817548699788 -2.1912233787910687 1.664285379087196 0.23966393973906802 0.6535548281431057 -0.26834907684978854 0.7485329171552088 -0.2639790938014629 -1.13843725979328 -0.30526263893083166 0.11193414143928115 0.6081052198733334 -1.4058404417433614 -0.6825731279194602 0.07372587924533494 5
-1.0874453828881052 4.786684847149596 -3.4641798575843397 -0.20139199384840914 8.582883108165193 1.4748425005507706 -1.2215927511431788 -5.548334181015106 -1.504943435308513 1.7332620005483126 2.6010041060286797 -2.215208436064645 1.5356097010397605 -3.744112204444329 -1.129223244283518 -1.7151429785862455 0.45727031861789696 1.3292022354934314 -0.09979205911351592 -1.2968563115444343 1.05114922358686 -0.028902786753567698 -1.0809565310712081 -1.243957222836647 -1.4025500471094674 0.798389123931907 0.7808896748363626 1.4628873302871355 -0.5805314421976057 1.568061544039354 -0.6863958974082436 -0.32455027063521125 -1.5281399671279507 -0.6705589737324614 -2.3299516777523044 -0.5872695930867373 0.308132100307247 -2.00005816912242 0.5549817425255312 -0.5708808609280068 0.06026575121746461 -0.14840814345838296 -0.07337735528135769 -0.7056362082872638 1.6621869287742421 -1.2734116169995628 -1.0503630900235283 0.990730386057807 0.7920520237878733 -0.5888842921411073 4
-1.1627529779669934 -7.709846500206391 -1.8665889737573917 0.4944614656727326 -2.7416847740306363 4.863085378773429 0.6429397938110915 -0.00653164040137835 3.1266402889142166 0.96190669947575 1.1551883391397093 -1.1611283153534524 -1.4330971532076993 0.5007696281624554 3.0016563523065836 0.8367036941865256 2.734388724764039 -0.7239488088507933 -1.1321450771464228 -3.3364067872874617 -0.028703627650807945 -0.13977827982352567 2.914806167786557 1.550907461093414 -2.0522245863512074 -0.6228694960658384 0.26979519779137295 -2.3624054104422543 1.3974251497840533 -3.068744593244863 1.3020821195843588 0.8028959033061948 0.612796945589458 -0.8376328346928644 2.017866464435558 -2.155840170990042 -1.2443301498545118 1.5332053738606293 1.5098609909396483 -0.5179838746281041 0.2107621808726915 1.379381969026952 -0.9892469966707224 0.10520890744537278 0.27566096848407745 -1.8467391176316958 -1.4373169533362067 -1.4746513511091235 -0.36003011269490687 3.346758947007966 8
19.7595734395442 9.320542737983018 5.335351265621998 -0.5606548092748125 -6.43520226837329 -1.1045463311913004 4.018550865110693 -3.035504805571149 3.9909290269734594 -6.96030700576734 -1.4395776735874877 6.2271789506650554 -5.250337183654286 1.4386530821141708 -2.5566770175315527 2.372638447311575 -4.204916559826531 -0.07510911025512142 0.8949615574332095 0.12056830272115847 2.0424946373160777 -0.06502829430708357 -3.079456519101646 6.049790785779871 -2.3955051284510724 -2.2803043970456787 -1.262432225496077 -1.5698602396808123 1.7266369305836902 1.8596003992572885 -1.7367966572522122 1.2444008468136485 3.4939186022501 -1.8544634014727603 -3.220216834011686 1.8640786077767948 2.3015011064914113 0.1235459712481572 3.124966225723006 1.1424466698536349 0.7972549038436788 -2.2291243155466356 1.664087514217367 0.20641846689333543 0.5456828165641233 0.6098327813244595 -1.5555896164851974 -0.6061829800500464 -1.4502902636189237 -0.01958029545147205 0
-6.428558275789583 0.1140139915413019 -3.6806222180246233 1.0662124302094007 1.242982277448769 -0.9215761161174898 3.880770827952306 1.5150543084057104 -1.496698775368844 0.6109075989127822 0.3398873801545795 4.190669635670124 0.5556768127460326 -0.08677560252046403 0.3162978311124256 1.599984253231716 -1.6032330360213762 1.9244684546935638 -0.5209614013161302 0.3893808110464366 2.0699929262453516 2.961030416349145 0.9171655106936513 -0.2586834937525189 0.9156382053801165 0.594712957080553 0.9358090718213254 1.5968813247746603 1.1850634193076734 -0.8335360686367326 0.8076607424444774 0.3647939187359231 2.0294234150621184 1.2560679247927515 0.0389948488948684 1.216479119327682 -0.3143940718847084 0.7826772788383487 -1.8893017562120265 -0.08557383909181426 -0.3114637248597961 -0.8435322223325223 -0.8077996158667393 1.1879185747639522 0.03298699350329216 -0.33454905364101617 -1.7211010206690192 -0.02112004265684516 -0.48823671128818985 0.306292964539852 9
-4.288293859028967 2.548276964493848 -2.0375087863959433 -3.8987543733299406 2.6182059492729 -0.15564543587397792 0.9084279186785155 -2.521976383940941 -3.702372744159878 3.0631438443181236 0.8911296974720494 0.4955985760294753 -0.7506110390566153 -0.5796560719818251 0.45856094574092876 0.11687516214916657 -0.11399106892672259 1.6222324834377155 0.31634383409210426 -1.3807683077858133 -0.8202804380697505 0.4711577399382431 -0.2555471112181284 -0.9434596352028378 -0.3695534025643812 -0.7677986714229819 1.8707159690078345 1.3181812065440979 -1.2296555006728662 -0.7117705015391698 -0.7311443552923723 -0.0019402349569498172 -1.4852951456813162 -1.14904241918371 -2.0233132841142503 0.41745456821406096 -0.7260147395317561 -3.111120782338386 0.35946275254103904 0.21137250391168802 0.5483794584419976 -1.4880586417715782 -0.8946246723634139 -0.13175803163255223 1.5401652839664297 -0.12760482823746871 -0.9984897297651619 -0.7599861486693098 -0.11559814191089214 -0.17482793131725569 4
-6.444702474438833 -3.379516127404154 4.71970215620803 -0.4811261414196241 -5.382235962342907 2.27910670477039 -2.376845336850336 -3.632765453433643 -1.1799203111461647 -4.06645909136419 -0.9308583072820485 -3.023780735342019 0.4223155170550599 -4.277817120242396 -1.9618790986961039 0.482701943200849 0.8144188416419256 1.501196789994949 -0.36881622089877936 -0.4852474222741678 -2.422161214349073 0.0007091157526543974 -1.4053300129553212 -1.292623640601822 0.9598298948384995 0.2100477987402343 -1.189803801531755 0.7827269779171391 -0.10308722761152063 0.5838862547808427 -1.2128139551798673 -0.2770261599102535 -0.3537564365377037 -1.7725626947592976 0.07756604060427096 1.2488436914608347 1.0545145334762671 0.2516647197518153 -0.898614471438633 0.4898979593694343 -0.2592605047833173 -0.6003053221671487 -0.2797593509449832 0.43966954708239986 0.05128933698196386 -0.07420019157105359 -0.30238282107253817 0.743713131519551 0.5726680561698234 0.794981350005798 1
-4.598943118177839 6.712120209393339 3.8118203288316286 -0.612413614694645 -4.062834209209679 -0.7327792499655623 -3.165348765773859 0.1316960122304052 2.4626188204952277 3.242950826186052 -2.1150401082213284 4.153379586671144 0.3595002262025268 3.6678133343954444 -0.07558452690291541 -3.5715146187142293 0.09144713514522769 -1.7137683509117239 1.002679551803054 -0.22941611838809842 -1.630212754400726 2.665580074680809 3.6833242753233826 1.1452730288439206 0.08918735871123566 -2.4703764762152733 4.569420417279599 -1.2762466333848217 1.1260325655794834 -1.1395145404114129 -0.5062217319303152 0.4500563024571904 2.253318967599999 -2.25108851113931 -0.8861672864248727 1.7150042098184395 -1.2731159768584663 -2.64835165004346 1.941668639903716 2.041442558953909 -2.5305311288437777 -1.1978227925023492 0.40191122133442486 -0.5809007778931427 -1.2952366090197722 1.7666138517691856 2.1712865341666028 -1.2105529820546637 -0.4800317982854126 0.1678461690998593 2
-2.2303005329952077 -6.729854417494038 -1.16499215162778 4.133880564348019 1.6605342194375872 4.137291053883559 2.430140798498979 -1.5796554158206244 1.256059956431198 -2.337965099380256 1.3502170506616566 0.3717026285373219 -3.1561428394026843 2.58431082700478 2.156352425719059 4.438370458431198 1.7255280075448922 -0.46671868051656973 -4.221548082234179 0.20767512618259792 0.36114338498897885 -0.39581318711579894 3.0723542453138926 0.1227397119071201 -0.15782021409047625 -0.5527548144968442 2.1399942859691765 -3.8951584709961846 1.9508097940202689 -1.9434574237505213 2.010820717031085 -0.4523718692485799 1.3934185197185558 -0.7910027969113282 1.4504466774157556 -1.7194816748220472 -3.3557711143677036 0.9359463650770006 2.7472153450143195 2.1966072996689645 1.4793292803517721 0.24834822473646273 -0.9158805225962617 -0.74659982428196 -0.5189745018130337 0.6662441045723232 -0.9651446537723956 -1.086513232431736 -2.012654932793787 1.501139267589165 8
2.2535242544040432 5.221401457620798 -7.2829043792937815 -1.1315417784545707 2.061733327753474 -3.3550254016555328 -1.6756718749439432 0.45403158676257027 -2.702710078020743 1.9246643706119995 -0.07524085944275637 -0.32780366129988886 -2.0676175463782256 -3.9452286438472113 -4.247863083681395 -1.9049602618308528 0.09669129360955986 -0.030360160444525806 -2.0586275818224853 -1.5112927493904496 -2.436670858571447 -5.304015787705231 -0.4062003178281993 -0.257861538516917 2.3257052853688345 -1.1584787534565693 -0.7942286450885938 -0.5880852495954324 -0.7235919670159396 -0.036046957880227264 -1.3839995987817801 0.1462696292786005 0.23020708637097378 0.43452485251732803 1.9861229141522954 0.07650444561003673 2.0682283903898755 1.5048380848278793 -0.2725565150439759 0.2617939253230556 -0.9031800255201667 1.398402999670205 1.2075445759298467 -0.22710057962487845 -1.8749978107595127 0.7682291711713372 2.9370480640562113 -1.0546125986131551 1.6026573826320896 -1.1565350646347197 7
-6.283272773504534 -3.4231746036003297 5.367285788227115 -0.5835712321520441 -4.917881075079873 2.0526229740136257 -2.6437773029337985 -3.769998161842791 -0.3290537905987285 -4.259524827848408 -0.6292082035415419 -3.6527182687189566 0.5373422797953792 -4.397205720860143 -1.3210703054350241 0.703919734010177 0.846490926566567 1.4050803452247664 -0.8156845950231928 -1.3028432372018453 -2.0818884695462345 -0.5856808388161145 -1.393311775110932 -1.0101915309322163 1.4470748822716184 0.07089430536738099 -1.3989062525644325 -0.013035233823747475 -0.4062406698735078 0.4704550396289971 -0.46571511111274627 -0.22685767386015376 -0.4739829662095863 -1.5842977211432094 -0.14188434796307736 1.0765923647139346 0.8949912167819861 0.975274528407597 -0.4123651703329753 0.34592519520977577 -0.7110447950493802 -0.5673972434958389 0.15694566303455235 0.08175650629839853 0.7725666388516189 -0.06774017253954824 -0.6917669900622918 0.49023811513278115 0.45668236551259717 0.6623844920499877 1
2.5776932989885495 -8.849685444165495 3.087479362951277 -3.298252996859362 2.375215257388107 10.800673380897956 -11.43601180899 0.12452852767616061 -12.951635145625492 -0.19816282223784845 3.8255294140855023 3.214394927507717 7.263562341577982 3.7761598593595913 -2.893386952590949 2.2630327703908435 3.143308960332016 5.4310963782728034 1.9529306714649686 -3.2065862295969585 4.935089739453295 -3.190817067261404 0.7763054093524279 10.5445314790083 9.071301834228743 0.3972509545145689 -2.8000929229294664 -2.9985670084627016 -8.716822206852369 8.751042581806045 -3.4493923280553713 2.436680245157512 1.5111770615375346 1.0162324835831766 1.660299696897536 -7.246451208074697 4.17596970566739 -1.5718596744938775 -0.05464799133584969 12.921780710093426 -0.9713357833292324 5.070646595987961 -6.205815717025888 6.758374566667278 2.5315962382815975 1.0630894746402733 -3.083840437110775 -2.806807720322989 0.06290763757585716 2.947898086130124 2
1.712313134747116 -3.0259388087795074 -1.432692850701917 -9.882842054395967 7.104786004582738 -1.7607856019013866 1.1490713069850191 4.312114158544898 0.8032446677567749 -0.16330274924678018 -3.5528685256719967 2.0914909083078643 0.15166912120564316 2.2231503369712686 -1.2063746829908095 -0.15812931012309978 0.9501846948623749 0.3556604044238059 -0.5747631848935412 -0.28775643937541673 -1.0382346425933155 -0.3701324595472816 0.923582292230598 -0.1205707352127507 -1.9715581200974028 -1.3522616449353526 -0.12323235670229789 0.16086522501900605 -1.0926602856305156 -0.8503776912666062 -2.112693992454423 -1.4379587031443117 2.1490041003180504 0.26649724378516804 1.256139898478897 1.4029998770211256 1.4101638827035545 -2.233849491169675 -0.6204284670196627 0.5310279723698017 0.6637767187917937 -0.6589751838633988 -0.306043504770511 0.604618148968922 -0.539891218285438 0.6051996178311461 -0.393600066972446 0.22289604889687706 -0.7117753829064747 1.272583504401093 6
-7.362714251531118 -2.6161354662128278 3.680185328196071 -2.0199576717983376 -4.873666546895114 -3.3431197274305147 0.6562350711232604 1.4114251305031964 0.9337843503612999 -2.305716858288624 -1.0350975528567836 2.5704332673766417 0.47429629254488703 2.233841339634345 1.3477638503216143 0.09475485081456601 1.3408629149643023 -1.7703008800001616 -0.28484496787427116 1.2410337174793613 -1.6394783211525947 -0.9927988071239564 1.9099018573815203 2.1999411718129704 -2.4803559055510798 -0.0477439119902631 -1.507062844858392 -0.3237542441715983 -0.4709814013896963 0.1772596042751308 -0.08337850115507262 1.1886415296800044 -0.13784622071330635 0.08908698873132254 1.5968316401678324 -0.2073709675141636 1.0111265918892247 0.25560550858798275 0.005384615305450338 -0.7613658480323727 0.3453919369647751 0.08280377810487193 0.9167715774741847 0.7615800240936998 -1.1110471661038854 -0.11514313849781542 0.6338048986975562 0.21528397944641198 0.5374652388381536 -1.129886265269219 1
5.924311813338181 -2.0723988148588512 -0.44333380656877436 -3.212247615017483 7.205179078316268 -1.0602602317381167 4.642677651044162 4.57856803559023 2.8725668918740244 -1.8700701809880407 2.186858306672619 -2.015951141760481 -4.5805833881241345 -4.424839599099845 -0.23790552448432767 -10.325839818662581 -7.502790242801898 3.8359578817057094 -8.466106813109057 -4.427423700094341 -1.6369690742103649 -3.2428081602294814 1.643347832674222 2.042357985301891 4.067353490404898 16.446247085818648 3.0941856854372007 5.612386701868017 -19.94365037657403 -5.7204754154288775 16.407361006531563 -0.8645833389175255 3.2576601497975033 3.251718311179779 19.01423583226566 7.015209779986693 12.7550178480557 -10.88823707330583 -1.9024825025958423 -0.3771831851865904 21.90987166101508 6.597347322953666 -24.14895756839422 -11.682031410439667 18.43925511251002 6.46770843565524 26.093326785519196 2.473452698299179 -2.035013444914969 -14.669631452459003 0
8.645105883634947 0.0465277401174549 5.92295527097083 1.7768747047845608 -2.5844996348740334 -1.0233214993873083 1.1472313222011163 3.4443045351589867 -3.255335832949132 0.5396366809020272 2.4992387759941135 1.721413190970525 4.909249734136596 -1.143657943439029 -0.9977702556515076 -0.8578632998475499 -0.4339138758954999 4.07597361179031 4.466471098503279 -0.2757792706875483 4.335642055722209 -1.4475675567964748 -1.3528774873172402 -3.451400876371425 1.8110443820699056 -0.8561030084084698 1.3383168463467379 -1.4692303027471207 0.5774768311806121 -2.4852467464378623 -1.7952730678961821 1.275814898209476 2.5194959219325805 2.6925722244161374 0.3277421741656664 0.3369080079815253 -2.4323945905491096 -0.5920987250972581 -3.0249031710837633 -0.5919894985865557 -1.3534105059974164 -3.764436315192666 2.02597252720735 0.04205817363553169 1.785542394825448 -0.9809161703889696 0.6618835420618188 0.2365040821103892 0.17439578456145594 -4.538608188997152 3
13.166002938215506 -10.698463178541045 -5.039074348945659 -0.4412330613925328 -6.799858425632808 -7.614880533666264 0.05506633125431137 -0.9773032986814868 3.706229639494177 2.0614994970671 3.936396106044133 -0.20510672077758044 -0.7453254113194951 1.0660208703938427 -2.5659543493039627 -3.3488201365914563 -0.34117472856617986 3.2470523970489378 -0.1152865989165447 -2.7584838418982374 -1.8124671444861447 7.486733503004209 1.155086862954086 -0.7459092570839749 -0.25449371621624 4.292191554422137 1.3017370864119333 4.476035922864941 1.5785209072413715 0.5640953661956106 -0.11393042988539144 -1.784307440226624 0.3749497718905644 -0.5283799363551267 2.131484634748782 1.582364553063107 1.7004293585005086 -2.31908471330993 0.04209932449125531 1.40207767031916 -0.13877530038532943 1.440499858780539 0.8591926483113431 1.3814057040325463 -2.9087701235232233 -2.907543604397215 -0.06854097387152332 -1.7513814509223324 -0.12451276010807417 0.8442761853224381 0
-8.158209605265633 -0.19463582315937272 1.7830887972029188 -2.0597747868078145 -5.852931455300947 -4.495177706324556 -0.9885798911431589 0.3409949033531934 -0.24011605714292564 1.1173133312799521 0.10266774351387166 2.3778670920591707 -0.07747237770564501 1.883616157454279 0.508764453622091 0.3971940411389451 0.682281288970695 -0.7345313665954395 -0.8296548711601157 -0.1298819086588065 -0.8354256501079909 -2.0089172291013195 1.5579402641268456 1.1410456794647579 -1.0854450364708337 -0.44229199225311555 0.38434296274117047 -0.7522799029247205 0.1919551108422363 -1.3982341885548821 -0.019563725984709304 0.6597561792616131 0.18926669677028385 0.5239522605898254 0.7483002972114806 -0.28123556621535434 -0.2954892769077933 0.5817014774983995 0.6787775234930656 0.471025513472179 0.3877802046808009 0.44170212643395534 -0.3621134511961109 0.4002868807798541 -0.5476100161248021 0.550694320236377 0.6524427084334221 -0.5615262265465347 -0.2941609189318791 -0.5392270733787801 1
-7.585017436978419 -3.031277727193414 3.8855376641871877 0.4998394275764742 -6.59968647987185 2.0886588379295365 -0.3881101824450145 -2.827498585715732 0.003914338431581857 -3.0337460126238 -2.5895902916557847 -3.1576080979351024 2.51065893768708 -2.4636648184387577 -1.7388270119705476 -0.2338366789583539 0.3325176433184224 0.7984326746511089 -0.47893721103892894 0.5301120546551763 -2.262407250518496 -0.9609199238957572 -0.5571242016873584 -2.2642235850730437 -0.7316215437691543 1.1189043010398214 -1.5765675488704063 0.953030681825428 -0.3523907988661293 0.9446608371570119 -1.4588765069251688 -0.04839784702664748 -0.23932092804805596 -0.9226430301995145 -0.3244398646636021 0.19200906876059076 1.5937828727399193 0.5936075218715694 -0.7427689226745742 1.0884409054799535 0.5464305066712073 -0.5817710998603293 0.349439493260567 -0.4397438999477193 -0.5407926728284792 0.5813759668859553 -0.01283302007219508 0.9056297711401109 0.377477922821332 0.5159141944835286 1
-4.778945121026585 -2.193586196780457 2.2263766251205923 0.7883117364786074 0.12331130604842913 -1.799768525892635 0.3631387529040062 -1.6569577436204 0.2006840342379278 -1.632266624133448 -1.0288760571603233 0.4702974712682783 -1.8569790900707275 0.6572736166365414 1.6352999982618945 3.3566160365845805 2.0503748235928843 1.007831425486239 -3.164059408695517 -1.4627286755692317 1.264100073569708 -1.043070094101861 0.08666224990538628 0.9986194985050465 1.8090698570519967 0.32993233851277776 1.0889389549994835 -2.8341654865028225 0.2403554917658452 -0.32283924480275145 1.332784244323442 -0.6619584485676591 2.1826809038320283 0.2018230896356483 -0.8790644568604533 1.331737013741397 -0.058278978759715265 0.5342597192710503 -0.5140088976481348 1.123685724333268 -0.747073117644405 -0.7961676678371288 0.4021104537880397 0.40830084961147295 0.8406709895473224 0.20014986341798127 -0.46279125813077365 0.3806295876163459 0.24409495789886634 -0.7907358093019439 8
1.6903904898425217 -9.535551796734367 0.8970486780290162 -0.44763485349424426 0.842551362763741 7.812601842246507 -5.967847411917627 -1.464477873085397 -4.179526498350601 2.3551735809526995 -0.3497844313672277 0.2549897226059276 -2.471822155731494 2.30210639696666 -1.2897474649410385 2.624312422435188 0.3788476836516617 -2.5983213410964727 -1.627317496874876 -2.04771142934858 0.6060065586817402 0.25407215794631277 2.011539313812229 2.620811864090145 -3.056165685845909 0.37855761260755993 -0.028738298221112353 -0.600800420002072 1.6870707880220936 -3.5131830240703517 -0.9567578006863517 -1.3470859168740192 -1.3502116465894005 -1.2742462612442478 0.9670136243686415 -0.8260633213873122 0.034878869503735095 1.5370945718396185 -0.354613982744378 -2.5226416856812017 0.9626932616306003 1.2431645574218937 -0.5728304944447095 0.20375072983964612 -0.1544471701814579 -0.3781245818625453 0.13971734265251443 0.4871724961878336 1.0025625904952657 1.5375570969452872 2
19.20949058483995 3.025912053939991 0.8789893060722568 5.2019523555062746 -2.4077961643487273 -4.619705934293848 5.258116752903106 -5.620767674477317 -2.144483786509339 0.12363558696848861 -4.604507740450895 0.7000233066748117 -3.0490786895459103 -3.0091630269694702 -2.448686041199534 0.16240037643771854 3.5079056110157145 0.37959670910025234 0.4205258891086167 -1.0347878695730754 -1.0900662201202875 -4.186228459709189 1.7788915778021508 1.762353622829438 -0.20206571321498404 -0.5472846292675942 1.619265819903205 1.5057011279069539 0.9117000876670482 -0.9882897046382194 -1.5238083548755592 0.8415400809948684 0.7586361165956387 1.1929744224004173 -0.7987786405330521 -0.8741891405717013 -1.4587305471905911 -0.1927752706911366 0.38400255528715754 1.1601313564132416 -0.9729215089466869 1.2092267685114069 -1.5671036675481451 -1.391986671538328 0.47603919432725345 0.14158535886828016 0.8872361235589039 1.1749616045972422 -1.7297959307858362 2.7714943236154546 0
-4.424835587999663 4.823185113561456 -2.923295053578349 4.360190241692002 3.79782820780683 0.9563931433428202 3.594443130641741 -4.129944380740886 -2.381905624830029 -1.0468103386583836 1.44930045277184 0.3827742410622539 1.4221037128409952 0.1497295278916397 -0.5564024414791325 -0.4828272293549533 0.5131587649983225 -0.49692669087178826 -1.4123229973850664 -0.12603564538459652 1.741045391362418 -0.48366417286031904 0.16540600339321865 -2.4035552644635385 1.1691408303030995 2.262724318016249 -0.6088975109303617 1.5650803819916905 1.0858741776799234 0.3575674117723522 0.5864347345134244 1.9899470905143357 -1.3452967529549944 2.337244052199693 -0.9703609707780758 -3.459738064852608 -0.8253302721317727 1.93309868340398 1.0155661109458685 0.40044179585329837 -2.0244685528418995 1.891046232628158 0.12686246095113413 -2.421658859020436 1.7780548072043358 1.1035615038093312 0.12064216205171717 -0.729619873828876 -0.854028252751006 -1.0842459434824419 3
-3.641069119835168 4.671174384282943 -5.040196844714598 -3.3114094266153 3.630319937624937 -0.9177940004608812 -3.5714771110176464 -3.5555123596207068 1.0478755841669447 -0.3455179063832878 0.9286622719945851 -2.4310576064073537 -2.0045693240838522 -0.17228380457370418 -4.862793189568448 -4.712608651181241 2.145524560222472 2.307211512298916 -1.2846754327522238 4.631106904194612 1.7675042693190615 -0.38575260796197647 1.242232729317979 1.847272159250365 -1.1839327863540483 -0.6746053173616506 0.6088216209761039 -2.10102242096663 -0.5470169388258098 1.5829762086792927 1.8329188993331176 -2.1062493932211583 2.273697937162755 -1.353001073340109 2.7421666215077876 -3.437153885314223 -0.7552647299462228 0.19777411933928882 0.26867425122386174 -3.2487370512110894 0.5774473666371696 -1.2062814465699834 1.5882327309416582 -0.4996752284602741 -0.38044254334979755 -1.9020778597389263 -2.192266462924158 0.6033095767069917 0.9256941880146834 0.29373751919463525 9
0.8962865454294315 -0.7430571493929811 -7.5179886291508256 -4.392981864226268 0.9934513391745113 3.59451298145278 -1.313822804888244 -4.715934091500116 -1.5327557969903574 5.7679729006293945 0.16697441834149915 2.4373882743736046 -3.1973361769689808 -1.6159695704993062 1.67463641860622 5.249106696518732 -0.5845156336481317 -5.4810503588451285 4.003103963858264 1.006268277287455 -2.7306596589917507 -1.4425521409796929 1.8363206047155494 1.5475595997736515 -3.551381280886929 -0.6129918561358854 1.7983919310884071 -2.236061570757196 -4.840476420718224 -1.9733054669502545 2.5676852847366707 0.3490713941860229 -1.8443135447509593 0.535560835982842 0.9976342937316374 0.11028176688366607 0.43062030629860143 -1.084424971824401 0.7775928455261056 -0.42650865123232584 0.32136165513577153 0.4574516977161835 2.7256869737872726 0.3496397635418315 1.3838456247873072 -1.6981202369166768 -0.014000277228336286 -1.5309423140463965 -1.5190303469672517 0.2011519182511967 4
23.193539952938455 0.25707003030158343 -6.425748223714828 -0.4538717298867987 -11.547130906256818 -4.483289550554375 -1.4854436010681629 2.1510576567760835 0.36828267719493296 -7.599109373791505 0.10519585094596039 2.7005300846113927 4.2269594063264115 -1.5975604364417129 5.7703434044902995 1.47069771611273 2.9561336079240004 -2.258697143677196 -0.7508496272023131 3.3944239743531477 1.0002905646583955 -1.0887758569802737 -5.311568431429284 -4.984372949835156 2.1871975785092372 -2.6240135262419857 -1.4763026304241087 1.3842174926788802 2.7382256623279697 2.213198156472007 3.6147990450225755 1.2029745843945516 3.0700983365790253 1.9760835959032046 -0.48781206438441077 -0.8929854241569591 -1.4349166172057688 -1.1062170540927414 -1.2280970536716234 -2.5207146752239558 1.2488340337171926 -1.8449952561211822 -1.5589521520650793 -0.243053995157071 2.527815265213425 1.7144781236176756 3.323659056343278 -1.5047110452282493 -0.2471078002781144 0.3784423618442951 0
-4.641591996915118 -3.945424289677872 -1.0606413675702209 -2.8987843389205903 -5.03065913162394 -0.9527663713053443 -1.3608335668253597 1.3373809625832491 2.7799003622294784 2.675676530005082 0.4303539204450868 -0.772551328494665 -0.6370288364196881 -0.026454394694691387 0.8214006060302622 -3.2608648451590483 0.971930388498837 1.2484692989334691 0.9990030422265012 -2.969122505300723 2.7380395630916308 -0.1435350452043933 -1.0900480415557658 1.5144046727349978 1.1424087039136999 -0.05425092208563347 1.2271511015864824 0.25798958453723764 1.3349743982842786 -0.9602555229960356 -0.02072358318445473 -0.06629374201367319 0.916483626426379 0.3939296770992263 -2.7284792496804307 -0.34644270379416625 0.21721978982969065 -0.21487594548926492 -0.35717985449087913 -0.9064934585170605 -1.5578025599980305 0.37467404022938505 -0.0933220625748357 0.7144103321418833 0.23087485605030011 -0.27801030869797205 2.2861118033057606 0.5971065558263795 0.42753442583718604 0.2996986113511179 5
22.476916695441176 12.332373258840143 6.978121662606044 -2.264295309630037 -13.946902629531932 2.2516784224590993 6.753311446277776 2.55669771424191 1.2030857169602311 -2.7613372965866225 3.657168889222481 1.224866014499646 -3.09173095972458 -1.4465367048772548 -0.4004366426519251 5.143424699664347 -2.2318348364798615 -4.1391552256917885 -2.319507510466976 -0.9048109953196426 6.810015825439507 -0.2229947881062038 -2.202912912649576 0.5739262107747352 -2.843772046982451 -5.386940168120816 -2.0050894477887997 -0.7138153798031762 0.2287794940560928 3.2334722880177242 0.6382605524641018 1.438482927348952 3.1334402594498765 0.15775326212217095 -0.24235280268838116 -1.8634544884436852 1.0301773292584033 -2.336018028885135 -2.4810188935744684 1.8320731883985875 -3.4681354547780843 -4.154462609450735 1.7484646565574096 1.1430643806146805 -0.28205938761836774 -1.8760407939071098 -0.37777842338057177 1.0668959555517352 0.6653605612878077 -0.23872149946453428 0
5.349995685446985 -5.831615938785332 1.7672646774720653 -11.036677161099359 5.483637046025557 -4.068495141425553 -0.33197759233668245 4.643445252876519 3.8910145453235687 -4.130520073426649 -3.725353736897245 1.9844288106338521 0.10553299113101698 1.8481174300900822 -5.917272613384922 0.5651004662198746 1.2440222683164173 -0.7785279365064621 -0.066310921140527 -0.5477480671966436 0.8399774992634494 1.3087913675049985 -2.834826944292107 1.9105303391082098 0.03286857235988011 -0.3814782364527946 -1.7039634530367915 2.955714489418177 3.6970209892096086 -0.6369510535285331 -4.982404144080117 0.25055881158266874 3.177420794510311 2.3231319433702744 4.715372072030828 0.020080831840636883 -4.62687068187863 -0.5985456126416943 -1.6429678209937182 2.7527156255084795 -0.3471126514839441 1.2390413874573427 -2.325697735489658 -3.564069819718925 2.3780185383281105 1.1698106910635302 -0.05996000036108599 2.923374052876461 -1.2320073733723667 1.3229591067645423 6
-7.590367175521286 -1.4507301483205473 3.2378579986622906 -2.099628787065809 -6.673896761643642 -1.6100807809199247 -1.6857958436081546 -1.6374425246428836 -1.3672898441595875 -0.749551396311521 -2.324584907526177 -0.15248980442941107 0.899673873038184 -2.1586810060992243 -1.1023354993039818 0.03491482311666515 0.31515641413480044 0.15765111127907755 0.7406924177774399 -0.11668037360372374 -1.5802968309042857 -0.4580290882006788 0.19443861747298175 -0.01278996342515711 -0.553508588417864 1.1955276904606797 -1.7390407485772288 1.1581142631013326 -0.9948646348092769 0.5188685563622009 -0.9026616567035255 0.09974226185450215 -0.14440318441456615 -0.7350568663959145 -0.5609556691175236 0.6397143951254219 1.120123291912994 -0.15793923842488686 -0.8816651814735655 -0.6919127169440185 -0.21479593177824566 0.12507200761070822 -0.0515596428737799 0.09153831173905669 -0.4187560092013702 -0.7510200901640708 -0.4924529844052744 0.3618855825290099 0.5958175939876738 -0.10101362605426932 1
1.238050474643963 -0.7407741699225577 -8.179842385340176 1.2895201107526755 -5.494070686731102 5.8133480818949685 4.948972192883708 6.7284886226266885 -1.9885947179253622 2.37510574700584 -9.791738547764702 -6.257893768638241 2.073065044387101 4.714684905325314 -6.697641786451227 -7.648369339020253 -1.0082297872410477 -7.144714386657533 -2.562834250117133 1.4952802014772806 -0.7848474055138004 -2.99519494867327 -7.855383642635578 -5.701124016173732 -3.0022163635516694 0.909215179515385 3.414055993641023 -2.6087487604060158 1.7183777329149184 -2.858839069974639 -2.1421157803377593 7.074250187407681 -4.39336117510664 -1.0118644499229217 0.5798456307952086 0.1372245937977951 5.405332997894743 -2.908841902921793 5.065827143491335 2.2453952766466343 -4.8148319855907165 0.36622626016086535 -2.635501703995626 3.2460494597007234 5.4801794353328726 1.7025553629384547 0.7778086528726527 -3.516231082989959 -1.258409395460289 -0.8496671066370999 7
3.0146126536739217 9.42160188989968 -5.407066468082241 -2.7004575795499663 -9.978821854185062 -4.799687710232248 -9.367464250179175 2.6577739125234046 -0.20382647109421045 -2.708070655517267 -5.405162851345637 -4.100512925950467 -1.385947731562168 -0.9011755763157567 6.081290173500329 5.3855252069507396 0.25586968493437406 4.392226978074745 -3.0661737319719986 4.029941537119651 3.9410838534200168 -2.4853044872062755 -2.348840843651304 1.2971542537643201 -1.4688058445499288 -0.9546080642916999 2.737789242277032 6.536750327724241 0.2825225586011164 -1.6580920312335983 -2.088160378097916 -3.459560051078173 1.1369408172892324 -1.0694114128726722 -1.4150127144389137 -4.311456993685384 0.47856823459578957 -0.8043187620089728 -2.0996921421523527 -1.566252970424341 -2.0239818126173748 1.7186919021822733 -4.358333395214466 0.19493130488673993 2.8086493777915 1.730880817478721 -0.8062082574808443 -0.5413126696785362 -1.7742218656384716 0.44938125815072244 7
-1.28656397066212 -8.550707374196433 -5.729287475309443 2.4997520701445186 0.21006625267814905 5.212264606488673 4.453141812659221 -4.588491067668771 7.881759608550881 4.262166726363046 -1.8996268948649504 -4.188114959060779 -8.396415495103623 1.074618765530081 5.2552247435531445 0.1422402070597434 0.26106073866652907 1.9457441733858019 3.1345857535690897 3.0229642154296883 -1.4970735251907108 -0.22052533642979757 1.557342394506948 -1.3530826445961037 4.4640705971512835 -7.601787174278093 -6.627233198812649 2.5973266375939215 -2.030446695560476 5.824961072624979 -6.875607722703793 4.661990392633421 2.80888351973053 0.9366834556094863 4.8394516823250875 -1.240194177321977 -2.0856963290455264 0.16175273812776558 -1.5631783391039324 2.5992989096552224 2.3465450457768333 -4.364926412820831 -3.5757763734018306 -1.4165552721571677 2.1325353875102913 2.7459292850869392 -3.34892016278415 4.834892618505873 4.290185066050359 -6.35451116140362 8
-5.82756740235617 -0.33738711664382837 1.4384327127101695 -0.863039337303694 -1.150790649743374 -5.335367629324701 -0.8237072578117309 -0.41800515793837006 2.0879336060586793 -0.07068996299730822 -0.34331860816820126 1.8546627607234862 -2.040856380423688 3.8447672860403403 -0.2112042620558597 -0.4311294028679038 1.6014365130671422 -0.14917944288413154 -2.034879785353388 1.711621584496869 2.1675963120829866 -0.4846360195335916 0.3064395132727045 1.1633678996470482 -0.15372259135622154 -0.13651008998348974 1.1123837347621648 -1.5157238803230135 0.7485916693730151 0.7959974379682295 1.1132211209819387 -0.6958331910470515 2.256159403101227 0.3080417411479772 -0.5332397365390054 -0.911170530796976 0.15032154333892161 0.008055074053800673 -0.02872823954911279 -0.33344901977009717 -0.006101437325676671 -0.9256947469581407 1.0343155822530128 0.7698383572360031 -0.12380823631423038 0.2419767580298854 0.979890291950015 -0.08457283061443305 0.3878894185207789 -1.385760956327038 1
-5.024929344946147 -4.0331210371961825 -4.808200270510279 1.607221492256045 -0.7063223547541464 4.767411522397601 4.185258015582844 1.9480711440461929 1.2528484032590097 0.6469440347233916 -5.781463748683887 0.4105988345775244 2.402275460613086 -0.6402682419865827 -1.6703569634567585 -0.3339778226417166 -0.5125676196837466 0.44025936302698443 -0.4382366419623082 2.2607834718727187 5.025132315437408 1.2539439465898619 -1.3921364342548155 -0.47949664643596657 -1.783171283776339 2.3249509206854304 1.3230467127245575 -2.0279295120322494 1.9261335340828483 1.2834474296553826 -0.6860085497032795 1.0618718214340317 2.795753899618729 0.6267049400897188 -0.6568894884196806 -1.5572678177984933 0.6807455289603638 0.5427925381124838 -1.9779526547900181 0.7149223050587294 0.6068789950101782 0.7762890522666855 -0.030720409708031467 -0.40909544846466656 -1.2441844801582769 0.2679569797207614 2.406095902627033 -0.18411827210681272 0.8469490740489979 -0.19091825023608616 9
-3.949803236077685 1.0100361770483928 6.283709725685277 -1.8148538140351738 -4.58309868391911 -2.2858058678107813 0.1511951907556855 0.24578653001350712 -2.41307573612027 0.6365701449226735 -2.3019162642446247 -0.6068344823101723 -0.5566961787954221 1.7019719136932034 1.4724659856407571 -1.8942616036197162 -0.12413798096059209 -2.000668546193933 2.321199375818244 0.5837314451406225 -1.5996041855335739 -0.34131352436705664 0.09620039742455481 0.26361264010552127 -0.8739903047473502 0.23271432915277598 -0.27329597298942127 0.3917041546214358 -0.6962443881203773 -0.02395677052208885 -0.4631029560461967 0.9440091621337546 -0.03312854619060123 -0.38939141240251807 -0.42338221317972446 -0.2228855969077303 0.5249030960106316 0.1398445928202641 0.22616399822787153 -0.3396864112118932 -0.5317544116706786 -0.5278283464706306 0.7533523018733949 -0.7842377603934456 -0.2959171081362641 -0.15443873166170013 1.5294254790616622 -0.3671566638975727 1.0972009949171577 -0.5389724052828453 2
14.220723368626873 -13.16382372599135 -6.2529819912288565 1.5773802653208369 -6.232902396658292 -2.9128426817710293 -6.000649377326347 1.7784344005598363 -3.1386170016151396 3.925731761448822 3.7312192310125605 3.3302158145380987 4.939430736064751 6.433261621677016 -2.563550937682728 -2.7156684472343975 1.8181041982480568 3.3061129037561225 0.33009068314483986 1.6486691570034413 -3.5799669648448798 0.7702254581339472 -0.01606805105342061 1.2624044388501163 -0.7039795082821819 4.011503551231066 -1.0103094439380522 2.9569945056525433 0.8091125252815693 1.3653485352089312 0.031922185588646304 -2.6092310109094092 0.3040870934260374 -3.8064161215129784 -1.15976079759201 2.4150244018340574 1.1748737147584694 -2.205827808998234 -2.8971738200120463 -0.9268623677411124 -3.5369719021061097 -3.2229233600138016 1.246123227619333 -0.453285395159918 1.2442967036332597 0.6918556171559208 -0.11293366621805793 1.3124483042793804 1.13723921515613 0.6203592293748412 0
-0.370234566615996 -2.7650026650077257 -2.840494686557159 3.754363423924747 2.1292256467520914 -4.04313923592661 -0.14413833971532775 -4.120091281707203 3.85411715703296 4.399466254922573 0.43448606115949395 -1.675390463370243 -4.729330204467887 0.6579123438038017 2.8750317418861004 -2.3979255227265517 -2.2913369817670226 0.3541708163530569 2.547374142947223 2.432166062027693 -0.3409620404530027 1.8814747840545905 -0.42791616905858393 -1.3976664114636461 3.984553366810848 -1.220927330990166 -6.360468987930584 3.6705081605364565 -1.4752312633184257 2.808405194631182 -3.379767810913675 6.210441084762826 -0.735923715502085 -0.5678278165509535 0.37616653244354953 -0.8603877324327683 -1.9067957467342733 1.4842209521633432 -1.5424456765619126 -1.3816012013522936 0.043448893722753505 -0.950707036356215 -2.4776047412678457 0.8201404666894606 -3.606326567802478 1.88540641345376 0.24753461863552864 -0.488559227620268 1.8779222818410581 -4.251246260716286 5
-6.461629591353582 -2.8252564557472177 3.7119460431793883 0.4250431460490753 -5.7852625288990325 2.170494509920424 -2.6782403009012516 -4.418481883849797 -1.45459152581924 -1.5354711840557635 -1.1666191280798448 -4.372533563675723 0.44274770790709583 -3.030791262069835 -1.7356404248384143 1.2478482223621854 -0.1981934488571941 2.345571296894312 -1.7694568430518707 -0.9604209583035467 -2.120466121656137 -0.5260243492785426 -1.8991268450843788 -2.399721363457059 1.331306429533918 -0.43345049865187024 -0.756266392476535 -0.19675347158694215 0.09483967626550417 -0.03354109989309196 0.007277957415479685 -0.6471907018645788 -0.21057867894728083 -1.2777847550428212 -0.25619721845298304 1.216112225988802 0.5059181428439038 0.6832831388470537 0.6428151374642648 1.39841997284469 -0.6845918646111593 -1.2672846996643787 0.31544674986995463 0.12334702528351088 -0.16917310360734145 1.3711963704226666 0.3274216304648142 0.330810228743354 -0.08167580614743451 0.3556531715071076 1
-1.0600186325335235 1.1877074393840348 0.23082026217281673 -6.4687437040269975 -2.1545911616810027 1.2682744457100912 1.2268235051932732 -3.142667996964558 -0.2675312599172359 -0.193833976504351 3.0863358886585583 0.30870569441892615 -1.0057617685201459 0.11916291620813985 -5.3482224573700465 0.3741307046972942 -3.629545837809797 1.6005413188131983 -1.8270978996829317 0.4205140581646787 5.354918827818612 -2.4635095040355686 3.280619409264143 -3.859735706150475 1.714225551072913 -1.0902139041378514 -0.9807609753734363 0.24468831684487022 -1.2741798679429395 -2.2883182653794587 -1.0505547591956341 1.259313589146852 -2.4024648761435947 0.2602615761060605 -0.9621836229638413 -0.24909301725511399 -1.4014146529586577 -1.046032147336409 -4.2086361901328875 -1.6540085527204325 -1.1728671427055501 1.5084451537120804 0.4064667471506576 2.590356777417762 -2.1258132319786376 -0.952247243200647 -0.6689537496114641 -0.5256906145713006 -1.0368880421598339 1.3066604230114505 2
5.696685388859806 -7.342302820078006 1.9563895739607366 -1.4054896146771758 0.270232602145026 6.108809739108783 -3.3271867835124183 0.587821867238428 -6.707735490170161 3.2094799690001 -0.26419291877827 0.8541430257146488 1.101930120550334 2.6866152343113043 0.2114474141356246 -0.44986645370555817 1.9963363037527417 -0.5950782023740572 -1.2326879342148807 -3.942509195346854 1.136044757745272 -1.843432838934248 3.581256083905501 1.4089796193011883 -4.043525391451905 0.29485333357517207 0.12013497865732371 0.32484867096139264 1.1790501970744869 -1.770576203797891 -2.2987040457584564 -0.6730944042360418 -0.5094139517813056 0.2568209091768892 -0.9845382187457106 -2.8349893702121065 2.7505714478702052 2.1359720396466058 -1.7204965238828764 -1.7671950981469757 -1.5739483265733822 -0.5836355883808965 -1.043576117419655 -0.45871944977734486 2.1153192887949333 0.16713124088241446 0.1260978147225328 2.198347735884791 2.9211819610180925 0.7930089576268838 2
-5.537742760216869 6.042738677291331 -3.620911488956316 -0.5221307019470103 -0.8931497786811733 1.8844766460333289 3.528257103823246 4.455551918171041 0.9251070411895316 -2.7481641920292366 3.3378859672385532 2.40568394324206 2.0976640465314738 3.6206851815140677 -1.0887378162000665 3.5408609169163943 0.9982397583497024 -0.42215794855917343 3.236243244772871 -3.6232586098738286 -5.240070810604379 -2.35423334086664 1.2640195680801398 -1.4018800594960072 1.7129301051231218 -0.10967792418119399 -1.5120169432049713 1.6098176344629875 1.1206371890312374 -2.5990843469218956 0.06970601862663572 -1.1901906499171186 -1.9487794272071501 0.14911502618709022 3.4593832386064562 0.26712377265936016 1.7092594747648422 -1.1282031778085735 2.2502562834329902 -0.6646631599068431 -1.0150504940896103 -0.6108650279537148 -1.2501033040089942 0.8026714498225395 0.21102925715855414 -1.1282738644406938 -0.383746461563096 -1.1614636527803448 1.4827634028982197 0.7064770099948534 7
-0.5271242227204961 0.4730131169131783 2.022283887878459 9.10297755815711 4.536018835317361 -0.7981813875194088 1.0345879448388346 -1.517568680344553 -2.7929963151432253 1.7516924402494476 -1.3646522727494288 -2.1704266812693906 3.7553938725261733 -0.9192675182517527 1.3315935721432073 0.7068085579142714 -2.716735176301623 -1.0677113184418348 -3.28119195789578 -2.3354766368114976 1.108950860021245 1.159151208502456 0.2098006621998472 -2.9704821274476534 -1.409904499862532 1.3931722966659155 -1.1066512977523966 0.2310405692418763 -0.0856206388972281 -0.5539627842228528 0.1369393095078138 1.0487500699675731 -0.15914150279598938 1.9536663492276103 -0.3740958177418812 -0.7449307470914376 -1.2662576924788023 0.24483195204782404 0.03724741049115524 1.7603427773414664 0.4592063980297049 -0.5594058580477582 0.8384926245135904 -0.6156242629477128 -0.46254896065925155 1.4266100483958664 -0.4270559116570655 0.5534151942713021 0.4572185010821231 -2.062296989735118 3
0.02791936784431603 0.9106596595195948 -1.5841665813278634 6.028072814690743 7.399984199158853 -2.362382424886217 3.800594182224724 -4.729157438578179 0.22159101086508104 -0.7474040533725583 2.1023748396008224 1.4108712856167773 -2.344534777215943 0.7312401041363191 2.2801526071844216 -0.12163337002935853 1.7749549360976604 -1.1018920167048443 -1.3139037704904295 0.6676726429559158 1.013251863843707 -0.5293427927314508 0.2327155408232117 0.22971242624563595 -1.3307219656942586 1.5626528381746483 0.5123861524161841 1.8714228840982823 0.509454660118536 2.557273340820207 -0.6042561781684325 2.918066916601029 -0.9560700206610602 -1.025741213960605 -4.778185644093215 -0.3892515044845569 1.2865543318358736 -0.2905199745099906 1.0328950380367066 -0.7361560921889043 -1.7891543379508614 0.26562410824449484 -1.1418380447659016 -1.0353260933396249 0.6809928126661966 -0.4064013628412869 1.9216560324185692 0.9695947694049261 -0.7241825081675084 0.38101609822114785 5
0.15080449866539888 -4.280182687237202 -6.629607653776607 -6.461084556062594 -1.0093965819166273 1.6966831663804969 -0.5901850875286023 -1.992267061019407 3.857637246812487 7.476485038072274 -2.6668264950905125 -0.4422625726500306 -3.9108750738100873 -0.0844360364496655 1.856479185992435 -0.8396623428056542 0.7234261822753287 -2.0325503226787536 2.8253224813240796 0.3650431705036394 0.46953246482096583 -1.8354786930463869 2.0087180783892427 -0.2885368960162236 -1.5354063285169135 -2.687567566977622 -1.1321632651919775 -0.9805965771665375 -3.567141194583919 1.4380865795360254 -3.0223745821257726 -1.1409903836046809 0.9840351598093626 1.2045499046244217 0.16411954631162626 2.5186488766754267 -1.0554309006562284 -1.210383142399058 -2.666939014309214 1.0630894648799962 1.2532734890478663 0.6097952243319769 -0.38018117454912265 -0.4883378616093009 0.5476853374119754 -2.2326705868786094 -3.4255803356785215 0.4459581829576541 2.305531738782191 0.11525506161105535 4
-6.467278607036193 0.22663829787957274 -3.0550896148558175 -1.2288629498567385 3.0658315422873503 0.23011774297173568 1.1714248272479888 -0.010276305695081478 0.31780359875238395 0.1809596435042248 2.7701319134674196 3.1910904032812315 -0.11913218020156206 -0.5466921261424825 -0.5067563893857631 1.1345061059494668 0.3374622444037016 1.6556301571210308 -2.5697791826298726 -0.8763777417670776 1.190233856569663 0.8455912804327476 0.23187642984590298 -1.3250696321516742 0.38024102131180887 -1.3124916229696684 1.5265443953305993 2.5223054730864707 2.31550730959814 1.3523802304617674 -0.3044860300734838 -0.8314867243963412 -0.35659669811232814 0.356032204851302 0.23943081444819003 0.38129523704299656 1.7552085109675875 -1.9926437541345237 -0.9583307557250366 0.7655976635757766 0.6960721385986842 -2.258886101343289 -0.4289959640265802 2.036990821200039 1.5141646536389746 -0.4975647115999703 -0.6757824202963769 0.2573693785460991 0.40039076696350473 0.4596732657059826 9
3.5297759358493734 -2.406166941539438 -4.951452038871389 1.6322535958900095 -8.372724290634347 5.773960456231862 3.3454024416648003 2.890379543605276 -1.7682660882198074 3.21330421400914 -5.962331011888558 -8.526591438233554 2.3876438091370464 9.880039277888947 -8.415684097702798 -6.446986439785231 -0.4396073369311213 -4.815969856054658 -6.489297678647903 -2.581497720684213 -4.0863241341891205 -1.435794055500622 -7.736215308287761 -3.081113302506232 -2.6620291786051626 -2.987682224947632 6.391489946246948 4.875867605970649 2.2439324985440607 -3.547742840918011 1.0385227555957537 4.742816722365924 -1.60754614342209 3.7746980502786247 2.161086740707329 6.852945852574788 4.85281464469789 -1.5616780940340793 3.1890416325466684 -1.5370896580961826 -3.5061936537816627 -2.8738956381628813 -0.7870105073366898 2.586515135994476 1.869106371296197 -3.2353371647945584 0.15920542774948615 0.791588184525699 -1.8775845575866494 -1.1830175270985814 7
-7.47862448202447 -0.4658431823969156 2.317366082697163 -1.974416812872507 -5.089868494227907 -5.1192062927790385 -0.33100700141131223 1.0809674139187193 -0.6461137216851365 0.8271021929645006 -0.47208785344503146 2.8154424448581814 -0.8497827809311006 2.617126539226942 1.0957366124436367 0.07621286785483357 0.8438249596885645 -0.7503718507296541 -0.78699737172393 0.5044158806698137 -0.531422087986092 -1.3233243070164646 1.5009637375599207 1.592125474875922 -1.7802162330207667 -1.0688909687097987 0.44270470922518773 -1.3414405003295886 0.037686751591884865 -1.0471033501604872 0.1774924586944868 0.5520150048016894 -0.07039378592440772 0.7644965389420335 1.249013618889496 -0.8902164713814539 -0.3901878846599689 -0.44058325699495743 0.943843707656813 0.17698602202470207 0.7181903675186345 0.4127466145544012 -0.0977250318859768 0.5454850108512094 -0.993261909451448 0.643720418839148 0.7792214042679494 -0.7020872194680726 -0.04544285052211067 -0.7352359849873623 1
0.8720903125492849 -9.214305605141863 -2.3727760166644094 0.09684298406633951 0.49362690368318524 1.9076749582785903 -0.5718561093755983 -3.4826775701974304 4.0186847282112526 0.8469538130986852 0.2612842882408798 -0.07000820216492354 -4.471039166390718 -0.5050779342521078 -1.3089615228383038 4.422166822859158 -0.7513533875119196 0.4070107319370474 0.8146539853298659 1.1168525194518217 -3.0205960284292583 1.6392256405802528 1.5587779090432594 1.8769380639792026 0.25968853439902273 2.2958382276415144 3.646240323558589 0.7711857090349792 -0.056105842790931115 -2.7856261691396274 3.281608737176241 -0.9410532219577696 -0.018839317892299486 -2.7080726701471947 4.317242803493654 -1.5759640427776345 3.9477315210320127 -1.2247599758614454 -0.8610632276033423 -1.8775827848518711 0.8971484127753897 -2.063300989684017 2.157879609195839 2.172718604576275 0.9688818700656473 -2.6443358217734954 -1.4215462990471346 -1.6302007217485235 -1.2935736740644934 3.3480247918651074 8
1.529776487927113 9.10315680786382 4.755264280790883 6.1898329639668 0.5904073401442088 -3.296093621047162 -1.8915296162675708 5.889790953388165 6.420505685773778 0.8691924478777046 -2.394038435638978 -0.30516437050692896 -1.2311850559877975 4.803130117913339 -5.914451597460361 5.588976145588262 4.5938174058059955 2.264563432978631 5.135559723332165 -5.79544712244891 0.4540177585730714 -1.3224511344703282 2.8667889610565287 -4.192471430924259 -0.9228075020707341 2.032250620503479 -2.53370651567057 -0.19059222963108907 1.820664889660165 2.2994106006447588 2.38454741347372 5.594672914360791 -1.7116771480799935 2.134939080741095 -0.7911142286862655 -1.1370401714670288 -0.07037270307361605 -1.9793895139031525 1.6465363140898222 -3.562489408153917 3.1192746330991525 4.485140982597438 0.4971302953859581 0.9538161304918839 2.1887693323912543 -1.7660412492169437 0.18434199230880816 -0.14395394844181114 4.507307941681864 -0.8522961459055126 3
-4.9013748019757015 -3.400128252792559 -3.7572849919972633 0.026914934753450265 -2.426043441675755 5.912782652744861 0.8035020671326297 -0.4240921323124761 0.9808790450536504 2.25913376429723 -7.307307193781666 -6.309671464333369 2.2217308633087516 3.2575819773294334 -5.59744176417886 -2.7527422090403633 -1.0970033578758867 2.0883819701588022 -6.055576640252476 2.9912570714581714 2.1270809642799082 -3.090608448667509 -12.911228726546526 -2.0948063881616363 -3.0602014921062572 -6.9485190971171304 7.798723144699251 -1.820025593440458 6.21394117875646 -2.546560649235487 1.0310084021314316 8.635509563463293 -4.908888201877559 6.5582671773114205 4.414287001003772 10.995562920964504 4.724376519135895 -0.9437672202470522 2.622057976707517 -1.8943789664497868 -5.763234612888193 -1.2285198666398613 -7.000511046070156 12.97129379640854 1.0184593324271372 -3.6378964056734424 -2.974684773448059 2.739923420258924 -0.09467455753317688 -6.712569030735806 9
1.98802421406269 3.8090050067056596 3.6441586260168783 -4.1517970615456825 -2.037257822484371 0.39623644793608226 4.933145029493171 -2.2263116417082207 0.3006028956562187 1.2357996427848554 0.5710711927490459 -3.7962163308936123 4.7869582957701295 -2.046786838904656 2.386823971285031 1.6829632031741641 2.237134156574073 2.7648987587630427 3.09589609033118 0.2630177381869321 -4.320145007603399 -4.071042202773738 -0.1049284978116271 3.034661273805413 -0.25320614888586296 -0.3504473326701872 0.9508620348621928 0.9000331597858069 1.8447033471329646 1.4333305726443155 0.5609137826776506 0.9572536232607989 -1.2709711868470108 -1.0019656355301196 0.5270218298670346 -1.6031051796460274 -2.1845699068628157 -2.9207144945931134 2.011718620747862 -1.183607389980203 -2.5312603846135335 -0.51354209438174 0.2585767630313502 -1.4318065769040094 2.8448762683754003 0.9932784206156374 0.9671772322257574 0.7615518103746698 -0.5359206847067608 -0.7519306930349825 6
10.599941906823299 -5.3884389042043 -7.128329847055473 -4.778451533162923 -9.669795812869019 -5.861563597221831 0.9160264613802104 -2.636937173428409 1.8506432849544356 0.9697587890869458 2.97357119300547 -0.5202921773378344 -0.6631164622928286 3.1702744120976587 0.31097873328624465 -6.835630012513603 3.053365373139585 1.5760590759668218 -0.376185020470486 -3.303393335763425 -1.0689814853896733 6.118024145693733 -0.5549982736432152 -2.0287875288430763 1.990539782928315 3.403810261192141 0.7014556983256097 4.706478495650454 -1.1290815061478996 -1.683980318663349 1.0019849238533107 -0.3075037337407693 1.0769333969125918 2.0462421817884464 0.35653681609018606 2.884688736008046 0.46949080522982456 1.0247747877230613 -3.950627483321067 1.7255896202788719 0.07686554881018881 1.4088594431524488 1.3347900775650259 1.2661675321929264 -2.8498461427480613 -0.9493401729720697 -1.590158989506775 -2.184158321554522 -0.40969532206514664 1.1875554541259117 0
2.409832050797819 0.24692062220867497 9.641296964064137 7.843464418994504 1.1500486593052788 -4.203288662309136 -1.6012278434410208 4.720049722629174 -1.668830285170026 2.622098066184804 -1.4264236846386984 -0.9583382616406515 4.279158528815099 -1.29158948743988 1.7555242426005118 -2.1816245496414837 -2.4463178063345317 -0.9173882562339862 2.832409458773179 -1.5563816321102513 0.9428608546489374 -0.5285035140170479 0.12445508589272129 0.2658560342383597 -0.4802827076494183 -0.8737662443620775 0.537709647660859 0.33381716106974424 0.8320364648145447 0.9547034731361702 -1.1204498139703434 -2.8855311830872825 -3.2932618709556736 1.2621318114495663 1.5521370181172023 -0.9779571840670364 0.04642738681253403 -1.192130964002605 -0.8211582094099744 -0.5015625612961293 1.9808843491128703 -0.45221999772906923 0.23868371365716748 0.8953941055890471 0.9376703163777949 -0.14029290975079875 -0.021478697770974265 0.3833665686016267 2.1558842365275424 0.2921317592827096 3
-4.551658952279998 -4.812806640931201 1.7708203318650972 1.702350005626177 -4.544164139182118 5.843886072917189 -4.481302912072841 -5.503498825425834 -3.4718549738360065 2.4242689976322658 -0.4147315196806668 -5.531046324976383 -0.3986258974093352 1.4479368609729357 -2.6548675070354486 4.185812893100907 -1.9487833328921178 3.2508321428819005 -4.039813941466429 -1.1370229196389352 -2.4215662937663107 -0.6149669065819773 -2.783059095603643 -0.10117884105478574 0.8290877599787371 -4.00177716646634 1.011052195470216 -0.39850623789250117 1.0775206909430826 -2.0349615074248564 3.01374409628539 -1.754597737750965 0.507566926485031 0.9571100668888028 1.7727727260519381 2.3583775448259225 -2.6789202475787275 0.4706675491670891 1.9438722070926484 -0.6758860217266702 -1.0357121711352926 -1.9036997545399543 1.2057760701587876 -0.9263272494246372 -0.627958206988137 1.1935126728313694 0.2279825458056885 0.10510399055162556 -0.9800117980892246 -0.1859168338026514 1
-7.46803890210129 -3.492127345207573 3.3615815640524302 1.6432781487646875 -5.506472802636893 2.4626179003474666 -0.11836573771160772 -2.3456402295950443 1.5060134538137198 -4.1744445924526214 -1.0939288093276327 -1.8747055709281208 2.957653372845139 -4.0805544958003725 -0.041787839929812325 1.7404272219750618 0.8363665866634823 0.6457954048616619 0.563890864684143 -0.6508623852763585 -1.5557740493799412 -1.8360132971175211 0.6227245314903214 -0.4223223686231295 0.5150729336217389 1.1791986191336292 -1.9415907611747292 0.3240171503398215 -0.861994739571963 1.9901643239240974 0.43307018846997364 -1.5369549903083406 -0.5147368924002554 -0.6212782484347706 -1.9672829889875578 1.0174166527150865 0.9029963884978772 1.206341611124276 0.8274559706562683 0.2806181713408372 0.16453903395631111 -0.022569355601871254 0.8664756621385536 -0.3202255552444435 -0.5073241524163921 -0.22500688169174637 1.2562238389673264 0.5715513792093403 -0.21054063542362955 -0.5926750305560168 1
4.0159368069877415 -7.3957764197195495 0.33612540489795867 -2.0060369924812846 -1.956013871106674 6.524535822809722 -5.449064386665682 -1.3749900423059214 -5.91399410335404 1.9922430815563172 1.0759392762779187 2.5177797099274577 1.541580310367389 5.840696633799078 -2.4663439110095235 -1.0573006126946713 5.114129485219619 1.2481652477115337 -0.706807059457225 -1.3069020329107377 1.4355537161199061 -4.706647838844278 4.085431129035517 2.6315860568769542 2.4294178910713087 0.9371612259878003 1.0834078493397183 0.5034072635452373 -1.1725562594416967 0.9759071168000255 -1.6708129898155313 -1.1439531742373803 0.002002048041029594 1.0772565177370665 -0.20983254142727673 -4.145352253097819 2.5928927090443348 2.6162607110646547 -3.491320644910683 1.3080707776292144 -2.963339989972722 0.6959399086568403 -2.0768063089237128 1.068334970665009 2.5020896852894046 -0.13510536002132403 -0.7688988509660398 -0.16259551135113118 2.4373833942686596 0.4756729873239477 2
10.493609860282445 4.6390431863709765 2.5540103452863714 -4.5967094880492025 -3.0995189552065745 -3.455424329977246 7.6051565119035605 0.5975604231242542 -0.5730043461252814 1.8041171965265002 -0.7800816979097851 -2.2142882568722726 -1.946289800696049 -3.6069123602879802 -1.4088528107584402 -0.04509858609728669 -2.5826571146905923 4.166164439452385 2.2055241605021605 1.837952151481015 -0.14304523822450874 -3.7575081814148907 -0.9365042128625574 3.781338873587707 0.9672961119363823 -3.176655094988429 1.9052874434501175 -0.29161047052945005 1.9813954188857892 2.7315902350910224 2.382407558402953 3.424813716495068 0.20737971412503334 -2.7587240578266767 -0.2868278018321495 -2.5386167033674605 -0.2706693027420426 0.826478398644558 1.677236387003191 -1.675677699136265 -2.212964934640998 -1.8472861895039085 1.5675307126274793 -1.6403388258959177 4.300890302025288 -2.736396331579603 -0.641587944309951 -0.3113103911768511 1.1311962622424987 -0.5333505612582858 6
7.217242493899654 -1.5172024807075137 3.803859293444392 6.6808489555439525 1.4028365294246952 -0.015264116707535528 1.670659964137506 1.947313444361265 -2.054228214683811 3.04406592701256 -1.3011021330114299 -2.628286372923899 7.665170030177457 -0.35046150261764836 0.7264155065164495 2.344348084095236 -3.935930743665237 3.578316942894866 -0.9114947117463088 -0.6511651682149731 -1.0414888588246747 -0.6128111325483262 -1.1643789895645196 1.6449219334539502 -2.954240303008888 -2.473610487085596 -1.533997640896824 -0.20514799876268944 1.3634532877850185 -1.5976004265633215 -0.04788865524867665 0.9638189280072175 1.275730316166066 0.6311446577321601 3.1028094579625765 -3.140985746556593 -0.9957293623426151 0.8746367455200816 -2.8487840073278083 -1.1385378448067534 0.8369720939256139 -3.1024376530231654 2.0741457775986727 0.5840096496125844 0.6074150292601758 1.4486736348560127 1.4228023409286121 0.9114573076921679 2.393235254664219 -1.4576832920707472 3
-0.23659317146573014 -4.677084588371628 1.6169220672134343 4.229962174231881 5.352906234842887 -5.41412236200511 -3.5581128800747406 2.199859351606567 1.9934250605413337 -0.34488240893574634 -0.35784622968806884 -0.43238532504636723 -0.7181208415220871 -2.592587703331274 -0.8894368092131995 2.2837735562579207 -3.2562107035665653 -1.177138994070497 -1.1845644100868895 0.45562396107131564 0.7360327541093834 2.1481709415059638 -1.7684790795892564 0.1640001895456108 1.4460593776316155 2.41610879355818 1.3666873323646649 -2.520742958510167 -0.835043250989608 -0.5485236509519259 1.777554002741625 -0.9330252535680563 0.21182071467814859 -2.5766621001269168 0.11333861589235109 1.5317701896707367 -0.282802728631508 -1.6356679073044742 -0.595658647353441 -0.20789559854565556 1.2498461019864888 -1.0026060736262092 0.5089764316603981 1.9230825963391966 -0.20607692711822334 -1.492408194335962 -1.7109267676221895 -1.693446434721587 0.1292345169786367 -0.7789219530832071 5
-2.0246970722596442 -4.970884963386928 -2.904003269386248 0.7048891990422256 -4.563944431487106 8.261963591650897 -0.6734024918940709 -0.8370984748880883 -3.700719385109306 3.295032727005211 -5.7172735316780114 -5.49138673367638 -0.18775535165229637 7.497864182318682 -6.211914882649906 -2.736171341355829 0.601465989615946 -1.2960003220032552 -8.027004651201212 1.1125986949267586 -1.3391254476573167 -3.5543627217686944 -6.3958558111650055 0.059230222921607345 -2.535724261363375 -7.217850825995077 4.714522635200773 2.27488800930438 2.9732402555487862 -2.521314148959649 2.121506877248585 4.555930506306162 -1.655347636684787 5.618934767391415 2.607831480537213 6.711265563632851 1.3056781046983392 2.0030948766280976 -0.2537511705450892 -3.5555443245069536 -1.9443430107432995 -2.112293872019268 -0.8340424518952094 3.07268947008436 -1.0211445751240116 -2.9733009292778236 -2.181849969320821 3.126007654381885 -0.3363836304166793 -1.6896852332958245 7
-3.2022099390724237 -2.2094042498620317 3.051004141674804 -7.032828362579389 4.225850986696573 -3.474660387158894 -3.600243225487123 1.1525333049469562 1.916785913898585 -1.5554627453486847 -2.5183640295319285 0.6698684611268503 -1.2782003026671174 3.854501151599851 -2.3921573182993487 1.1817743054803513 0.9993422270888044 -3.0278999223884275 -2.1125560687245617 -0.20695547267091896 1.6790351740095895 2.3673121909407486 -2.857286004217495 -0.12553939749128173 3.098718189703926 1.203186610317883 -2.64822968789605 2.1717521336196413 2.111363405431905 1.5614739521837098 -0.3916801518424981 -1.388966867611757 -0.9700041859797105 1.03224009116677 3.3252184882629687 0.8533435424913267 -3.745258940460684 0.4398986935932772 -1.311709321732282 1.7654568743974495 -1.05206369517834 0.4317503515146069 0.1496537193612109 -1.6991270050463938 1.268414488969785 1.5227206088209069 -0.2865194312616949 0.991473983150203 -0.2757709600645882 -0.23419853191483025 6
-1.8571382519166793 -6.433242083698922 1.5280791400709872 0.7436592000299888 -0.40811492491360507 0.11311133417241634 2.831616864113432 -0.8804764754746903 2.575480788999031 -2.8248032308621807 0.029450543719948638 -3.1586658562708836 -3.887477001083998 2.963134974836403 4.809998398561842 -0.7511414720948821 4.574251855576261 0.6726113699500302 -4.623798123728743 -6.775821412733648 1.1384115578937395 5.014602425966262 0.32707399964023914 5.32684869045267 3.5630423791122574 3.2223027668787467 3.5515843430415814 -1.175754557996792 -1.7572968592019544 -4.37347080720928 4.873746587969023 0.5316002894117305 0.9795423339723697 -1.6895030777509263 4.138788509191681 -1.9148153877110967 3.0491267264799844 -3.5939460525759452 -1.6963699890343005 -1.2127473360759953 5.657553317238207 -0.6824809989545864 3.5177347608814182 2.3042921371735505 2.059549109915074 -0.22578891795263212 -0.1478173151952604 0.5375944573778643 -5.9168769016701885 -0.3285489874034359 8
-4.313056475791756 9.278047067061694 -0.12608809239442936 -0.8845223078248327 -2.4536846526403138 2.6540221321541533 -3.264898042007686 0.13985381121165313 -0.21545395820487095 0.6155750299399824 -0.8965056570369567 0.37210431757736295 -0.19229424961422653 3.024164032404365 -4.7535090591945774 -4.156062629714877 1.0326530284530353 -1.935193518763822 3.2753625297034517 0.7878777191291225 -0.9616205743017415 4.527784605099891 3.667444349193388 -0.5143039121195462 1.5488586388570054 -2.524173428712536 0.7622239966484308 0.2574589543154725 0.25289386464763874 -2.973582564465754 1.9358262194133407 -0.39772891056424226 4.695268877539622 -2.2570533137563205 1.5754659477454331 0.818527779053027 -1.6721039011934813 -2.7707363391824167 2.9954431457362176 0.8925825539981369 -2.101265791226973 -2.62449004322619 -0.6164937238978332 1.57057457380945 0.4986947058860948 -0.7173862689245968 1.2522306920834898 -0.11330229324453098 1.3574645961217573 -1.6074389719725022 3
-5.390966933089603 -4.701148542387815 -2.046870304577997 0.8072020033538582 -4.52464343805085 5.940892475384971 -0.6221454018519339 -0.45120408181326477 1.2561672960328583 3.8618253865863372 -7.976859398979094 -8.834127083016575 2.6003959987232674 7.923879906690338 -8.525504948836842 -3.4881406079169874 -1.529812513161628 -0.13699199290424044 -10.114569868094662 2.536153625344052 0.7719004560770161 -6.319968316430479 -18.296016390624025 -1.080376493840983 -5.485712145713618 -12.542425100743605 11.213793483805038 -1.5903687832491191 10.06917030282473 -4.034437122099625 4.805737278477186 14.553453383205087 -8.464450789064765 14.440476753079288 7.17736247311219 22.257565725924895 6.1782780903233 1.4537378813601074 6.552640886173622 -7.0250024136117535 -10.855042893878824 -2.6287917880138516 -11.444586891348987 21.77590613360994 -0.8070387554732543 -12.250346328194839 -7.598532850133227 7.773600174949404 -3.4216841343656275 -13.167224142010031 9
-4.813103512535087 2.117535536509754 1.6964301254248002 2.1100566937494016 -0.40192334757888354 -5.307788472012056 0.4651362152701275 -2.4843282090502132 -2.441966579394827 2.088889776451078 -0.3980883498051177 1.3718686053002056 -3.0483395385092984 1.8713241954423478 0.6754690036508019 -0.22480982679061468 1.3138613335928335 -1.1249257697355701 -1.5624820650875944 -0.04618733913871912 1.696477829827782 -0.5345053746810896 0.426255428298939 -1.4525185919161758 0.4084244130820682 1.4408948898511726 1.9865075128574192 0.9576590494264833 0.21954303826811836 0.8527508454926513 -0.07417391726242321 0.2608128109429356 0.3145006669174401 0.4373863793680184 -3.0038610542714297 -0.3368758773729682 -0.26614966278759983 0.20812016164669941 -1.104463669156374 0.58579558093883 -0.5884682712932245 -0.15232918301789955 -0.8357332227068958 -0.8874432524697288 0.8128760415466428 -0.5824179591033837 -0.5868225311774785 1.2823258806294642 0.36382201671800823 0.2183131366196409 5
-3.903801579077671 -8.387169068836254 2.745795128584042 0.7050084243046504 -2.1696250490306026 2.6069259248943006 -3.5604507008566912 -1.3045435329935633 2.7444548013997943 -0.5568027391722908 0.9477187006074395 0.3659696553299719 -1.6623232942113488 0.2639442884256049 -1.2900015067220536 4.754130372290636 -1.9327200979936494 -1.7654130413356273 1.0321625827544367 1.1763277478839937 -1.1548831880774637 0.3687382367685824 1.488532950499197 1.5531878015489025 -1.4697569215604704 0.39249984312849745 1.8673290856844234 -2.016267894769312 1.79142167288098 -2.9206867372393215 0.9820734075708238 -1.2836228770443214 0.7700158432353938 -1.626198250519705 3.6071443964933323 -1.550010753805865 -0.8164953924725313 0.8455476638413745 0.9750394585690969 -0.8189647805897938 2.7244423296719713 -0.6315255778186157 -0.1601528129192182 0.8718061650017362 0.19290531200630442 -1.5988111583981395 -0.05736905307724484 -2.374537932739705 -0.8510381478509087 1.802533487135461 8
9.116310977227188 -0.38385376587439507 9.234719517644741 9.138210238417559 1.5152035912212047 -0.5178500877579468 -0.4013670655839838 1.23946747972505 -1.950792299466038 7.4731805657576 0.2062928239671216 -1.1674850415279423 0.6534792112684925 0.09145686214441685 0.5256524869097406 3.927936137828817 -2.9217384810543714 -2.1493868855261455 3.121597370996197 2.593426727746708 -1.235875264175776 1.3786052955541348 0.0469303904033278 0.7309875000380399 -0.3243368292554408 1.8490020384891421 0.67465950789203 1.2808938002507373 3.6147541025156196 0.09596762367526042 -1.4906457146469874 -2.4519174089518723 -2.192350039566048 -0.9498467257391201 4.25886282794742 -0.7871821069136458 -0.7945286222592105 -1.672720206721571 -1.8690728255723226 -1.0631076789352616 0.5494699242154559 -1.1020869379856704 -0.15106870935746528 0.39292384475169345 -1.4497999374606931 0.20497878315379472 2.0865559160038147 0.07930226520459631 -1.0758635508209802 2.9830405773871536 5
-2.4565786358377064 0.4906330666997226 -10.675310021454415 -0.22465448214987693 -3.4210428808806204 3.7056493639111396 3.984384423940374 6.6869376634996796 -1.7333632646199078 1.624103114422802 -4.8964985567635155 1.138867080202827 0.627362670984849 -3.20833700922511 1.0136027203861364 -1.1909902647295922 -1.7477787222285033 -3.1336249550809123 1.861411799679209 1.0623211218723905 2.7879523310668595 -0.24899995263368696 0.3249283950118648 2.782896057627609 0.09718982440623514 0.7792934008464187 -1.3289595090938788 -1.9458622273480928 -1.4310811621279413 1.4550528481234057 1.5569929957018565 -2.5857100543078952 -0.34590219866095745 -1.0729275041031854 -2.3163453594943295 -1.2981276706308735 -1.161495015410175 1.7368202595434186 1.1538818684259418 -1.046657625159658 0.6099898421493284 0.6736352289366151 1.1604838875888301 -2.0672929313493875 0.22906301992351444 0.16503527987124947 -0.18785105988503759 1.0118199891372026 -1.4904122564649558 0.8800831980345359 7
7.309164205220795 4.6691558696099635 -1.2978906462221476 -9.767086137031622 -7.215411274607058 -1.6984580295880713 6.903300809480206 -4.4288804394681405 -3.0794271104044877 -0.7055854248082915 2.8364379716077317 -3.653514692594936 2.244707347393712 4.717427191444609 -1.5501650618145633 3.8218543402334566 -2.3292312447677372 -6.300065541152531 -1.1571824690998709 -6.137162685417391 2.2119981483725306 7.898233232677251 4.384245606769526 1.465832169999622 -1.925063343935527 2.688326563857456 7.931096967062982 -0.7883322700184273 -7.117261016328876 4.367513230101779 -2.1546766243988373 -2.3685999679558294 -1.0824198751144951 0.9502909621491502 5.673152001376285 3.1704706208284352 3.8848042929294104 2.238922213028574 2.3855018440875146 -0.08131941575502935 4.212747977094763 -0.4039489788653096 -6.215321523451457 -4.602831475825517 0.36983133943500907 1.7292957856622284 1.4967446173828136 -0.6419342794428379 3.0121235389163683 -3.332519170399336 6
-6.468538347970073 -3.2563081026218765 3.7920080508025564 0.3626506586828024 -5.1192433914380855 4.106620469188233 -1.9386115091708316 -4.679486764455993 -1.5265625402257763 -2.539415683585373 -1.5057668157343227 -4.89032781932348 0.8803861564546128 -3.2281822524999124 -1.905499767127023 1.3528680527045516 0.16398786517985833 2.4913385956277225 -1.7521304351748561 -0.8090233672338147 -2.081815699003419 -0.0720067762752893 -2.170464322722845 -2.512355524467315 1.0508061767309946 -0.521823058806152 -0.6003048796935392 -0.02460809217964686 0.37321919784895835 0.16568567642047619 -0.33344752102847997 -0.7543894869413139 -0.08926023868443585 -1.0472013224973287 0.20898491630540827 1.1659159674424135 0.3839092170025969 0.3175781238481001 0.19118792237439414 1.645318227385591 -0.15359619826947035 -1.4872162037999994 0.3179439097016964 0.24101456609951805 -0.24324800516815342 1.2780088616021512 0.14973314059527904 0.6652545235444581 0.22918144889213954 0.3093781109943626 1
-6.38554833870532 -3.0330304704315796 3.444138593992206 0.7048473628788026 -5.154376591981795 2.951660612090229 -2.6877982738190265 -4.387249317207585 -0.25000245751383987 -1.9343647781386157 -0.3917164498091566 -4.457735928881392 0.8965915781954665 -3.768476871545403 -0.20723912622726368 2.0455151712631174 0.36667235480546556 2.3603764743821705 -1.0465245258426192 -1.6383870609505018 -0.921928064737899 -1.0927665925014738 -1.562072972791342 -1.555424419449096 1.9291249896190255 -0.43094990404958383 -0.7367299853917416 -2.2593198643992736 -0.6868702671557344 0.26170233971724494 1.0957478312385764 -1.159708745232026 0.154767102779453 -0.8278593727178266 -1.1512392654403607 0.880316793938572 -0.6157019277349863 0.980055803730502 1.4850122982406766 1.3111635661040586 -1.3212276771611609 -0.13635079357008537 0.6661289981293964 -0.5783206597008519 -0.031083795948866906 1.2379271881679719 1.4699277775648847 -0.6789717204897973 -0.5073342475667635 -0.3761916980289808 1
-2.7679036444609473 -7.735353773720716 -5.425236337703995 4.4723015042623695 -1.9620548538029052 9.618858692876234 1.3008775951299025 -3.244862798046628 1.8958429929224605 4.55487989974164 -2.341914435011872 -6.683524388606692 4.136581838321168 10.05324110486072 -5.338966616595218 0.540374209934073 -4.506865101116889 0.11917097394132593 -10.083384946380308 1.2597128232190622 -3.9781530444610897 -4.455053674083795 -7.3499589511394925 1.332717842215864 -7.135500202504977 -11.256693917603823 1.6385916556102729 5.282893770570374 3.313337425361366 0.05521563876851778 6.2480127244611126 9.498224206205125 -1.6995569025302704 9.739302918398817 0.6768619318707969 9.344295294229362 -0.9966163647537176 0.3012858553097658 5.16110603656948 -8.900546105996009 -2.585966396531656 -0.0370889452743099 -1.5294107467848774 -1.6793480260936253 -4.660264132265436 -6.950035407051646 -1.6290285987679005 0.6038048513754646 -6.195468475513835 -2.645881408741931 3
-7.1653904812991405 -2.3568777002588326 4.513286174518949 -1.2891465729420084 -6.3753253039366795 -2.0026787693577544 -2.262912220454376 -1.2982558331353362 0.5500231307427954 -2.1883706484505434 -2.1524999170459607 -0.9839306342350747 1.081275997891201 -2.270543581418896 -0.7961571465657067 -0.2911482400733718 0.6251616023965559 -0.8595371003531695 0.08800989954465897 -0.3409566744512082 -1.2629689903663117 -1.717995215888741 -0.06167911603581108 0.5463148208606006 0.02763388261847585 1.3477754130299862 -2.2594462121550376 0.13408410064220994 -1.2176631667401878 1.2898148804466711 -0.34892642899440063 0.008750763769479376 -0.8135008529133548 -1.0102059560409615 -0.9758508178092405 1.059653202508377 1.6980304731909064 1.7386398832102572 -0.7611703868560709 -0.8297449171576251 -0.2401841146704319 0.1718419586356333 1.1861228495747678 -0.14698345616962832 0.3990936714830832 -1.0588036974127912 -0.48540380602760613 1.031901423013432 1.074189092654668 -0.517935901877762 1
-4.899207327220882 -4.491334968899259 -3.3925413536367475 1.9318790450331143 -6.3336168148738645 9.349821009486812 0.8424360510926403 -1.65756785013332 -1.425157568721837 1.5957905078307588 -7.496558233608597 -11.322109207137792 1.653923870550679 6.4920399986670025 -8.525129251346108 -5.050664904894709 -1.2611394440192174 1.7306418660412761 -8.384679709937142 3.6048858112086544 -1.897579109659721 -5.249925785259051 -16.80656436421328 -2.4339003290400956 -3.5051833910011543 -11.771220093159563 8.817443793715583 -2.56480736775746 6.413667831544091 -3.8218075887277347 3.5341367502815952 11.663415746747964 -9.95713220088514 9.371662999580934 6.252895149703982 15.396249074660785 3.5481095524926696 -1.389059777729011 7.306332109277784 -3.47260719097274 -8.510020338828197 -0.7671623439109948 -7.877270938761644 14.679918051082675 0.40068481305375914 -5.304480964259588 -5.534335966100158 2.424563503233383 -2.711703027899869 -8.787399310811224 7
0.5155203640670255 3.6630203813781756 -4.7356565869426674 6.86051067436068 1.7676625134455712 -2.5997715585617076 3.6315607562566297 -1.9594306025547266 0.007418625094005469 -0.09187275778846316 1.5194352477448843 -1.713311773325602 -0.804311090469526 0.5055597533027578 2.9929788921335487 -2.617913680219451 0.3638004763406152 -2.8181208990928677 0.855729967929472 0.19566201814854864 -0.35020116658360717 -0.324683474052312 -1.095370421430538 0.38112998551110233 1.6013283233349296 1.431246560132909 -0.9575597416907977 -0.000272576622126227 -1.1124663392633798 0.6723371846495787 0.928694571072314 1.297824864632201 -3.153704860665906 -0.8300973079146057 -2.7021527166810224 -0.4097914327190036 -1.9983660336397122 0.7746424553638869 1.248752184964204 -0.023139756436503907 -2.494434448360085 1.5648784685353794 -0.04655246931744573 -0.8318040466062111 -0.33085400125699377 0.5973279570722528 1.781363006618227 0.7852318364795093 -0.08932992740861118 -0.19286807119948926 5
-2.9329375471483314 -5.92091892469389 -1.9638734485687939 -2.1289684775652926 -3.819936884854655 -0.1298508613281979 -1.0430828850753178 1.2982092697230523 5.163252680077304 4.039932292649265 2.518001121542512 -2.9615839869889062 -2.647995185433325 -0.7234748807000554 3.5253469367632304 -5.641398133531345 0.36029028968449234 1.6403167051577434 1.8836379111236115 -5.548416720432284 3.024373119744104 0.9362749790984785 -1.371374230838743 1.6842116946453762 2.6713900784480193 -1.9321895260581232 -0.9961649507474231 1.5854255130592925 0.9453495894411527 -2.3636157959742197 -1.410972836068154 2.6131715971605267 0.9524225936817845 0.3107996657829333 -3.66388625742115 -1.376951039002187 -2.262116103879313 -0.4929512570257301 0.015422670604667413 -1.407737662160834 -0.9905133324821512 0.3871231444919513 -0.7228450031902675 1.2268612467922606 -1.7515326788629368 0.913318247742736 1.2730580700952467 -0.27780007181223515 -0.3161207974410061 0.37954597891497305 5
-3.3808463359554315 -0.8870875404984652 2.4670521334108364 0.876613151902567 0.5475124584502945 -5.088562359932964 0.18886462394979134 3.539926441044476 -2.4795211654041736 1.8989919728543105 -0.5448441149403007 0.4217535661027364 -1.1227543167581269 -0.3365101389884605 2.0436784201222076 -1.1824503926652452 -2.310640553071768 -1.461590353759333 -1.1138151921679267 -0.6340760014897051 0.8713233178684558 2.0408465811096406 0.30929633553065883 -1.1849492752664177 -0.37138997825768283 -0.37801251289347365 1.4286716204911212 -1.362301174201798 -1.819834092206069 -0.7083633585728454 0.7251407384732698 0.5383269996805341 1.75057604563134 -0.6229149811896532 -1.2185828951641764 1.2829472654909702 0.07610048655239737 0.04488228019260596 -1.152583901289675 0.49747767064606974 0.499857267820819 -1.7128537884361703 0.2219950137037805 0.387787973986012 0.7208320652889291 -1.3750282885031428 -2.506397029721488 -0.8719276486270365 0.47387485824322884 0.18352553634360197 5
10.22516220507299 -8.627091651946808 -0.2778538991434259 -3.052416966904788 -0.9812292405103646 5.276217399720125 -4.1858202596246 -2.555539599848996 -1.6148863511690832 0.4870060501488323 2.09647583904352 1.4485188097871669 -0.4382851911517811 5.705813446738303 -0.5451357702305419 -3.908130243663601 7.092871655208114 -1.0215305637267833 -0.5053905325905481 -2.3293927976428814 -0.08161384439667208 -3.727237708015272 5.247905450885968 -3.1062837760702786 1.2712065184602837 3.2164968427766256 1.1329632753161536 2.6099693422083456 1.2392855565152856 -1.3431114710686873 -0.8334728985772761 -2.0684104439439346 -2.4437818286892363 1.5423719408569319 -2.058311831809534 -0.9377584633306304 2.2574708127495553 1.8295231699070138 -1.5613522094299594 -0.7015801958018264 -3.516375931967816 1.2328504242938332 -1.310077263778841 0.01967844536907786 0.974086158548877 -1.540974019458554 -1.019964775208957 -0.41575398906534144 0.20803135217689672 1.022846214526782 2
4.230019488355604 9.102375084921364 1.2031255149702604 3.034001336951801 -2.652290922867815 1.3040649478109136 -2.946405655342645 -6.597651105217101 5.252841924837728 2.631210639786641 -0.4613847293282203 3.3490898141875345 -4.19786255677462 1.5142808603300901 0.11014413729894004 3.6125540124797997 -2.5150355785178133 -4.900554569224964 5.738667227043028 3.151318703101899 0.8553054434523888 -1.4969164571677622 -1.8517048019749147 0.8035829624465148 -0.09732400318646965 -1.2150460415612045 -2.376914042843697 1.9158979923583497 0.8678934374600008 1.382679412090846 -1.0959842722015973 -0.5968364740909968 1.4860175563248768 0.9789716241382715 1.0717521451369227 1.042655398873515 4.672537756038637 1.4388994179663852 -1.056085533404642 -0.9344185115556801 -0.23564947431076622 0.3057677841863882 0.47979946806563417 0.8833906693970367 1.8766594830299015 -1.5502556543477621 2.5646363228272 -1.9146950074857454 -2.8904519659477854 1.7781383754352713 5
0.6049846256130178 -7.4668262717629865 0.8948231448716464 0.7967901354507555 2.14638711344993 -0.6969609906774596 -1.1507726807899354 -0.16552181141952407 -0.20955398642265655 -1.395813469533154 0.9669955234692473 1.2250921216902293 -2.6931454287101135 4.687590749209152 -0.5133333489071377 4.8623009800922565 -0.4056415495013583 -1.4950579145616845 -0.717994342856416 1.9021251876100784 -2.3314034598923623 2.722200429726355 -0.12064210342688682 0.6683779698940253 -1.5267443422681852 1.5117387379977871 1.8759490927017632 -0.4216638628189025 0.4201240085607982 -1.6507088846592133 -0.5383992806614859 -1.6462329114463028 0.6805167673772352 -3.42526879830417 -0.02458960197177817 2.348023628832796 -0.4128752647919047 -0.5948239123907594 -0.4480364352453266 0.25855084459364963 1.1284861352635709 -1.726048637233808 -1.1080975833071303 0.33244510279428596 0.9997373561456927 -0.7466228857421989 -2.15522956802813 1.0512946777115184 0.17212026592277002 1.2200848102650361 8
-5.263159784932149 4.0593549498174895 -1.0046303650268085 -3.4027988093351302 -3.8245317640238174 2.294749829224492 0.5394308735561745 1.562549730845672 0.4277992689396088 -1.4553695713002202 -0.38890331848324167 -0.9092253517353436 1.5063851659456824 1.8025251326702034 -1.5776313633899337 2.888320370710111 -1.686820397028662 0.5985502548458086 3.322082564973662 -0.9878094412685362 0.23435991731396344 0.8365203721368897 -0.2900214498688833 -0.4575375260243265 -0.01007672508492512 0.9597597707174845 -2.165932505453491 -0.7998637692910846 0.2881165447060528 -1.012183683867978 -0.7208403056461387 -0.8885295618131308 -0.7789270078281761 0.6903936751935303 1.5696838093514607 -1.4975375415774228 0.19462077307381137 -2.9803362045146664 -0.8559935969437908 -1.8416020043109116 -0.00357998878901414 0.29987105367468847 -0.9656586326805588 1.2411099381330641 -1.821099364102307 -1.9554513189595353 -0.6827222486242404 -0.6751536599444729 0.3555320641195716 -0.03494887207739742 7
14.850014968559947 -11.710356041573206 -7.810042110501377 -0.6015125243241323 -3.1531817860237346 -0.8387534400500266 -2.9959535937015427 4.660278163806846 0.631898291453194 0.6426915993749793 2.3253829468468825 1.8106126015215704 3.2557987347654485 -1.2471511246948357 -1.102710657378155 -5.369944886687176 2.2533644324492594 2.6323576380337306 -0.39547010320144643 -0.5155142960009846 -1.7314590737189302 -1.4269793619118172 1.6547188836930256 -1.7909112379294172 -1.4468111334182416 1.4444940581802455 0.09094157295002125 2.0858768419827025 1.137483832513321 0.044426081363396104 -1.336179315808788 -1.570596558679602 1.7396218991719883 -1.3282508651839253 -2.6406694166223335 1.9817687914512316 2.444935697473775 -0.7550867631910629 -1.436087456877788 -0.723039822867055 -3.4590682877539574 -0.08524697893903269 -0.5366529561476429 0.05294945972859132 -0.29794216624564895 0.4810036164632123 1.7852204687976698 0.7982064593921366 1.098998146548768 0.3078276224876059 0
-2.2814566318258804 5.895913939466956 -4.407227347327962 1.6251839811901743 8.556167350310321 -0.8370658222451747 -0.3069764127580701 -5.191821615920903 -2.128006294398142 -0.273692075981475 4.049745390903965 -1.0754647160960682 0.09563054270116515 0.27299967558028926 -1.5926967921159891 -2.184215450493261 1.4662373981432768 1.161452283074476 -1.6930865790958092 0.7964474055801296 0.5583931225410614 0.22056674575479837 -1.8968530272600224 -1.5356728730432352 -1.274479874764078 1.9711272259120904 0.060793414901893855 0.9387102277458708 -0.3947908699195476 0.015174289832592077 -1.668750304635601 1.8995883740750605 0.29759829772444374 -0.5702412525669877 -0.4886416572827649 -1.6831222537470065 2.010765323779583 1.1090685757572403 -2.501177898152129 -1.3464647811340036 -0.3659577299086276 0.01628563504641525 1.202165828428277 -0.9858714263421041 0.6242861584376613 -0.7199531886601488 -0.2725164192949063 0.5382001413907834 1.0322942203218655 -0.4368544722067113 9
0.709303385635003 -3.870434112338872 -13.411849304785077 1.768027759609503 -4.815026099847615 3.485061099565391 6.165810367416034 6.6398725935658005 3.601352510170302 4.667790842529163 -10.18379654968387 -3.8871295727869923 4.183240358264962 0.2338255408256 -1.9140623923229425 -8.058772508729463 -1.2998111669662278 -3.803973237788114 -0.12104883617921362 3.6245740638315374 3.7981771849945605 -2.7169796295089688 -7.849908275608207 -0.5785275259740551 -4.122980524531348 1.620316782793169 1.9567466845073966 -6.882443842243264 -0.27218375210013834 -0.26073210720159157 -0.4693858124077097 3.7033789373793473 -5.521034079401604 -2.3625748198068717 -2.3847294635312077 -0.6752926792333718 1.659086772400869 -2.3398078877884494 4.513147321807961 3.427378121738916 -2.586646775219775 3.6390164477627507 -1.129385814563382 1.1890792293312051 4.297872174233917 3.364761496630396 -1.1501013996635374 -3.332524385360048 -1.8081659102271068 0.44418065695670833 7
-3.4206057966680787 6.999712044790381 -9.146296039716411 2.3732453196793055 -0.27750048176859377 4.281635577712115 3.8310447675117953 9.990612842928234 -3.714247269528349 -1.3661734955266684 1.7828445097874384 3.0428189641823953 -2.8532053532829296 0.9601087959307385 -1.5454809042030186 2.251810756435853 -0.616496392172729 -2.5276175035335435 2.1804838712600496 -3.673927680009798 -1.9003299785584498 0.2215755814418156 1.8026396105177875 -1.2522658460854967 3.6924079818676305 -0.8985207486684783 -1.6102885476444624 1.2880631222230694 0.9627486200174681 -0.7894985031657583 1.072091565215413 0.0258920259614473 0.2534582688503333 0.5882920695558499 1.0777651935477626 1.1615415280773802 1.649347744683267 0.6253179533077315 1.3897056312104175 -1.3244428907934669 -1.241101192877307 -0.17003464918577446 0.0973564987453529 1.0886459061071023 -0.5514946020531134 -1.4505448885719627 -0.016948507631768382 -0.044620029509118836 1.4194371246947033 -1.1947329909336413 7
-4.781507934880078 -4.071344062238451 -0.491157856022264 -1.6832334902661643 -5.475396835804565 -0.1396531328808315 -2.301077649073437 0.565614198822549 2.1339798916678885 3.1483434198817295 1.2737538012043252 -1.5847193138401086 -0.05870873568899976 0.24081676582431674 1.2595840129612554 -3.561849819142187 0.7770971817829563 2.0772021508928242 1.8015045702065993 -3.4548252571223563 2.9804812468169644 0.005387851900943862 -1.3227338954734837 0.9809302587611664 1.6381291318816895 -0.1649667933204136 1.1946109182779894 -0.1708854987782815 1.1890956476483059 -1.997222165044841 -0.8954573278854134 -1.1240540083755513 0.382323846283071 0.9081095207786798 -3.4396798387818617 0.19752193641651195 -1.4199367876217173 -0.19188266326919307 -0.5100944928085095 -0.3047027959072256 -1.0456739942148867 1.3371258477337822 -0.7259995184125733 0.6795927562191523 -0.31056092033615235 0.45620559723201703 1.0535887451275503 0.6112119990860809 0.31370171379044964 0.3062191210447746 5
13.525734321251033 1.2771663163623763 2.611818672094049 2.117249399182687 -4.09906599101168 -5.856965330199403 1.1472511407308552 -3.2772350685497487 -7.294343678970739 -0.6141478308984679 -2.9611180087677735 0.9231396233770428 -2.976079853799783 -3.9139242176048525 -0.758475169366898 2.1284407125595477 -0.547990085318584 -1.1965539808249426 2.597293358205725 -1.1595969826400823 -2.3450729174617684 0.13385191387321962 -0.3979603991666036 2.550905479794961 -1.9953022765393702 -0.3681834570754134 -0.5591378787151283 -0.7813757477485942 0.017450574835917842 -2.9796835653153915 -1.0442903834340271 1.7804133967573705 -2.547585390716237 -0.29557768571314724 0.7258724359149012 -2.1096999271756376 -3.1250165353031245 -1.6453910597725028 1.555508115584085 -0.28557697521621384 1.2906947963628579 0.8200916356756949 -0.8902161555447907 -0.16929435189089398 1.283801261007289 -0.1718973372918847 -0.2372675108932232 0.8839839505627605 -0.26609969024224106 -0.435924232365897 0
-4.7240515394305165 -2.7733786551682176 -6.483793052596247 -0.5321753435257974 -0.6977983708202402 5.69024786554297 3.7204560677965874 2.1498751977093016 2.75955620675935 2.5297466105015847 -7.508083725026891 -3.7523773099847886 3.7597761150258537 0.0017159401161976734 -4.022827495183599 -4.077497796284974 -1.3122657445573582 0.38990285772951083 -1.1773903134089414 2.5936893805939527 4.46468533866263 -0.8732738865207424 -7.490436132422004 -1.9353826428325784 -4.0763758542105375 0.995358474037678 3.251289392882256 -3.4590761986098917 3.297109302415856 -0.2741957371357109 -2.1988790343559486 5.235772850684064 -3.217001587574508 0.4881565447684861 1.362336258118965 -0.9695836016924031 4.916127804997386 -1.6041209557910037 0.28118724633500486 1.6223594240905657 -2.151165598893371 1.2258949202492118 -2.3669847040087673 3.21991682522803 2.7706102238288572 0.7904151987215337 0.655639559532875 -1.2991276788939217 1.1177430035743545 -0.46942818366260153 9
22.500485851474306 6.5963839096476855 2.7957709662954686 -0.17884303618954986 -9.077481265999753 -1.9210916857310898 8.05471257907396 -3.9026291669413453 -2.862059847584929 -3.7807268457197303 1.605963462936574 2.4349219252363117 -4.075717954824371 -2.6073871363245 0.26905518660095634 0.7783738459267606 -3.3922979661465154 -0.01303302885554733 0.18659950359480024 1.551809979908607 5.470483216572946 -1.902283870726321 -1.4194309992582328 2.7818119093971307 -3.6224811363054337 -3.7164497033206545 -1.3803828634751785 -1.9445783917878845 -0.6833865716862079 0.5266489848446011 0.4564080063664854 3.7827440947991327 0.029882907226250217 -0.2673528439132639 -3.008171944828245 -0.06589102623957242 0.2926380813559959 1.4293846913407169 -1.7302086838259891 0.2457808726613242 0.0032953635346736542 -2.000195366797911 1.7151932411458677 0.18618799581671722 1.1191641128397916 -0.9596054207929123 -1.7746665569199735 1.6058027733000582 1.295923885023034 -0.37775927063565595 0
2.270936818608225 -5.881363827922297 -3.8340045645765106 -3.790861620400143 -0.6019939613590455 1.5206597230376802 -3.3338335955958254 4.071832368662853 2.2111190458152086 2.488950327424747 -0.7204571621802167 -0.14935502909397633 -0.8194531191474858 -4.62149294090454 -0.9948146989031956 -2.6332167747949247 -0.06736438533448716 -0.9212328732003169 -0.6226718525506335 -2.677305833843789 3.4877253947982774 -3.909308527491089 1.1975076639914641 0.08884680076197934 -1.0832788686867387 -1.6086656618560975 2.5152614204782453 -0.22218267714132475 -0.6460726379953915 -1.6838342970867732 -2.097139625138668 -0.16651405629506663 3.1241827759301595 0.7044002596570084 -2.7536061191719368 1.406390274123957 1.0472465164783524 2.5949544253539316 1.0715228119561615 -0.22444744830609964 -0.8959496715702785 2.4508671646271494 -0.06816425761725083 -0.17760935714742132 0.46243316968962395 -2.058817462128277 2.7943030482280573 -0.8524940599414186 1.1559158421424618 0.1058036684958003 0
6.526346377975639 10.063373184730825 1.7859717893696523 -0.6873299114661382 0.4575490409952244 4.768361577845523 -2.709248624570284 3.4586877412557056 10.392134828983167 -8.343568021886249 1.4758811121712323 1.619737449742558 -1.2584615284052805 4.756890337811821 4.941888162488529 2.977511500499502 -5.572707424755389 0.8649833246303757 -0.41706572569498457 4.623164478116976 0.48367601118704284 -2.9386106162306835 -4.347432293561584 2.3860415715461296 -1.7369966333282894 2.657590659071495 -4.177792193518605 3.6864438631830367 2.0802446738897467 2.3994725137840027 0.618531760839192 -2.277370822042434 -3.091413114618325 -2.6602412748659217 -4.474093000563326 -2.3970628274448282 5.0912881602162905 -0.192816699017585 1.3503116477325448 -0.334418158831394 2.893916693080195 0.5687116154979139 -1.4864934290123573 2.1373864615027895 -1.4638024781919186 1.2857452366920403 -1.2506499762014414 -0.46296769695504886 -2.495952012036155 -3.298353953892237 8
-5.357060548826286 -4.103065291383118 -1.8307655614484883 -0.1279347443513472 -0.35483038269776773 6.29647749354366 0.42965348356731864 -1.5967180726048817 2.7873716341155896 0.23601382780685534 -2.414030836873496 -3.5429222635475304 2.332339114354657 -1.390089630648319 -2.045850618905458 0.4509783864753822 -0.16033802976510883 2.365108656984486 -2.008028208397669 -0.5611659221565942 3.0883428360951597 -0.6434710362313995 -2.3117592286843043 -0.9912784510445238 -0.8182645496041916 -1.281536233396965 1.8337568281551029 -1.8354656008461936 2.3724830845478104 1.3117439031724492 -0.8234516855148467 -0.586674597377258 0.13266552724713934 0.5599283186950647 1.1953454370196945 -0.2480991979685274 0.6647302929589656 -0.031106308921810977 -0.6426342182034218 0.0013495273277095898 0.12516089064502087 -1.7289113982124644 -0.4996016022734062 0.831723890650712 -0.7377079915065178 1.214933449623208 2.839697034723526 1.307778461560945 2.6213313939548923 -0.40783069498087315 9
-0.21487086026594515 3.358192927001075 5.270044557569536 -1.3443689728295454 -2.1563782197386807 5.363292435297888 2.1900144383358007 5.121823786073622 -1.4229652102034174 3.846951052010748 0.15221281935021333 1.3988546035374687 -1.3816352400489873 0.036560374108719575 -5.000856618883129 -0.0871864323731118 4.2325585367240794 -1.1378644155644522 0.8517385102686542 -1.4111984304756477 1.0444237520990294 4.535032093315859 0.18541630318961552 -5.194170964126322 0.3557439483631654 -3.064791007409303 1.0311335351627122 2.3932692178070716 -3.644268353100343 -1.9031045702427518 -1.784194563413451 1.4583324007590737 3.7816863726626018 -1.8547318630952265 -0.07299945467930652 0.3307848840506892 -1.7393520105744495 -0.18947730097860732 -3.0769309250653056 0.9518278036693893 -2.058695044088965 -0.7571383347438186 0.7381457288306241 1.9262977667550354 -0.8201440019945344 -1.2639024545164876 2.588690913597134 0.7942343595374424 -0.31618218329816705 -2.097237584705416 2
-0.5687261098073649 -3.276312197733344 -5.42532524075345 -7.123307718198986 -1.9761901015777432 1.5914264026048497 -0.8792539298601826 -4.517195017949698 4.744029496190642 6.355281026716862 -2.2990403745842607 -2.5981903778239204 -3.3684542017768346 0.3307712842509173 1.9187048511610174 -2.097190255850315 3.143030302796268 1.1806303973390242 1.5239617915877546 -2.7225848571363223 0.9363920295682678 -1.14391521360511 -0.13773864474031 0.9944637697944219 1.7858321767521652 -2.661986294485977 -1.5044760573466844 0.596465077427548 -1.9555104063890494 1.1300265614483234 -2.6443444027139726 -0.14122017101978954 0.36149830131839444 1.4068029572664895 1.0594494414011029 0.17113370092261704 -3.1481461042879726 -2.3204216995580778 -2.854822540779366 1.5741760591674516 1.8213443974600037 -1.026945362558767 -0.3424145279069158 0.8814351339207911 -1.6417384502785004 -0.3058721083835365 -2.733989786036506 0.906494061024884 3.2772412850224577 -1.857015772695611 4
-3.0406836719711756 5.137479153160088 -0.0846289128981763 4.706209614947876 1.1229723007521506 -1.2979801725543714 -0.4697570570788367 -5.552799855388082 1.628573544927461 -4.560512275092131 1.7087076574575395 -1.4678404409593477 2.5932932051115754 -0.033314757783374144 -0.7317555647004306 -2.981239210199502 1.559304922501974 -0.7859831224554407 2.6218911308263095 2.303833362973559 -1.0964650550077393 -1.5179374501457923 -0.05820636251880057 1.5811494292108879 -0.10731222040971435 1.8154562891248929 -1.181188598485488 1.427373553439569 -0.785072933415683 0.30783900703321326 -1.0404868239736467 -0.5286662612588587 0.35514815989141413 -0.28653353139639887 -3.4323557077857103 2.2116834650642367 1.875965636069193 2.798210178395912 0.2526394854568447 -1.205163613207183 -0.3212781876595409 1.6537946072151355 -0.06550384500366757 0.4841656035598444 -1.1973839945952172 0.9353895373515008 2.11523571139058 1.196750553500967 -1.0361385490246373 -0.04410313192519966 8
-4.543256078295739 -4.6497732950025465 0.9165509132610485 0.582239966906452 -4.006390376423627 5.18598952223913 -4.166818932963044 -6.364654707197817 -0.6203212929546644 4.026608765374429 0.4051295044183362 -5.018032546316491 -2.5748086562700836 1.4869357444917537 0.20245833292779497 4.460298640903605 -1.5587638223459297 2.2773920220949484 -0.8053614413317463 -0.17680480604688809 -1.814269567033636 -0.711917238584182 -1.2684987679922979 -1.5536138724086972 1.3622596853089013 -4.363741949042567 -0.14440071248016753 -1.7362332835058174 -0.3615879024099985 -1.6355819764776856 1.9933757708518465 -1.7825087218056008 1.3962444920995802 2.793774984726666 3.579257667625115 1.8598459451565688 -2.00788169899765 1.3313847595823771 0.4225029969039701 -0.36065196688895873 -2.3323842895524547 -0.32518022728511276 0.8927322824872969 -1.6693145191022423 1.4637487798228759 -0.10133375586811738 -1.2877680511338385 -0.7612809159672518 -0.30854574885370684 0.41128233430606076 1
1.2406006632021573 2.3352632569606597 4.06026431140718 -6.628765104867746 4.727110927700639 -2.719504731572326 2.2056757280534645 0.013695164281894172 -1.9012358445795976 5.809391697561985 -1.9006134819282072 -6.729539653732344 4.674234029768857 -0.040045864497466124 3.8556335556515307 2.905130741026155 -2.211790490174925 2.5282918059098995 2.276195511882165 0.4908202915461529 -4.423846611657612 -3.2195094849539387 0.30642578413310645 -1.331375381141114 3.5354943999066992 4.4574238827609705 2.5271353114327644 0.06045495034500421 4.576709456768847 1.9768452058299415 3.2868570419562047 1.9722625151651452 3.4586177825000672 -3.813354755210546 0.45205956989432633 0.1331189335096144 -1.1732427021219072 3.5247879940486584 -1.665741504218221 -1.0300214277470743 -0.6378288360745364 -0.06540021357511375 0.0788710488934225 1.2505524673762427 1.4908460116916198 -1.367093161704516 -1.1104409582720633 -1.4423803049693618 0.9864527458410989 -3.504329541650507 6
-3.842762599857249 -5.648462391668186 2.8375083344603884 -0.03720694436833983 -4.186178224233146 5.248069435659765 -4.319531939786096 -5.647878376941431 -1.3822170955312842 -0.1021909529729589 0.7931083473899283 -3.9972132362115835 -2.688985352795536 -3.2731735141090947 -0.7051930716561825 4.52482951258563 -0.382703876992917 2.2424304896256055 1.1400630628380852 -0.5504100546953791 -1.6009925088910586 0.5933891672282019 -1.521326678577477 -1.392889718390091 2.280403813367633 -1.3667264174188956 1.5492124682466353 -2.443161123390206 -0.6921814896340371 -2.273183165258535 2.2036363150990823 -1.5874699492963684 1.1615820847640916 -0.09237050030745005 1.223792710056285 0.3790999568429996 -1.2477436387626353 0.16092597052089697 0.684724112288316 0.16411918384288568 -2.3841990554672883 -0.07446101086256432 0.449330013193402 0.14798417104908018 -0.6188239625074052 0.6259013499385058 1.5066526205480102 -2.2619552876192914 -0.7320655316113475 0.856331101517951 1
-1.998801717861813 0.12003721306660087 0.28630739207440026 -9.249557447714107 4.220922794902162 -2.686392095915166 -0.055823924903790664 1.0601078185473134 -3.5578406085874072 4.205564154815784 -3.8012485972277803 -1.3904137549009443 -0.7154556054557338 3.9166021726757694 0.6944406711693158 -0.27694979145380827 -1.1689588064990024 2.570926861245182 1.6199685388939324 -0.5828111361240581 -1.0526691815086295 0.2304602809280632 0.2562923066335724 -4.925227101445642 0.49327840890084 -0.4943983562819553 1.3533534896700978 1.0921167717903317 -0.822813371273997 -1.0086455268801213 0.7333792928805782 -3.0365220548693523 2.01358464560716 -1.2738923803872377 -5.535631491843317 -0.8034274722853106 3.1516585998287154 4.089595454797513 2.514113851972762 3.178869206120099 3.0446258998617184 -2.8692684457776347 -2.0435761554681964 1.3669897921638094 -3.2408239079405288 -2.1842751857529814 2.1924867076069727 -0.26764231079350065 -1.9696934573153255 2.0431380041794873 6
-3.997068559860203 -6.129235767322256 -0.9559411592098405 -0.26244017031729955 -3.1301358016921443 0.6610539872539833 0.05228823720101066 3.2975787112874158 6.057101659936326 2.8404826359898694 1.4933870978073813 -3.501839350806297 -1.8050783715626062 -0.9559673438360378 3.6601891092014722 -5.715747665566817 -1.2177851129147834 -0.29521925199862764 3.655473195820036 -3.251702231995387 2.638992221798004 1.1406740795493513 -2.1228262013640413 0.8041163788407377 3.959686288602639 -3.233401601090435 -2.726470963806077 2.026018455975774 -0.3666869152718553 -0.5206272006676161 -3.749131790026645 4.055770322719219 2.4472601200027815 -0.016368461896226476 -3.080661672098398 -0.10148251843695084 -2.8254453584052466 1.4614590840047499 -1.8842721403964597 -0.6611939341472814 2.109672929043623 -2.1099977908655365 -1.1349595995713517 2.004802645857268 -2.777285449261273 1.6474218356328376 1.4085615717204576 -0.3692078678460258 0.6095949831211842 -1.9208140202964088 5
-7.270327278563333 -2.2527340503355426 4.369212526577454 -1.164041595406633 -6.542020917228602 -1.7990485686160884 -2.3206791544818475 -1.9382789237180096 0.10188733045942305 -1.9252647311512427 -2.296270773910226 -1.0546693742155102 0.964312674923583 -2.2374857864674564 -1.1159265539559482 0.04706742195111197 0.6926999008813711 -0.6306044164440358 0.0018548029366740179 -0.08532759413467975 -1.541447400600181 -1.537713954945465 -0.05080450211481453 0.16673229020929634 -0.07483867719480729 1.6512402098424201 -1.9756263309930187 0.16263431351602411 -1.2018185457129789 1.0259337409815033 -0.5202756503232931 0.09699700716274498 -0.6525564285336529 -1.2793792516221971 -0.7107283761625421 0.8624349865513742 1.5837542062729948 1.3824183922850772 -1.0433803369113543 -0.5628126319345967 -0.20284415441749867 0.10937177045062922 0.84595587481702 -0.10883039424096207 0.027781712601693275 -1.0259513341718838 -0.5580713970616983 0.7780647028837948 1.0841506863531234 -0.31975507808581005 1
-0.3230926530505101 -4.931822786208604 -1.5886967028572299 5.203030333920475 4.341587305000284 5.284508473846573 4.166197533251968 -3.6862647391613415 2.6548419047563176 0.569546457300661 -0.9344422268463127 -4.598625435406309 -3.8198675701201257 3.8829421330126612 5.088341914089647 1.6453253131877519 -0.1369826225485586 -2.15612476700046 3.27987237745925 3.4113398723361725 -1.1844776137027622 2.653491343188572 -0.32022690814051263 -4.355798509097791 1.0970113832918382 -0.44445109969318686 -1.2252312484237806 -1.2227825968555013 -3.4372500778009263 0.9489877746875416 -1.3764748414805223 0.8996208932398658 1.846873419835942 1.3434185336727629 0.833738800980426 1.9899692157914781 -1.0312095874732827 0.4538934683730323 -3.1239752115531565 1.486516209747163 -2.1278346193156157 -0.1456938105503137 -0.011927507298780785 -1.7224912412187114 1.3144917074706348 -1.1808431857850417 -2.3805404082219046 0.8173782580735348 2.2431633376059152 -0.7727089841646114 8
-5.925028323705248 0.1560070870594978 -0.8009442356653391 2.80098512441383 -1.8701027226135432 -1.8305462004917599 1.1077259988174635 -1.27276135269528 -0.44569204728279493 1.5661823493675866 -1.3124115587152512 0.47026855689795954 -0.1736165762308916 0.12379957197584138 -1.4266924640809944 -0.20868226977358653 -0.22037997369501794 -0.6404995668207929 -2.7070555038929567 -0.6288604219371549 1.9746143082442664 -2.3659045173950717 -0.5776629007715933 -2.072923540381828 0.8787716914318832 0.8051099975125219 0.8454935448367058 1.133561860623389 1.5257685776034042 1.5395521703279131 0.023548303587635117 0.12501309745461675 -0.6326161782191642 0.33687015051472147 -3.9112781273591084 -1.5727882420104276 -0.2903419361522009 0.124087747696397 2.961292593875551 2.0246932514408207 0.541746292861493 -0.30219019160378857 0.3608547033281565 -1.7840085671317565 2.0246845090329604 1.897998441234571 1.1903205947375697 0.2723415959389756 -1.7822139658442016 -1.181833918007584 3
-2.738143796162321 -2.0087787423606023 -6.830996418513708 -3.853655959888583 1.2982122861959313 3.5047930209561784 0.6317667876573714 -4.123569980143618 1.6995149417885087 5.04049752980523 -1.6384273156633504 2.012892272051125 -1.2799374569215385 -1.270448784591829 0.7474098694154759 3.488321002160231 -0.9438456783478553 -0.04180146070918183 3.2456233743336367 2.7190321640933703 0.012663466398665505 0.7985758205098796 2.1621814112794824 -0.6247564322263093 -3.054529416572237 -1.5807230996325474 -1.1984687993771017 -1.0299661165551368 -3.050841262782715 1.8480941838569516 -0.43002580053509637 -1.3861740288921471 0.34421249904684426 2.2428451626050157 3.0934582902022303 0.5655813545512027 0.5741083011287582 -2.4927440500824334 -1.2223432965364895 -0.10680423555047174 0.5749730911143861 1.6312512238948305 0.515974013797775 -0.3508056403858833 0.5775950005361111 -1.6895330421242922 -0.41184671798585304 -0.09774772278549722 -0.17061487012542423 -0.5528492308419682 4
5.695148523343485 -3.884366737367937 1.8128109312371006 2.1433598357513066 9.821182918200213 -2.730121963165227 -0.3841419509582138 3.2488988765065976 0.4121882566036471 -2.0062414218887943 -3.2696129715845457 -0.34137744144936266 -2.103989035758076 -1.9254037037612746 1.915288800217662 0.5474643818808412 0.7972065119954326 -3.868477828226837 -4.124318619689871 -3.1206355748468018 1.8748088757133932 -1.6631938371901045 0.916425251467183 1.0869816035376738 0.9008723970954651 -0.23333902256447875 -0.783642668946205 -2.3610385138075514 -1.6195793763857975 0.9503732440010637 1.0885203673732586 1.887103584032166 2.0246831492558552 0.3498502668431213 -2.179948579210229 0.4222072713842031 1.0579099467078372 0.5868924022947254 0.8517344564282504 -0.8810027695230395 -0.9525891139555329 -0.39134759288512444 0.8841310358794826 0.5251026279443184 1.2397036232453513 -0.814367616666416 1.1465099087452337 -0.7768636812624556 0.5047976420879668 -2.7075904481961524 0
-4.088098137785238 -7.701002891807395 -1.1354316281403836 1.981124104571452 -3.874125712044075 -0.012594644661034278 -1.0912620607116874 -0.7863428796501419 4.256148549483902 4.343841985927873 -0.4730052171247827 -0.29127483630482937 -4.077046889129642 0.971927715600001 0.5556359057906554 0.8502128715015801 -3.563289563964987 0.6636854063418297 4.084420391225528 3.951443134423708 -0.0334636336876615 1.3727757448165208 0.5125030433221031 -2.1523498384621953 0.07142292138476088 -2.3226173762944313 -1.071747412219272 0.8189569718670462 0.7258558175503477 1.756342144599618 -4.105262373528768 -0.05799083729119469 3.2553991921983276 -0.27858127306970104 0.5894042273882811 1.4123415101108316 0.8527818902133 0.67157222132834 -1.2360667497949533 0.30163265185817334 1.451302684991198 -0.560276502046263 -2.8751023564085076 -0.04945701165961963 0.24197954478536093 -0.26971419511440203 1.4653354991577723 0.48919454086007463 0.7414790748058763 0.09013973460688611 5
6.407405941694874 -2.419884360141223 6.67690646490421 7.151797256153809 1.1519321718341733 -0.6614079908408405 0.8019006672522107 3.3591541703568817 -4.268771303350442 5.6127449557520395 -1.2832402282885174 -3.0439902148984808 4.047303566548931 4.604521929708807 -1.0604595629942135 1.7726841922090029 -5.058894433720684 -0.4157789789068409 0.06548819374155494 1.2083877904110887 -2.8919962557711827 0.47692690424281664 -0.44590214591414484 0.6465396440750771 -0.7428197157875095 -1.1341041200347295 0.5208486070236935 3.539135729194544 1.0282067227957448 0.5687315435539612 -0.6410297454111518 -1.305995398308207 0.1355319264598114 -1.1195553989909528 1.544669196834433 -0.5355123769413322 -1.9327597882913103 -0.2422160241534032 -3.0666159967244995 -1.4092281885614517 0.8473657565063276 -3.2106816934947573 0.9790471282640804 -0.6804523601247653 -0.17083437283827105 0.7515624116362503 1.4718646170713563 0.3032912320116387 1.5705766356226116 1.295671715174071 5
-3.6044369491304407 -6.999490010974267 1.263787959949185 1.393366568381749 0.6799070186123901 3.40768617986917 0.3162759053246178 -0.3853992509666372 1.1096314181948375 -3.975732495865405 0.5278603375384417 -0.8943461727302667 -2.1761859674401243 0.5600897611303547 1.6947763875291744 2.7619779051974014 2.1270984821505015 -1.2977696050726737 -1.25960272975109 0.6153065473329463 -0.08156442295058217 2.943585399785072 -1.445188142525244 1.693339457741579 0.05302771741581743 0.6223496423198517 0.7326461198108629 -2.804419124122913 0.6010419746531321 -0.3932117675208934 0.7528083257939333 0.5253748551743679 1.4856777913819614 -2.6805461102776444 0.8406973445109754 1.2219896531621497 -2.713714697751981 -1.2904769928937083 -1.0054719039270352 0.7469514729517812 -0.645783569686987 -0.7324113683399679 0.06181319064916508 0.8808059354314018 -0.7367123984023065 -0.8443555740950437 -0.8439574347330766 -0.15069573521977273 0.6412908148844817 0.14820051740908965 8
0.9711831560559684 0.2626211957418558 10.887144058086676 -0.8109266774086378 -0.6632374506364082 -2.910720819520673 0.26628663078053105 6.556455118562845 -1.5315047247478408 6.700721001457667 3.725547291090736 -4.867845461030723 3.3592626135961603 -5.547544869600837 4.537821423789616 -3.3894774545625537 -0.4518772823325478 -1.3545356428669622 -1.6471375112213913 6.723930337458755 -1.8808997926926998 2.7209502684261277 1.5559292671893736 0.2845502279397905 2.5125536493598317 1.3890556457862995 0.9028151363951233 -0.8276521912367006 5.191158488623186 1.2919014361303667 1.501028490740908 1.2141954457129644 -0.17266903180267074 2.9686790957612783 2.589709652292664 0.14755208225639452 1.0321869570016944 3.1628349753504392 -2.39296963940871 -2.1870751800839767 -0.00970520017236838 4.935102832952855 -0.8301890712698675 0.6857035840766474 -2.7671704193362343 0.8616324585233427 -1.5730165158908904 -2.4391866406175744 -0.687921223174661 1.7695591201052658 3
-4.4718083676249805 -2.4403483887312527 0.2949862958027036 -5.632438410931289 3.900851416331838 2.3906909232603746 -1.1652819385526676 -0.005538423346099383 2.65096865602536 -0.26043673029048475 -2.817000972687371 0.23464450929094496 0.2609586981167079 1.203223295705586 -1.3864135108010769 0.676918185362882 1.985546997333164 -0.5873848709280909 -1.8179547403385097 -0.682214033692338 2.704029332435552 -0.1900352517476591 -0.10537145344597461 0.30351712319576896 -0.4565955000204415 0.2682129616626259 1.0609849815171497 -2.0616799609052534 0.0439697416346824 0.4300655353560514 -0.819865933334914 -2.1576223091587505 1.1505007099025248 0.28611002549100045 1.6945553466473682 0.6053389580602819 1.24653526236431 -0.6795353572131535 -2.838129984330364 0.06680646034165275 1.2581551494032177 -0.9587487760355292 0.9093827600553515 1.5584961496839345 0.9005342902471031 -1.6636720019807265 -1.2210789926807053 0.8466940792293861 2.176234108821799 -0.3155834246442989 6
8.376801311930038 -5.47345982930968 2.6219866708750668 2.161030435842782 3.927236370519782 4.36475714809559 -0.7540751280314657 3.3632913078834092 -7.041649715549073 2.197741272229646 -0.11094512735016136 0.8421053257020016 0.1790719817252419 1.1475392914406328 0.42716651067730005 -0.9499393429891422 -1.7038469582987326 -0.6325328615273923 -1.608497091406622 -3.2377240411074433 0.7720753246886375 -0.4913905752498527 4.45302723837437 -2.054446632488504 -3.3659306337156956 -0.8918779269267938 -1.6832327018178632 0.9249797386436039 0.9750938318667159 -2.4509571512868003 -1.7419196029238373 0.4008721375741224 -2.5052201661394293 0.012906460935839708 0.22936179621849442 -3.9170301382430455 2.3002643102643403 1.2824038740302615 -0.7002618287861055 -2.557942305303271 0.5619721795889545 -1.136290864442066 0.8135463358106563 0.7998024762609212 0.7963033430483212 0.36998618030559133 0.18325968113187233 1.313760485071722 2.023091341564172 -1.1331942260668877 2
0.45019401021090705 -7.561001268210456 0.18669200365152233 9.134100180995794 -0.1760643357857635 6.394829263717036 -2.2886292006909232 -0.3233061420416466 -5.707552972215212 5.882482734876332 -2.3426334666594197 -4.277387497983974 2.765217284523012 9.563136087776412 -2.05308113881348 2.580368219982655 -5.310195042592674 -1.87901154482648 -6.223691048408454 -1.48133609242798 -2.3966674106078503 0.4599591382596075 -2.7012323202528936 2.506863767898257 -4.543835050441776 -3.518309048944114 -0.1006112524666427 2.9086752177947988 -0.06974304931534846 -3.4433557964022383 2.4569778731046994 2.293688015578392 1.8908052182539163 2.1894983231628564 -0.6776067508946553 4.82979978386535 -1.731389494791516 2.187954631782341 -1.2191169958679293 -4.315119939306461 0.715425324241778 -2.325076526877448 1.5959897386649424 -3.0382408561252454 -1.8357942223665409 -1.5508792772770281 -1.2196232912756586 1.4201984893860689 -0.658505635560301 0.30473629030240995 3
-2.959156493264467 4.664375839274534 -4.449885158187063 -0.5582495645744321 7.189931683835088 -1.949196287322942 -1.3455036768447297 -4.153249095708831 -1.2855106075725589 0.7884518455388531 3.0478399357509347 -0.9496714852753102 0.19517155916854464 -0.2284826111891842 -2.28782146640923 -1.8354763548311548 1.1765419379439033 2.2922140443992327 -2.5073537796710084 1.2885809908395074 0.41151494526681465 0.2565275810390125 -1.3562131159412347 -1.2339045545731548 -1.070838861808296 1.2243722542420459 -0.05006730103445189 -0.5324613735650452 -0.9015857372619676 0.1365724717182652 -0.5816770287347038 0.5515042363370721 0.5485035378373148 -0.8058264721325786 1.3860947785425362 -1.7215329643993287 1.2672865278374799 0.18968072895010957 -2.204546803098722 -1.0335261099694752 -0.6210915132634275 0.1256742593040194 1.7511647239867003 -0.7075840402863739 0.14602481233122389 -0.8195319097006243 -1.925965410806467 -0.15939494815422822 1.1744402896348005 -0.23813825869085237 9
5.650468187312619 -11.121010716242976 1.1175068537455028 0.40190339721425883 -0.3573232736514035 3.584137789213563 -6.357260730083858 0.675702152193751 -3.9967867815190172 5.076033509424261 -0.18873328257378721 0.7102683651746198 -0.635069910566821 3.6248301823433766 0.8575268274421382 0.9459823786253266 0.4586641940838575 -1.5525676652383207 0.5748671986960113 -3.3497985573644335 -0.6274215557242687 -0.2035636579412908 1.8496000141826392 1.5595396074934376 -3.8156164005478783 2.3906215244099296 -1.864880300050423 -0.04246516808873104 1.7576328145323652 -3.7471546713281967 -1.5115052837961618 -0.8980181817095971 -2.423697746454939 -2.67956236673391 0.017563769136606146 -1.0823181825685975 1.8162425530323034 0.6520171087554903 0.2031094960093809 -3.170947997363478 -1.9456698226494913 -0.30067214069565135 -1.1402649384196661 -0.9320387711393259 1.3264506578852353 -0.5186543143839669 -0.579904020055805 0.4693552011580995 0.9886523426738115 2.8634952678840815 2
-5.589250283456011 -4.819813759693656 3.683053339537286 -1.1011849936453224 -3.235889872879927 -3.7465300980991825 0.7347507166873892 4.635482314714788 1.2821879892676744 -3.926469657160888 -0.384920600378155 1.7543741109118232 -0.1534541071786752 1.269588627094858 0.661118623601137 -1.531023889883115 -0.19097649143122608 -0.6405394080383201 0.4630085409178938 1.6567714452613282 -1.168899773464369 1.568058129929103 -0.37846074347971237 2.0668033417772955 -2.415812108985997 -1.522307572776514 -1.8757645364713167 -0.9377159449481076 0.48729708098682467 -0.24984851440320208 -1.5432712682602119 1.0067076176854308 0.7128564446348883 -0.8208034077815815 2.6490587518014177 0.07335803507269717 0.5869056311855025 -0.9373579617859372 0.404530083648943 -0.6847924081618743 0.2756040664700811 0.630358942886863 0.5088093496436192 0.23250596296786497 -0.08013868344276004 0.6478024168255749 0.8342372386795912 0.5842315250945583 -0.6077208390811905 0.622864982100685 1
-6.207783143462158 -4.005651090983556 3.946170861410811 1.2969891994523144 -6.381918153036688 1.7309966967312052 -2.5060389700704775 -3.664429617420896 -0.3240088553825606 -2.135801318076303 -1.6173999692318213 -3.942135557321098 0.7155984799527509 -3.029609013287109 -2.184149262493811 1.1823052322429382 -0.5041412714277633 1.117055167311525 -0.9517672542551677 0.19408086161068408 -2.745690206672491 -1.0841204473497337 -1.4954913609474763 -2.2783188618656083 0.6295009725879261 0.46384202343599984 -0.8641718664776242 0.05262208102848153 -0.07112546117260898 0.3933119775021324 -0.2878987490002156 -0.41329928008610173 -0.36998081551039924 -2.00521177044666 -0.3453565760805711 1.148976473276524 1.1496006870195898 1.1779819499450208 0.659409153099859 1.279360636253188 -0.012856735781246702 -1.0595950149813713 0.32697088583704886 -0.29728222154731604 -0.39775256998237585 0.6432882732010005 0.5566459042329296 -0.009380449430049112 -0.4178001121591742 1.0945040574823997 1
7.503977285368769 7.301128183695969 1.6746344492627343 5.518010854037799 6.5673511841088095 -3.6258701888755915 3.518360658055364 -3.9279261696286225 1.6925715602249476 -1.7161630287736593 -2.487687768264915 1.2656074020682684 2.815845915908339 0.6691193781717406 -1.7986554078482981 5.033044318590961 0.46644612854716183 1.1638701608417703 2.4256357655672267 -0.9571765284324442 -2.293012382673553 -4.505234002593376 0.3336057376557656 2.0870770373031364 1.1570727552164337 2.4087247068463755 -2.1051331643050113 0.6700265318227316 1.3495368145459155 -1.3737572765073642 -0.8132787810267934 1.3896221884329698 -0.2811348025502035 0.615686373081618 2.562680704059638 -1.691516163421855 1.0098969302866103 -0.539870678073981 0.9894989252418992 -1.5062304643853184 0.04485151544155946 -0.8412691621608024 0.38009668745632696 0.2939979315986022 0.3742568405578361 -1.333648241474703 1.382735737856653 -1.2703120452156027 -0.1938580643347488 -1.3138420652783525 5
2.076447166770441 -9.108342278965154 0.5329725688513511 0.1720789859065264 1.3640985661405283 7.192166255349657 -5.5107875235623 -1.978821413066205 -2.6041239645166754 1.3961651437649831 -1.2662107383181709 0.31017213605301025 -1.9804210984445487 0.9359039028051371 -1.7607601041419825 2.7953151395815645 0.8077952522099472 -2.7958049344308464 -2.1436379556322125 -2.207824939008449 0.8616458313872581 -0.6185957429503232 2.0001415026756155 1.634131579303372 -2.770737459730794 1.3457454974846201 -0.2937874284798455 -0.9573095775741974 1.5164608205742578 -3.514135848018029 -1.3288715745987962 -0.3444378555753097 -0.5616970177095141 -0.8986391723337597 1.0607388710663892 -0.5659555828724764 0.78516188692216 2.2788893788745286 -0.9928820668839832 -1.9051485072907122 0.9014823358438359 1.6031067412771756 -0.970112254401423 0.5472596613981966 -0.7772225883848447 -0.5620473323734756 0.5011080343646473 -0.2514471997078694 0.6863742129986681 1.308472216703766 2
-8.34074441627335 -1.0211938522424948 2.461423903178252 0.304258600642246 -3.300550737184722 -3.406819363895067 1.3828800309944855 1.8046679918293038 2.7767967341807736 -3.3570093395040144 3.2589816794584054 2.3649293433891168 1.808792590280755 2.62527767254893 1.9145681386598121 -0.331696418316692 2.366002524653661 -1.3801984274473766 -0.4284347507035314 1.1546625292107366 -1.8478487292746053 -2.6593984836955418 1.16930121561886 1.7444582431278972 -2.9097270247085905 -0.9149938398282662 0.8150162077928549 -0.7011010969707449 0.5328874840622616 -0.08190983751507011 -0.8243047433596011 0.7423760141562311 -0.3513426527282581 0.40522324127684073 0.47149817865211574 -0.6503605978184833 0.18874793417793798 -0.04279539189698692 0.7521826341139279 0.598547100481793 1.400490418172343 0.6090507505010885 -0.11512574024640658 0.09764017601359827 -0.1616487686161519 0.2240846108752427 0.7618267864627933 0.19135969897779428 -0.3463628872594069 -0.3872587721881134 1
1.6598695329152902 -7.2499629982742295 1.5381491390479043 11.215694771777791 0.3315633211419428 8.476163225973595 -4.641951232195317 2.0374557352955156 -6.8505730140294725 6.026411880516613 0.6677052460248589 -4.139717046297281 7.125183562497984 12.845188880506749 -5.830499521164886 3.5143086441889193 -7.503717626400684 -1.8297258680919368 -6.084568620193795 -2.4009668111013465 -4.706532969292037 -1.0146708325123726 -3.3070554483614285 7.192586555974624 -2.356104457236544 -5.978701127004421 -0.2875943554776263 6.370711608319806 -3.3530217737123214 -0.5617832342666209 3.1868425421114033 1.803177818790072 6.153824133263284 2.4935156278068464 -3.4844509375013075 4.679154429325259 -1.8566039681406379 0.19449537832517783 -2.0925924810459904 -4.7401902031462635 -0.2384878395323161 -1.2290781547803784 2.055346417435305 -3.8217862472029487 -0.9364153390586613 -1.9418287879564797 1.9648848416310163 -0.025125853875212947 -0.9060574973085279 -0.5949790714869705 3
-3.2206588497802073 4.209970645808773 2.734595195897555 -3.5437009213942643 -4.140484480198811 -1.4598498895262255 -1.6210692622087977 0.08830317724984318 1.4955368738809247 1.570474167621557 0.8722384542166419 -0.7838350290240375 -2.863396099123877 3.5758712956766474 -2.267514893319663 2.896272756763817 -2.02180905781631 -0.3597471387973508 -0.07284711378614903 -1.2509895306477299 2.3301239402544787 -2.1334766663219233 -0.11445384290118134 -1.364599070191965 2.847805958798564 1.014939491515947 -3.0414696074768037 -1.52746603488304 0.9422247699389074 -0.6418168790102676 2.092798314119926 -0.08390704205718846 -0.7097514710359415 -1.5326938441318336 -1.9892223549492938 -0.9675434404504222 -0.12703573177939498 -0.9960613722059839 1.326532927568642 -0.4461464034234172 -0.5215810351789579 0.5709700632579271 2.3769734349589577 1.1089493605211094 -0.10265222309185151 -1.4856060001808538 0.6618809711201261 0.7468556705374451 0.17988109085000809 -2.10054989312627 2
-0.2739928356310638 -11.972336021862652 0.6255806518885374 2.9395377695807 -0.6796365294576202 4.8677632092611525 -4.060678374482639 -1.5728147077159988 4.030594538649022 0.9036660005557337 4.194635304029856 -0.6190559978202116 -5.2047588655205885 -1.1373606315775318 0.7487210897962231 5.185297914087351 -4.092473558097501 -1.3769731086824286 5.590466381776222 3.224424551783081 -1.2561994157124043 2.5383056542273525 0.7548732741591248 -1.3591777696807923 -0.015019423250825628 -2.0226757432090574 1.8875590116071423 -2.606600930861574 -1.1302482748248706 -3.1264111411882123 0.8852699500728217 -0.33312872485414224 3.2115599599434876 1.16521446073663 2.630807049380373 -0.40123951466726293 0.7197472458108902 0.8911769956489622 -0.5662715469323417 -1.7314858132999256 -1.8890739804710268 1.558586878898887 0.17314942461561 0.14591489761838988 1.9508055305244743 -1.3799279118643526 -0.41306362575403566 -2.9995545777428014 -1.588138798133632 1.6811780683151358 8
-6.677529158334657 0.2650625838569993 1.7953152270174333 1.2328442493720835 -4.74763604350932 3.0448913570756977 3.5133592952917496 -1.3696360734186406 -3.1760824759539754 -0.2950128748752533 -3.723753918454468 1.0069553675422085 1.7364263306385885 -1.6602553559745503 -1.7061428105710963 -0.17940465264952696 0.011493004337916363 -0.21481528499521851 1.4868681434369937 -0.02654724642473565 0.6723506069124124 1.544036720789475 1.6617160519378458 -2.632997088323871 -0.15079292574014644 1.7257025033551534 -0.3033139783627655 3.2763625485622736 -0.7580165755531011 0.6454535648705741 -1.3422790632613357 -0.7630277497058795 2.0315053641195466 1.0485874890738045 -1.1416029524199864 -1.0858735746693529 -1.0893450092702324 -1.7904188232560914 -1.1300321824601351 0.5426317430225643 -0.30169128830051856 -0.5694125460126556 -0.14365271343600317 -1.4170850172713814 -0.40812605925893236 0.2122049254405881 0.3112199315254001 -0.30106555013163855 -0.9681152823910159 0.09219354570007582 7
0.7516749383597482 -9.487026673487968 0.2373388682825937 5.0725331582992705 -1.462924819574216 5.545130848451435 -5.394256055413883 0.5192306681626068 -2.5820610687519894 5.297012664096127 -0.06486572091860422 -3.3339286267859998 0.9481105452808337 5.465106243812792 -1.701472081711993 2.308348525497774 -4.092331027015571 -0.22019101825642093 -0.9235265973134047 -0.37256595076104826 -2.2065619845036424 -0.5956207432731271 -0.81957277837202 2.6756246238559775 -0.9593692143637291 -3.226954586184668 0.2207138095609406 0.9432800556254771 -2.2687256919766066 -3.069299370361698 -0.35360826742686124 -1.9245807647982693 5.021158386678743 0.9152808743269203 -1.490262288277364 4.387414692562157 -0.6641309542955542 2.3579215382645455 -3.8456066087891054 -2.412442926951913 0.6622155123855458 -0.7926527987129878 1.132007779963006 -1.7079054639760727 0.2911471356438692 -1.0188215979800168 -0.005195587699239176 -0.3638033803963893 0.5586435108141066 0.5696023852756166 3
-2.542983830935306 10.549729241538433 -8.06063979274597 2.4943740684862896 -1.3213093115492907 -2.2795478480562945 -5.212522539818089 14.90749141340642 -1.3265965487346723 0.4160800076425279 2.3816508074641107 -3.7275956226825424 -8.379186941447804 1.947300505530062 -7.483488476110126 6.027426255066033 6.684349476943933 5.574362938604364 3.473645069923691 -7.977125146006358 -6.459084457519623 -0.5801408007141086 4.672771953296915 -5.3844686874191625 0.9873051972269001 1.1342585962220515 -3.9595615360046947 -4.426901583254277 0.16738014504833235 4.420404837871514 7.406339542395906 10.295321821259463 -2.8627367753265944 0.09492101558251963 -1.0870643965576865 9.062914365816509 -1.6582243115162398 2.5205124913839794 1.2008055022887127 -2.074641036998539 7.8356286590574475 5.672927693269104 5.373467813323749 2.683723540378311 5.667998344968876 6.5482742056915955 1.7042787071113414 -0.8297605502003349 12.856548345566768 4.721744728960532 7
4.124467357134387 -11.981191809672147 1.6664303574127042 1.1186614629686855 -0.9734575868215811 6.566653629510325 -8.788278591729075 -2.91106495949371 -2.924923649175222 4.595288987604094 1.4554978593324253 -1.1540223769724347 -1.9994414803700755 7.112772079019435 -1.7023741102471466 3.008317887415901 0.20258909029331115 -1.899887234926774 1.4204638560495289 -1.1068099720128584 -2.4377749394939507 -1.1330249847544263 0.8231835566800322 2.6458611414913076 -0.5091738232507804 1.435941225224819 1.2322192367145848 0.6598798659960807 -0.3061251394362872 -5.32463257094014 0.09877162727957105 -3.3270646511010913 -1.841359606407992 -1.4127767754577862 0.846868274977817 -0.12142300189778078 0.5984909800464417 1.8038323520254662 -2.804112264820328 -3.0265283576735653 -1.1661447750136784 -0.3609216917086579 0.13172175280786294 -0.7491836002650721 2.709778846593672 -1.3096872934237058 -3.5400410280437486 -0.6446673996367766 1.4483292175876976 3.350336096163485 2
-1.3631895352989478 3.847265540045998 -5.618729269080618 -2.0313193669213807 4.8433002316415426 1.4573456966902416 0.9748051055827146 -4.393364962175055 -4.888079546344557 2.2128492004477085 2.366850876486468 1.10723999990392 -1.6753264242169073 -1.400818288847082 1.254987962672661 1.1408545098406249 0.3712733557025903 -1.1030826740716662 -1.3638899664520356 -1.5213007399467853 -1.0181979397864098 0.33732139515642945 -0.04442888335233873 0.601920390070013 -1.5452299761346688 -0.8165515049780443 0.15788139338357446 -0.05491687504462522 -1.6975100718181972 -0.33088536047178047 -0.421192347881241 1.2949497879618384 -2.583447311854936 -1.4413375130271413 -1.533276984135894 0.3717359432575755 -0.5481869261753015 -1.0134599313022175 1.4878427777655305 1.3587912961351627 1.4209219420107522 -0.8639294977803744 0.7410724968996616 0.49628134320416245 0.6172872524749218 0.4464062394430867 0.8851644947218379 0.423006978130925 -0.3611232132552551 -1.880226879863794 4
1.358082775605311 -5.373466376853289 -0.34330570388284753 -9.71688484614102 8.428221695372857 2.927304282591527 -2.33624610916042 2.387018795281737 2.9015659568879046 -5.082663822710791 -1.530295683556553 0.6093684833350722 0.6389776421588803 -1.1202636216722572 -3.3850328333457917 0.7972092336975218 2.7104877887061294 -2.2368618048401414 -2.3956201937645893 -2.118591863781456 0.048079490427984706 -0.8559443940362583 -1.1570989603956408 2.6070318822750305 -0.14044306960894998 0.3591932640749116 -1.3473520457020765 -0.005614114748446031 0.08814519935838448 -1.5519867416514186 -2.74886771325582 0.23149424588728806 2.0121114987601865 -0.029323705035011995 3.6015967540547935 2.6552779301886518 -3.2096296022490782 0.7497365579893313 -2.7539975560754066 1.734094297541082 -0.36169457960620177 0.7233667986290926 -1.0056388692451326 -2.4531992582685462 1.7900621590116006 0.5162792023984097 -2.579344483009775 1.2217896286797514 -0.47917304993147364 0.19919303220296258 6
-5.395912302974166 3.4771990461292246 -2.724344217444413 1.108895083310676 3.422163997668409 -2.6615101325176576 0.9276875514137942 -3.3395257439763113 -2.4622531303432775 0.4230815654225528 4.515064521490385 0.7339332179501121 -0.24784426512964275 -0.1945991154535394 -0.5399122233783742 -0.13497175242271514 0.17224582353781528 3.8414892781342997 -1.7651792591356932 -0.0806484056795068 -0.15131416696493083 1.076467151574079 -2.513589439036236 -1.3744887182516348 -0.18239913831540958 0.4416074031426884 0.6835728751262411 1.0162699331969374 0.7919058443323073 -1.0124763114363196 -1.4213121328302727 2.427922533586729 0.4215833445451887 -0.4938473273284493 -0.460175074367228 -0.7823179214234989 1.2711726482948233 -0.40543120992499776 -1.7753729383898769 -0.18790934969193251 -1.6094161912106772 0.045828943519419775 -0.21473690419603159 -1.032898719821466 1.2472649285627184 0.49487099182679606 -0.4825899723004324 -0.4555484181410507 -0.1329753621555852 0.7148418259391999 9
-4.270403615506814 -1.4967626431757328 -5.4387283859094415 -0.06518990152259416 -4.1623575556572385 6.257526515059345 3.5314934028348626 2.7236479738150035 -3.141847726586096 2.06500459817828 -8.587546632499748 -4.147252184994559 0.026494467340895958 3.261065004723687 -6.408995747701212 -5.931401331736961 -1.2577141843608632 -2.8011509294312424 -2.401754404731032 3.6920493460184862 1.795651272399615 -1.5124978880768185 -7.088642549379244 -3.693039688450798 -2.3571687947330537 -2.1179220902379763 4.5620048737133745 -2.7509458388557078 1.8147620218309435 -2.3392676250448954 -2.080629828658047 6.481124525699503 -4.317711088125553 1.1684116602717658 2.143744236406151 0.9531658225433489 3.751607920454247 -0.9182562761980356 1.633291497822169 1.2281088830541844 -1.3703048447918356 0.4687335238952889 -2.31851446435881 5.0574096524522165 3.2124137317370485 0.7344773175923178 0.25102041003937386 -2.2334968029032094 0.5984218791989243 -2.7929848420835404 7
0.7513458567554102 -0.6551757463241381 6.91856011847529 -1.9177349332038507 -0.6486062555848472 8.88426784994945 2.9157393467522024 6.513769395227675 -0.8358347198824181 9.246822516630552 -0.2658956119749058 0.4607200619056251 -0.7596885975087576 -6.900191122436911 -1.1717214154529998 2.8878983586693288 11.929401799147557 -0.5736452752946577 -6.217753292207628 4.216325860403394 -1.5774501349387302 10.247060669420799 -0.44065552682318404 -0.5646855961728682 -2.2336324159988994 -5.327401136041616 0.19341160199632232 -0.3341152166312192 -7.472030675253587 -2.837587023304383 -0.14175151870405078 -0.7751774469658826 -2.9689814385053155 -4.15297372185575 -0.5172242789709496 -1.4013976576549165 -0.9543781853028293 6.724366716924173 -3.2922715402800784 2.7088240884027632 0.8105671324843273 -3.766734150247011 -4.393177277140702 0.4425993960539892 0.40886829823222054 -2.1793042204802564 1.8104410021522575 3.077909602489377 -4.989531494609129 1.1502878788863364 2
-1.4460742281794843 -4.993969588932669 -4.365543065270434 -4.54390623769018 1.6362079511056267 5.1770080163067105 0.09024330213030159 -4.225530408593207 3.2186484487177345 4.5289963982838835 -2.813508835395415 -1.5390884790175319 -3.3266230949331344 -2.0803397357831686 -0.023532547832608813 2.868639126793468 -0.5877381457875356 0.9186361588232471 3.9058877835689247 1.9325567185409172 0.3679851088228498 -0.3148052348851133 1.2324817077619665 -2.484773529315851 -0.48302259021721555 -2.6127111450920255 0.6588703338680815 -1.5337535602031767 -3.575534961612691 1.9310941793873915 -2.2025855321919985 -2.648940046972705 3.138875604364037 2.94150635400941 0.8783271940769237 2.134777358480114 -0.4358690146009358 -2.719296403570913 -1.9339856148774381 1.4639230890139159 0.06641111924701958 2.116126332944025 -0.9914755440838733 -1.763519351627116 1.3307968492763897 -2.047614616824405 -1.508864404984446 -0.3834439939353476 0.2463797659750119 0.051569738269161995 4
7.201336731445147 6.831799768689244 -0.15362484954758687 -3.442419824868214 1.4586574179629217 9.396582087834545 0.5342835514201054 11.51549378254412 1.5170928094683633 -7.457699971598056 0.5541279058239044 -4.461435754715478 -4.331539679705525 3.0824776425674183 -4.510610795791799 3.604099618396422 0.7663631558032319 -0.9540944776576 2.9466410037769175 -3.660528189103708 -2.031070012697105 -1.7239411870245223 3.6368631181962736 -5.116387431202334 2.1287584557942387 -1.587669388960984 -2.6775328424580036 0.7502922522246347 -1.1402399234706884 -0.9212538727880001 -1.0254820797996196 1.8209950995978499 1.217137785852684 0.15397952682985896 -0.36515922168238796 -2.461862549107194 2.0989761413421943 -2.993561665899937 -0.6727674844536368 -2.462401271706191 0.24874526142172595 0.5997532733278923 -0.15002329937122114 2.0818441504738443 -0.40272438850310577 -3.65810112957977 -1.9471200174957513 -1.0332907873425374 0.04694143272006987 -2.837654052570266 2
-2.565644197994987 -6.660835815666524 -0.8126572985743225 3.643419862377288 -0.04507792987253595 2.6093201598131195 2.3209086470985856 -1.2882256822145453 3.1688420645093447 -2.75504037419459 0.6312647773683125 -1.7801122999876844 -2.980422930321698 1.4568863019712 2.5966372800751674 2.1611822818632436 3.5453516711605064 -0.22975972996592453 -4.584165877461796 -1.2823165975587476 0.8058914722939656 0.45459059953791475 0.5116697442547208 1.0905589265403406 1.71226338960397 0.6688164571709669 1.899790527953401 -2.561131858917609 2.4758148571156124 -0.3152753252426248 2.392022115106435 -0.4406249636889726 1.6745000881877323 -1.1224622505606492 1.4507747415293843 -0.8680452908999079 -2.3306935498920036 0.5291565786907512 0.16813413750682565 2.370774931835718 0.5391500823522992 -0.7883403648511914 0.6503778414378463 0.32801516918020357 -0.5984261320062562 -0.3181768352079036 -1.4779913503390747 0.35906862944053514 -0.528347726220735 1.8908802592948109 8
-7.642591672979796 -0.2942277679076668 4.155296696048301 -0.9078021880776269 -4.630485841696657 -4.387450064232161 0.35879307896604606 0.44981802153681205 -0.5946613061913707 -1.4779337221547422 0.5383045102770183 2.1028236201696155 0.5884380447801685 2.097650533897487 2.0523724518819546 -0.510022533638688 1.9600340016185653 -0.6608652139565537 -0.021597461570841244 0.7497766265143184 -1.8823406349176162 -1.8311566507583186 1.3975319032381797 1.80654041930038 -3.179990401780506 -0.8792518130735701 -0.38031287392426516 -0.6536795270161473 -0.5203251749388953 -0.7518073457581179 -0.6553462729760366 0.9564776268890983 -0.9611664902621041 0.8028711307696507 1.1842064430761061 -0.9348345910326774 0.42243650968353547 -0.8503324805576387 0.6756441106412875 -0.3184909683878072 0.6928907369330827 0.8523585214097247 -0.169362919300602 -0.0076532575607425515 -0.6902487021904918 0.45409311814830955 -0.14241114344546027 -0.02556444030712511 -0.06845912893180414 -0.2414640492866424 1
-7.0664004721012175 -3.099832027005731 3.5213842698194275 0.09176455832723586 -6.121181220139055 3.195806020222928 -1.3149854941759422 -3.5979756174927244 -1.2821236129510887 -2.497434643595509 -1.829612849523069 -3.6243599641456488 1.551915522320903 -3.6127218660262836 -1.3898324442835501 0.8914609807557461 0.3718932217450831 1.9431404970784356 0.2454109205511575 -0.17753168553297066 -2.0413694564264455 0.061513292071884905 -1.3450322856542167 -2.1085579828548773 0.0944449367463934 0.3953519878762895 -0.752451339840639 -0.0024333945303828515 -0.6781234794920521 0.47633403234660604 -1.0607280255597142 -0.8988007637380449 0.1764926907456582 -1.199063852935831 -0.8777387329239138 0.9006700019206307 0.5498783623782347 -0.6545763843448715 -0.17069532311712707 1.2861771837099192 0.17286885160581772 -0.40060993094229663 -0.12910182753411745 0.054431754106611385 -0.9692517555587875 0.7896546619101421 1.0350298858478881 0.2879897196876961 0.09319845726351779 0.16126748329184926 1
-6.545880500480652 -0.6792395029723222 1.8824719853625866 3.0837253008326018 -3.2485234854887106 -3.455122356165437 1.0942145068563873 -1.0756298525975265 -1.4321544489930216 -0.9227181461253777 0.12088099563179604 1.893435150039095 -0.5306787402410933 0.6305997517114639 1.1338265836418002 1.0830290227483943 0.13188350473129776 -1.5241368271438174 -2.5530430053213578 -0.683264603535171 -1.0337201442220345 -0.9949556152534497 2.270763871404725 -1.0473932862737396 -0.7302350577590725 1.2232374160419428 -0.8143997545764388 0.8628554055939843 -0.056549031336449306 -0.4373897899615369 -0.13280522765834693 1.5271225066723004 -0.6867028772750864 -0.743754108598108 -1.9983373323584797 -0.7887642652215665 0.22925118127607824 0.8629490358411677 1.3348079915700286 1.0592983144442367 0.9620947896113876 -0.4164295556876151 -0.21657024103615552 -0.7754837761817691 1.1505156830917072 0.7327701573382215 -1.3064517654284582 0.9763538283596062 -1.4442125021865615 -0.09964848306668037 3
-3.4663580954039204 -6.8783066347843125 2.069572786998146 1.498812383600531 -1.92468729196496 3.004137727094543 -0.7553349652140784 -2.3504471338226685 1.164179405512456 -1.1786434828003554 -3.383521388515524 -1.425063190412847 -1.929636491654135 1.901242699348442 -0.2092862010269674 3.4047803175782536 0.7189095833808106 -0.1880702991274495 -2.6706940797775918 0.6414175535285738 0.8094141315030069 0.33285296212256854 1.0949379529657908 0.5226957055668779 -0.051393019926158745 1.0900601947757305 0.3211555712554478 -3.394993976951271 1.3916707145912304 -1.203077815763017 0.951116450240837 -1.4920832750250934 2.2497251180110958 -0.9339801781758683 2.3515308605252785 -0.3410887577821864 -1.26389606494397 1.1586631518676804 -0.1616324062772092 0.910580330642754 1.468860792481882 -0.7779554708090061 0.6141008448481263 0.1520685859066914 -1.2389625091533916 0.14529123768054442 -0.34157500056580836 -0.07304439414945187 0.08681878409635989 0.8084215826203685 8
-4.510321452377813 6.891500716931857 -0.7612544138317383 0.9481499615557173 -0.6651660033782197 -3.25324202578148 -2.8168572029468666 -1.8552275662234312 -1.0497256114608873 2.6504750590974635 2.79900760591152 -1.8994487496169015 1.3802571057725566 -1.1746894317960341 -0.6128711484137828 -3.5861911541029396 -1.5655447715734188 -1.1531264522362736 2.632287757687872 -0.8192492564463992 0.16649317430581564 0.772337946477789 -1.9236296692666526 1.164885536891458 -0.18747636085189548 0.14988821309474812 2.0060680671867295 -0.6517496364456161 0.16569702145114532 -1.8308233995740095 -1.3877079717067278 -0.40006655047092715 3.060647971994176 -2.0152645959935955 -2.5766707451079753 2.20683233433213 -1.771048677759176 -0.6951367609301152 1.2165703158708494 1.1100145739152447 -0.19823690349985176 -1.0894182490108084 -0.09154218205108113 -1.316437459644227 2.7772285637426513 0.3469101166248459 -0.47203592630618824 0.6964226963178769 -1.6168286481982812 1.2300344181007703 4
14.603343518803907 -12.560233521692984 -8.856946409365912 2.510561487824699 -4.556446147351664 -1.3573381666518443 -3.599733026183177 3.0128753851112102 -0.6352968096992428 4.400763279807165 3.2305312091668075 1.653856687546228 3.295862946372668 2.680012528406716 -1.4527785930410428 -4.540992114052076 0.8784830717925938 3.5756210128285613 0.9224983536392236 1.4510064964019151 -3.677708186382948 -0.9850192852934649 1.6979713074021991 -1.966859878578477 -0.9924133305121566 1.5950689591672962 -1.0967167006351632 1.6284084795897844 0.2568607862515389 0.14349128096670255 -0.44313763093610886 -2.2979476501915506 0.46588693088599226 -1.9247318143111838 -0.5032140254685051 1.4234612390669474 1.6485293572567905 -1.087711611436004 -1.6670341345034771 -0.7412133913068719 -4.42354285964576 -2.0581980473003267 1.018883226924818 -0.4367507640511861 0.06224399636788492 0.8929172384848895 1.1375894123134773 -0.10322151803299667 1.3255709674560667 -0.04503706834306743 0
-1.6958434578073942 -0.0840373225311842 2.0783388501315967 -2.6052714512176816 3.6533309288955005 -3.999257564170373 -1.4131434633927744 -2.138539975834937 2.5157411353429087 -0.6987477172945677 -3.0595420646346048 2.7318770950185356 -3.8796446820887316 2.5368057456510935 -1.1533182889589941 -1.6508222740827472 1.4967516243179528 1.4319026559286232 -1.3817469816597716 2.5008618554861934 1.9143071453006497 0.8082143275930864 1.116024509240323 3.1441269365266664 1.0111014161055585 -1.4797767472212837 1.4941200555785992 -0.0013807273306646456 1.1662450718250232 2.636925878685896 1.1655811176099689 -2.153846879084324 0.7242209134060734 -1.5989697580402804 -1.7586057143292901 1.2650895923837873 1.5713909658969898 -2.896104709905284 1.7317941062720104 -1.2052249711295178 -0.41878399228443935 -1.3635882734361653 1.0534550633482787 1.4053652822127822 0.7663155075927323 0.7752735182108701 -0.7443715491013756 0.3533637699977826 0.3580377894513162 -0.41385727784732423 6
-3.4735827242023074 -6.559521523030944 -2.487821019478764 -1.4048853685599194 -3.8906442292799452 -0.9849747861391885 -0.620991684464817 -0.2986702954895842 6.693636975296113 5.748197392641682 -0.15467071906878643 -2.1323189203248805 -4.923783206028713 -1.392849554040654 2.811350965975537 -3.2166996277170283 -1.5933718431917965 2.0446425086538396 3.3211019653389213 -1.0920883425210028 0.3808018111061393 -1.187174286819675 0.6564577431281162 0.6613252970939106 3.1111305962026217 -5.300877064985031 -4.253374662208081 2.583201548205675 -0.41255555056712306 2.6028814388131853 -4.2350420043732955 2.2417072361204076 0.692817083254716 -1.153857047927788 -1.126139429195017 -1.3516407709439 -1.997813947637567 -1.7125903466442567 1.1591084679869523 -0.7548539506974218 1.8985939161230967 -3.5778152854575445 -1.888195345677537 0.9262097630264039 -1.2767393596053653 1.7027523167173058 1.1993117534805204 0.22593242526985124 2.141240022073861 -3.2523019776068773 5
-4.396386633490675 3.8013702694740257 -4.728055568849605 0.4205704102829968 4.461436065822178 -2.311094658369655 -1.0049637499403807 -2.900006315596933 -1.1108650861427776 1.0339055131133807 4.95894136586666 -0.14501041298547784 0.35834818191987966 -2.1375494974828286 -1.9490230871264973 -1.3190969712870046 0.103135287915327 3.4576409506460855 -2.67432104588832 0.1395455055707788 0.8900725985485832 0.19018017753238808 -2.284240372978977 -0.5661676186095219 -1.5490963562106872 -0.02510056692411935 -0.040601493225306824 -0.6547660769602938 0.6587854908262811 0.16711310415305203 -1.2205515289167894 1.8177477401434752 1.851743573356964 -0.6744296550699426 0.4403818438880268 -1.636565776561488 1.2853758914637208 0.349317290909316 -1.2144126448427972 -0.6529728178478859 -0.679454208899846 0.32274465819145404 1.271071965635781 -1.250309403743276 0.5450405010096048 0.0027092537791619546 -0.0004539953311111628 -0.5702675572867177 -0.345954594716225 0.1275686122836946 9
-1.707818098263163 -7.594149678571766 -0.08277637020711524 7.614864703412588 -0.31520446083464887 5.439526615593521 -3.5018869387443434 -0.31611888343298794 -4.102899370089939 5.837731430400353 0.5822880724728189 -4.137604193307855 8.450895851520743 9.478253406793618 -3.633728082648438 3.681644809093521 -7.741273377874286 0.4269268970020523 -7.99465348889459 -2.299992968636935 -4.185462716872502 -0.5242317472525906 -5.760811585240201 11.29443706266459 -6.313948341062601 -9.599401458132586 -1.3449203828210272 8.790669704548412 -4.465691622925908 2.792463530385323 6.028525552047036 4.763872304241499 7.023432161379948 6.714070317445284 -8.200336481189593 8.623510637261036 -3.543666393136216 -0.41092342059333076 -3.083688135243086 -8.525265985529371 2.442299374595005 3.4727220105094028 1.4753236881615606 -8.032372669106811 -5.477861817858208 -4.991009928878641 1.3492390903073872 2.075834236093651 -4.6308468534932805 1.8989635831978235 3
3.648570067691115 4.077112578489256 0.28797417503499845 1.3020704039017883 6.49828619294543 -4.272432646300453 0.5700604198677446 -1.2055174987723027 3.6092678486800285 -1.5787750204493771 -4.717095053993558 0.6197304524653784 -1.3626304906735076 -1.568225960954774 -3.8161879535578564 -3.1042041071572046 2.075526554615897 3.9709216086977324 0.3039345162441992 1.7717993580451592 1.788969176584186 -3.9496747595656334 0.623638382436833 2.45160537300121 3.780246699774882 -3.0577255143083177 2.6908116431655102 0.03601765969403167 -0.3790567458375334 1.2974900667824671 0.6104729778366036 -2.1228675933437504 1.7444955407273839 1.3949630740726449 -0.1948516934390508 0.09314156150039318 1.9797785782897115 -0.5951063242832378 -0.6134625311084241 -2.2362827825080887 -0.5125576823761443 -1.0888286944896088 0.7801945047068255 0.9095103412333293 1.630664204501152 -0.23716737504103874 0.15473365384931745 -1.819448976713135 1.0813216424146146 -0.44641821899613876 0
-6.168235800665395 -4.00284776473502 -1.0645321404228376 1.3733122421634711 -2.9238939802101807 4.7122824703724575 0.5692841792921366 -0.39272444962453146 0.7184014906820376 0.6300209358427846 -4.473280706697433 -4.1620341977859665 2.1687264569757883 1.9124212981514348 -4.751479093826776 -1.0583907592729944 -1.717268201900756 1.638466165403024 -3.5926032583187455 2.1239582936340184 1.789567987217177 -0.23889178448679105 -6.978967651112618 -1.997507680288832 -1.746126438079029 -3.3468558681228737 4.340002381301581 -1.2012251645316072 4.2411189296776906 -0.6587241837684034 -0.195506890256504 2.8704699191899294 -0.05561205964816367 3.5396359268489315 2.197959837497961 4.7884690760448265 1.2117122570467216 -0.06285664191613488 0.27292446771139733 0.7552255106866343 -0.09042908439927112 -1.2286654517987057 -2.0299421167218243 4.56720070555484 -1.4026421426151892 -0.7989353168739691 0.7268789879777208 0.996926741175736 0.11352836720363117 -2.4573260233689282 9
-2.9043422260874587 -0.292619105582469 1.7844156494370085 -7.548549437207235 2.016370238602195 -0.6655233454590881 -1.5382667430062151 0.6761862436010184 -4.169934712780648 2.805373431218479 -0.9708029223749287 -2.1856451368454826 -0.8996727841180596 -1.502042388087832 1.2573634103867795 -0.49298378620383654 -1.7150078146908259 -0.02103864342055313 -0.982431415766085 -1.8075361600581386 -0.9784439563216395 -0.04885015576946916 0.962117935912014 -2.572633668583339 0.11599412100914183 -1.2250570691454816 -0.6293488675562173 1.1433685214724367 1.3662224126956595 2.3293709325100562 2.0547422490545304 0.8051423670673987 1.3258193214068918 -1.5046875126170651 -1.0427225082104954 -1.5753008877091506 2.6389424191865167 3.5313780475208305 1.486290441301619 0.3575686335831424 1.2951374183058555 -1.497093327250278 1.052779042547902 1.3327190837083838 0.46199682578759355 -2.797228345040075 -0.049945145416304564 -1.18712663527838 0.5767590413436835 -1.1257050881253747 2
-2.0149130204934007 -0.6032453515955706 -7.10896086743769 -5.870201138370705 -0.9456562965284394 0.6063170962447785 -0.09274869703094157 -2.8031287933849645 1.5107280927624485 5.354828828630789 -2.2866506515710996 1.9704399362946938 0.9498116309601857 0.4543629052562366 1.570081444279944 -0.27795676515093887 1.4712551126503786 0.5286653196322457 0.4191462778042394 -0.6974129493682792 2.5012158629669403 0.6315608060903039 -0.96283480023898 1.5301162595854902 -2.825924126753569 0.6790107248522772 -1.3071025849953972 -0.6851554198939532 -0.23053191036440718 -0.1045682360972256 0.3215410417416136 0.8458209511527804 -0.5241688407082166 0.7874855297933969 0.7234250057530632 0.24709667971257407 -0.5196885095404943 -0.8286522580255176 -3.0422726210792437 -0.6179362452659729 -0.04978544532259871 0.32951718346579956 0.2691457158355868 0.9563481099364437 -1.8115102267086884 -0.8811254232712816 -0.5013329261036452 0.29405278540859564 2.680135748344581 0.23943487224417814 4
-4.375047383812507 -0.4103391021055761 -1.084672268694675 0.2507333372821789 -4.312147833513861 3.335588261473941 0.849023951094006 -0.7714878151480011 -4.243552564859581 2.076694933791364 -5.699658474888413 -0.5491452698485245 -1.991938473141958 1.597046160117085 -3.59620554396838 -0.7970133216080973 -0.5219598484927256 -2.8232704162533073 -1.2163630431010477 0.574064102283062 1.6879191605762007 0.6335167661228098 -1.2084849345922244 -2.3860775360050632 -0.5326906256450915 0.5944215414533349 1.0117445656663326 0.12672175276404085 1.0682679246492046 -0.7554755910154068 -2.2387451630236685 1.8710950122979975 1.6532278940459315 0.5656124610508075 -0.003495395344578925 -0.5133690371645957 0.9923468500466333 -0.401950077002464 -0.7104473055948128 1.2419636866159174 1.196827574381898 -0.7565864323933539 -0.039017745239484335 0.9093530994276344 -0.17648177712384677 0.24195487203522045 2.229686933215715 -0.35796546677634955 0.5204952572323018 -1.243182012626501 7
-5.352822021237919 -4.2453007987279126 3.1109168239900917 1.40488383199187 -5.140292350754349 3.0578367985341757 -4.075228707050914 -5.287858716581233 -0.4617809673473685 0.5013951003613757 0.17477037609870424 -4.936641761727861 -0.8550830694250269 -1.9010774651478357 -0.8407151693942786 3.2478094770694708 -1.290780248389805 2.2775323244626784 -1.4856104672749215 -0.940717000452361 -1.9858457928598976 -1.0966779158719386 -1.512238112659709 -2.3133518528412274 1.798386715600236 -1.6194462509354601 -0.07518364825935372 -1.8826970601051498 -0.07961307515269785 -1.126906998316396 1.5511158440669006 -1.6402202684684808 0.004614565307769944 -0.6573768430290056 0.445743675059891 1.3568203624079136 -0.5174439253714584 1.1009854936657093 2.2214654887298693 0.9844765195983798 -1.177473871444491 -0.9592620951558225 0.7063512849153426 -0.48104431763776645 0.7457781261890413 1.402559558508238 0.6686782254494749 -1.1630539616346751 -1.5067512762516533 0.5868320650839388 1
-6.505218241086883 1.1397109953958522 4.725694194014608 0.932669590635538 -3.514320201260452 -0.6808697014406975 0.8981008371946133 -3.3080321837196536 -2.804447321738214 -2.1913353710331 -0.7959743587299706 -0.17591945742139473 0.34591656026917905 -0.7102709418604379 0.7250771874609345 -0.045151519731490966 2.591688594767414 1.138084066278941 0.16247095837764197 -0.9703976855645928 -1.0769913800355617 -1.1281733565197813 0.46712082500683555 -0.6326198344799956 -0.6425225401104196 -0.28224831878747686 0.14574167774246066 1.1441600983643134 -1.5242802385061793 0.09035990343069097 -1.0703823508801922 -0.47921370624247545 0.5389208300538558 1.2664246532101469 -1.2309706233898845 0.7145653082027735 0.9044697532081538 -0.786957212149185 -1.5123769457526444 0.23233872100896596 -0.8894326858907231 -0.6334709246392771 0.10737665602923867 -0.0794204342324121 -0.3112615229984242 0.2125286253125913 -0.12420399836385418 0.5157527675167561 0.8573061935884521 -0.5794031096665531 2
-4.819916297459053 -4.126781869571273 -3.9754461750484626 -1.040874886984816 -0.13505752628848652 4.512554653821151 1.3970978200333313 2.388069991493093 3.2586115280820187 1.3273496743607374 -4.291398033357588 0.23179411003779954 2.1115598105732882 -0.9352995271581511 -0.9172270258787598 -0.5149971473870812 0.4809177224565092 -2.19261209107134 -0.93732882302291 0.12514486296689756 4.217269967160146 -1.2963414425144697 -0.1388036179186179 -0.3245535823719461 -2.7388796547269356 1.2644696594547078 0.6120843812724271 -1.1131815169599495 1.8264884227560538 2.5501837051215897 -0.7357312019145125 0.22695558224664536 0.5070952216837483 -0.07946632840891589 -1.4828635118881723 -2.1922001082118068 2.395532566671026 0.7774248978234999 -0.42326352279382823 0.03766372619293987 1.6994668291899993 -0.5522324941262218 0.439420842812459 -0.09564603851723931 0.32200213584945275 -0.8159637486182277 3.323258201638231 0.9811616783929658 1.5182978174767396 -0.13752867364997035 9
-4.709009480785447 0.35279537092294566 -2.7335354572135215 -3.258778316506409 -0.31712798666192593 -3.0570969193507227 0.007473356057547107 -1.230537192690079 1.9420660651333832 2.357962042939229 1.2938017704427172 2.309803979442746 2.676786119281963 -1.8897487861467157 -0.6199131092493105 1.4067390270853448 -0.31356535506937977 2.7843965760923104 -1.0880695037228707 -2.16337533615972 -0.8016587007975646 -1.6389933119733457 0.08769321115202865 0.17643254030587083 -2.1948223630378183 -0.29173562566652256 -0.20937623299158403 1.1045592876317856 1.6134361166823195 -0.10601589968291422 -0.4894255655368378 0.6170674527093714 -0.45543793305519864 0.286740273755237 1.2191218417732217 -0.3141378274074181 1.7060732826906524 -1.43093443141548 0.40290624144304416 0.7844190404027813 -0.6704503902577164 -1.0442514042410556 -0.9519832501769623 0.17560855939702494 0.7901818594263764 -0.31779729283556524 -0.29018982601926746 -0.03690214165902735 0.548477943882882 1.1337587551277502 4
9.539145369167578 -12.731536246693476 -2.7819178208438426 0.7911648551034286 0.7561421197903212 8.992035358535626 -9.034624581178525 2.704374916930052 -9.910004028576733 1.4926768766546692 1.948162941214557 2.2531843743918314 2.4772042205062905 10.420536954071396 -5.797607919938461 0.9769433082168512 1.0443604779696416 -0.8667442233691552 1.3889304017239061 2.8300492431204076 -3.154857717507556 -4.5131966395934064 2.2521947811599254 10.244383459026647 4.885689286357679 0.7672327678661726 0.5094548581361369 1.1407679148446814 -6.470206031121641 2.7397113971632177 -0.7520372633661961 -1.9151336939202963 0.166981773701762 -4.072299536708582 -2.808324168914887 -1.4295642838683058 1.5644329886969053 0.969305694102669 -4.164309748358496 -0.13740690790609017 -1.4082912475917788 0.9321708348278418 -1.220800691152553 1.0844949857792323 3.161690943050388 0.24627147875671332 0.1387614837115783 -1.6262303807293996 1.3918131092260118 0.19183653027015246 2
-1.4232141154363438 3.389517154696111 2.1649676428948044 -7.823877614221022 1.4946358133942335 -1.1051654533870598 1.1449604889539742 -0.919748683576581 -3.3299122129613523 7.385876705444771 -0.4632019671487547 -4.411431594366621 2.841048490466134 -0.09816539646190152 1.3099545327019178 1.9215092189400458 -1.0330885309614772 -1.3041926862570437 1.1282115014754333 2.2941996808750598 -4.752691615868938 -2.6514275998640597 2.5841653708161476 -0.34371596411031247 3.3488540113001988 5.13855815214054 3.2192223375870928 2.1706351031035998 6.627886334146126 2.2601977364936645 -0.3208199564245465 1.9883379825872527 4.1006783526250885 -3.3981641132495493 1.5089588440624226 1.5196934838783265 -3.205634782668465 -0.10091295641538478 -2.251114832650605 -0.5156809884190011 1.5135146883767607 4.323198601173251 0.9336163532809996 3.420391878823535 1.6252767589205541 1.9875342173466015 -2.4196418119719745 0.971801196324924 -1.7650570585464451 -4.291965194047427 6
-6.245565992356592 -3.9984536243925253 3.844605417265289 -0.3928332898943723 -5.559756481631761 3.1436459566994954 -3.8846036753849242 -4.823523806419278 -0.997344943820376 -1.6758194642589788 0.40584750072104925 -3.4565051743901445 -0.21882466555665173 -3.578395276652331 -1.611006739194664 3.1568243045144992 -0.29013767220155007 1.8608971581324616 1.3110764052804023 0.014746348134874425 -3.0213391224096866 -0.1394903917469111 -1.7592751316595363 -1.6303377806561388 1.251119813233951 -0.16778600251106163 1.029318399996184 -0.5952784568851566 -1.0108879220476945 -1.2108883217934192 1.028104504515185 -1.4428643424280176 -0.25403908328082797 -1.3285027534304858 -0.37895205031110984 0.8899977075873696 0.24262803010132925 -0.477611176297551 0.5191757866322038 0.48286222611032353 -1.0912505140122852 -0.8236031325847833 0.23869743581096994 0.7317643684139891 -0.7548446198176527 0.7673257661205014 1.2444667186564207 -1.0781501405403182 -0.47103003841448104 0.47982218590387804 1
-1.8006857744373774 1.427823913819569 4.322821032606293 2.5099884352034363 3.598613944474168 -2.256004725456183 0.4588490666951546 -1.4730240584239986 -2.3411661892573172 -2.3253916207145022 -2.764838595160616 -3.5860371646132636 1.8019227786489005 -1.5126933729048708 2.7188189172517117 0.4231647849054 0.5013614241805927 2.407335755529392 0.5821675879823318 -1.1384118559858871 -0.37657617433227486 0.5849275467074587 -1.5782308016942617 -1.1773777830003165 2.5135437524673714 0.35076475265067464 -0.8711660627836039 -2.509030816321814 -3.6340722035987283 -0.48669346028750465 1.519633873014626 -1.4493242303001646 -2.189648621457738 1.8076508836116736 0.0765494885618785 1.4709264837722564 -0.6079760917531745 -0.9100278214614933 -1.6862634678037827 -0.4534203656008188 -1.3066325609783045 0.762713848287108 0.9032042919621726 0.6441891551601435 -0.5627559994690541 0.3084750817130291 -1.6412360131236328 -0.4054284396061788 2.4093827218593518 -2.353068393320341 8
-7.042190902837995 -2.5646975328016963 -3.0124033782486923 0.27935048196378115 -2.9604051279579076 5.22068224914543 2.1481173144193564 1.04261389900145 1.147304963127276 1.9563793551008044 -6.232803515370601 -5.095341718073472 3.6445124048560538 0.946774193961145 -5.562369141210419 -4.359890762590745 -2.280252651374358 1.0789721871363913 -2.2288881435961865 2.620620691944515 3.217636913755207 -0.44813387914316355 -10.020030965806619 -3.8546989492964965 -3.288124401881743 -2.1917954688834023 4.966951315136141 -2.6175697657156003 4.670568433486357 -1.299620799489422 -2.1425798585709694 6.0542460692706035 -4.506191518898399 2.7944420858028587 2.5942735980136806 3.315881723930443 4.5077673640619 -2.511282834263493 2.0698032044907326 2.225223203893105 -2.398901490783938 0.3015292408523367 -4.506643488816668 7.622176298816479 2.933872938693346 0.34820783743200373 -0.6334669976304637 -1.2822313074989116 -0.12190486500711901 -2.6004354586892493 9
13.133606482707687 9.05010545066064 2.4115118679108885 -1.029805114650347 -1.9620507291118312 -1.3111850834778314 7.000058355197174 -1.1710327306118713 1.561733843120552 -1.582051511847244 -1.6979840602681127 2.960622849130652 -4.078946597640644 -1.650600984979222 -1.8709071346990607 -2.4150595671492723 -2.32384947552218 3.4268438518633184 2.7973775749391656 2.802365256230344 -0.7919939829560154 -4.277581922326033 -2.428758547054758 6.014521555615194 -0.1620696179843053 -3.6842976285366937 0.7293652945571203 -0.3981044109502937 -0.44460119760730493 0.7019145705678465 0.6011615237765002 2.8549826951301984 1.2457114506657838 -2.177815768093299 -1.167977924747183 -0.5159247669759656 0.5700966010456852 0.9159911225758156 2.1122956981731096 -0.5296941283870089 -1.38084564295922 -2.60243422854735 2.5604056878935153 -1.7131297105849235 2.750934330711391 0.32263433754450577 -0.5171168347775733 -1.3069902547047547 -0.08934224753400791 -0.9600384523770654 0
0.19270680942634125 -7.612404740830487 3.0205793169550734 -3.694640300971096 3.283192932050987 1.017148376794458 -3.9116245133601053 3.6416948259856756 4.544150915592424 -3.7287383756066332 0.031361143125124294 -0.49611347244872794 1.9377504589059007 -2.121636966198909 -1.8980996261582006 0.38954831124014594 -0.0934078687807988 -2.458367473991501 -1.2043516084480503 -3.2019611699983557 0.29756892867413565 -1.7818975823931007 0.20004428187431458 1.8239848630764735 -0.9881921040059389 0.8930509846550128 -1.0013095201813795 -1.2855980565729677 1.6836996863996463 -2.455899002082631 -2.0484639709519263 0.5813821837980223 2.2189485271162215 -0.6361120563097695 2.2393162446066848 0.3238808254161381 0.23587572462939183 3.1620369558604025 -0.8963050074385529 -0.2855065865068683 0.9361078484788404 0.22072367051028968 -0.7751931289103356 -0.39183914207165715 1.5672473241741098 -1.225734104360561 -0.5096732666976184 0.022271381510290175 0.6043668559940298 0.24599350665219527 6
5.561330418579751 -2.8146294338989777 2.058047539830967 -13.352419475453036 6.090819757329228 -4.17344600965284 1.5510585207047263 2.347167205263419 3.5690129596143487 -1.634894694155856 -1.7067339404682564 0.6725340700153121 -0.8999765708576752 4.274093061505901 -4.462769996426662 0.6117110101744543 -2.375374486522702 2.7365956274263223 -0.45792720556966277 -0.22664374606772233 3.37033176746747 -0.7062650139983019 0.39003212234589685 -1.9712726487079886 0.5416218227583512 -4.142853604841093 -2.959927756457348 0.022153675165551598 -0.5827542356680332 -0.4808307008975875 -3.841968887878205 -4.323652872246469 0.2060538797987704 0.829900508744805 -2.5045512460271073 1.481516070428561 -0.06358670161521442 -0.27257649954381447 2.3867936885619354 2.4145205982123623 1.1391430874555646 1.1575058466949901 1.7887461182814066 0.5319058553552981 -1.430323642793202 3.7296963105648424 1.882739192179479 3.4708102836075807 -6.755927982698458 4.894942630777295 6
-3.6121246605376998 -0.8314269804374862 -5.958759258886503 -0.7463729790096877 -3.902757070695284 6.755173995644477 3.4626284659925117 -0.5465030117882015 -2.813523285422551 0.3007842332204101 -6.77205263472169 -3.97895367189009 -0.2713546327737388 1.552178982562801 -5.529203341061688 -4.462596582724672 -0.22150151524872003 -1.0030988209195277 -0.9867222734560714 4.473688426476294 0.510336277817695 -1.1615490114235145 -6.660890174958745 -1.6483165186772881 -1.309217040222285 -1.8628755080527548 3.523291950993009 -2.8115860927191907 1.8471249793950373 -1.3265133356925176 -2.0434800054386186 4.85374057966511 -3.854931963893915 0.6428725551806875 3.0644711371717452 1.6311144323548168 2.3262215201657055 -0.238707999105203 0.8564889207402102 1.852281821834545 -0.8362793173597309 0.7274300352746291 -1.8083210264436136 4.741614167557455 1.0503349130500257 1.2870244998459723 1.5822273785964571 -1.011224523980132 0.9145071290167024 -2.2911055094810977 7
-8.26340318095309 0.5724099015284313 -1.8673532138826725 -0.21763625108250542 -1.0411613774406676 -3.1465670656211238 1.64507169229616 0.3688784460097743 1.5710764808950952 0.2129324674142471 2.8005512242514996 2.6825997895554186 1.5176395996068124 0.8390865929232001 0.24148282213518588 1.6460390049924483 -1.03182188472988 3.9828921400244304 -0.48213866639467134 -0.5308417916318288 -0.06454289807525544 0.00854007382509442 -0.5858366986515713 0.0188722029094755 1.3765298754083555 -0.33879566327672295 0.4780428430282206 0.6458639636600552 2.364163471685997 -1.3644513733330612 0.8430698108131747 0.4553001242955205 -0.10534511173704077 0.7353389719364458 1.7687723385526226 0.6447607821359467 1.0990658451657036 0.426400081344975 -0.6264358122994241 -0.27323500014171453 -2.461958185847979 -0.0942444324546572 -1.4858676082865485 1.0016612903180626 -0.0318985903361866 0.552121364198067 0.02182895937761352 -1.133176728086444 0.5502345533175845 1.259257690875032 9
-4.077441051730598 -4.254700516927039 -2.9510326734868095 -1.0855612241288426 -2.8222863043661004 3.5766594017474627 0.0031901752825816304 -1.2036013077930896 1.443884733367202 2.2705766792327107 -5.878568054230013 -2.0533465561924595 -0.21199592980488388 1.819313332349878 -2.898624698486495 -0.5277179462385402 1.6573396135576193 -0.44458335251694364 -3.3118077615872297 1.2187739724438957 2.6247071984198915 -1.8980397736361467 -3.1019902138508413 -0.769606337744945 -1.5407053661742967 0.784146285894543 2.1558150577897446 -1.6272208434969726 3.342907151263766 0.8956699804548482 -0.15668919414956442 1.5602350147987145 -0.24688927829127053 0.12282042388919485 1.2442875789062204 -0.23726965477519454 2.527021142608314 0.6793320663920053 -0.8584199541924891 1.0524802020204391 -0.7807646422533736 -0.9707195380985452 -0.3509761246623607 1.4964342237311274 -0.1456138097578524 -0.34633911042958004 1.8177550483627667 1.2342946171466964 2.2906941591200876 0.07400690283570613 9
0.7420083258060589 0.9650861041336903 8.086997739557168 2.3906095880758826 1.7809668853662584 -5.619157362321913 0.3119125494597709 1.2953072470256517 0.46622022273910224 -1.1571580707023719 -2.8113933204827175 -0.8766760932322425 -0.12875562531445126 -0.11386680676086047 1.4275759733951146 0.1312717268926912 -0.265202297235518 -0.878075203567382 0.8152876134544481 -0.7674149078569141 1.7754940966757298 -1.7245002595582142 -0.7510959172865961 0.23380263892525593 1.7382673371771429 -1.3239066019582812 0.14529876820111834 -1.2678998895389515 0.011448718276970601 1.2293940506673156 1.3237540619956008 -0.5377666356427803 -3.6352799393816126 1.9726728987744924 0.6403803081637814 -1.1779983336090896 -0.45464038853588695 0.7118616184190242 0.032636523524477094 -1.4301653722941992 1.560742370191569 0.5548493648133694 0.6609999140755956 0.24620304519438568 1.9082734841105948 -1.925084672766527 -1.263247027778076 -0.9274728893951064 0.9709066616928763 0.16566765497805377 8
7.635103817345278 -12.400247351851707 -3.62625984555367 2.647458881065095 -1.3331615251791409 1.1746734884191075 -6.714592151796385 5.715450991822263 1.5136216437403598 4.04500587245239 1.7572045031641543 -0.28817575935337264 1.8838107483788855 -2.037011717235089 -2.6333239849636834 -1.1664732369650683 -2.272967369507383 -1.680922140536869 -1.183602107048476 -3.5442001740860136 -1.5860800481248958 -3.951533498829333 2.0878589439032003 1.2970668499290259 -2.5179333774809254 0.4404564054221782 0.5985922368296082 0.005108482379257692 1.474234455341393 -2.2111346897052373 -0.3267307595464276 -1.6869685436039963 0.6159830967368309 -3.1869633817320997 -3.288551318359595 -1.0112910654593994 2.0644194210891893 1.1919869737717228 2.230255437942351 -1.6723552251370246 -1.12199204318652 -1.1307836889540068 -0.06902173197864418 -0.3134729347220974 1.4666895986508417 -0.30444844168546087 2.388990767341758 -0.6141976561474795 0.6625347476097895 0.7661987051673628 0
-7.809621185395299 -0.20356339621754782 2.129190519913456 -1.831154382229221 -6.665011618428038 -3.1444838044148593 -1.306644400378878 -1.250965050359069 -1.4730240467426785 0.8845451429049103 -1.8576251040600695 1.0832708062655743 0.3481613862246194 -1.0790136873589515 -0.8154178223814312 0.12634634806557002 0.10040031058039492 0.038884780041682346 -0.12161133915323392 -0.30428611699188396 -1.0606700389092498 -1.2019547966955437 1.3554503256953836 -0.15970613418786292 -0.06858706461219294 0.7318407561092944 -1.1628521004638865 1.3229060343344354 -0.5183637645384953 0.003933880102616201 -0.16107297945643628 0.03419863146875485 0.051417154391330454 0.32200513782748447 0.07786788135941346 0.2776605361699821 0.8348919056360161 0.6173634419438689 -0.5962645556590279 -0.39677344740638815 -0.30241389793106016 -0.056919115838459156 -0.10290140097075227 0.20292402708867927 -0.22848847033741265 -0.5528495614867818 -0.9055961714962972 0.15079427603282694 0.19253159402972583 0.05264009649399189 1
-2.3544431648184423 -5.1065045261507285 -2.3873775303480023 -3.768144938235763 -2.073023734174805 3.0005433260032524 -1.6269526627676443 -4.514086095575919 4.938887806957614 6.2456654501324484 -1.3586676421603343 -5.259653189713815 -4.101156075728179 1.5586088358133325 1.6750906535634484 -1.5858214527183714 1.058529724811034 1.545989002294739 -0.454745552422167 -3.9225181393472375 0.9388837859089867 -1.2653859675134966 -0.7599581378890241 0.3304551778251213 2.8956176765388673 -4.822294744264155 -0.8754477514515475 0.9910020158795472 -0.29204733898469437 -0.5875406688280976 -2.7002186973151296 0.8615910012189892 1.6435421646830728 2.4752812318804094 0.9386559224957634 0.4771734297172139 -4.508309111433654 -1.140153473317692 -0.8243761634063608 1.7448450053475053 1.7177251026818736 -1.5959681197091817 -1.6155737447200038 0.5089212566698578 -1.2789077873888552 0.8217883308516032 -3.0254262448841884 0.855372366658204 1.8324729274290976 -1.8832614405479786 4
5.298283829071808 18.39920689910509 0.7000209675852503 -1.0903779842130361 -3.2868128891550503 10.75151905087753 -13.430668994584318 11.444021821248363 11.84534727590048 3.1103111002999104 -4.266855624342498 0.8279645160121795 -0.5351901587217337 -1.6408718415264307 -3.1941181203071705 14.588322541228807 12.264004031122917 15.506595649330368 -2.7581903598903508 -2.5524945144987585 -1.7774052269941 9.888714056505295 0.660038186347054 -7.296792257144083 -8.882915608460419 -2.233324811515653 -5.713317517821949 4.4202584077415885 -8.237073972487819 1.4948853246857532 4.101549856654225 8.075583139904815 -9.472930483676107 -6.1198862236839044 -4.951438123438814 -2.4709908154855644 -0.11721879431966649 11.401456038618827 -4.9740466787008115 -0.7507875489943171 7.711838472204744 10.406302563173746 -6.7431511955715235 5.7354359123952126 4.583064794494298 3.2845854897175344 -5.814336403763746 1.467684219716232 -4.350140237162394 -4.626019949927739 4
0.2513255092040075 -7.505853819970943 0.3085915689109417 -3.3539377241399086 3.560473827847683 0.38676373369029177 -3.5747191528032025 3.5255420016459027 2.2299840324843836 -1.8303218517566482 -0.19265561759496405 2.1109045659581427 -0.3455234431763999 -3.3430730926691736 -3.3368656190298642 1.1293134208769495 -1.18973790293493 -1.8251393008381849 -0.37107208205975023 -1.7120944535854772 0.21721785763168566 0.505595094651233 0.3694121231538071 2.429595359024815 -1.6886750420360954 1.0010273565021264 0.7001394149860682 0.08654942383027107 1.6117484345021438 -2.947162342849199 -2.0814592177682294 1.5206623609957712 2.410989378501099 -1.5923274606686852 2.205013895647332 -0.18005976983627286 -1.2183697839430572 -0.7279630978126358 -0.9142908627667183 -0.49860103308399567 1.3095668143216144 -0.03951284785775932 -2.565239749134305 0.29035054477134664 -0.36214848335172156 -1.4576368308687915 -0.5198810010379549 -1.4727638863687413 0.08313447388659917 0.11018351019029264 6
0.849160983942373 10.048075787154373 -6.178754967296397 0.498212215004145 3.671533166335604 -0.657397412313879 -3.9663684333089875 -1.5229946940503052 -2.1078640898892145 2.2938580234395785 1.5163279843473314 -2.49877563325608 -1.3979917253653604 -1.8446820420978913 -5.449500259935892 -5.145748388307902 0.6837231066409272 -2.764450028298173 0.2390454501135057 0.924182893135597 0.6092642764292712 -0.2596890278975962 -0.48764036053212517 0.4433411201224418 0.19720434819699975 -0.33201201277032394 -1.8284204138280267 -1.0388815441003543 -1.2651362863799132 0.24969138784095504 -0.15029018284949866 -0.2929806440465345 3.883747904681488 -1.3268839171046398 1.2717180338912089 -1.9503916550627898 -0.37578137892078883 0.5966102736199499 1.9037857781745855 -1.8565010644905808 -0.9771461313266608 -0.1851861472490212 2.498895318104918 -0.2728062284028474 -0.48958027959013634 -0.9273719539941342 2.030880586384395 -0.2197003789259736 -0.027144176129563952 -1.8467284576658742 7
-6.756006089400386 -3.9503280410352644 3.2051775351172163 1.330857105051174 -6.024367390220263 3.418684220683022 -1.8157438285106844 -4.545087981832467 0.49094882401877105 -2.189694242827546 -1.3157798720760434 -3.863930767341023 1.0544051481774113 -3.55433863594166 -0.1636489574183783 2.1902719165754765 0.5303381235452113 1.4526606231005834 0.5144550652217801 -0.02722363221896703 -1.6215295716393625 -1.2875889006414127 -0.7274159648312304 -2.0659992079827267 1.0387405337838573 0.29404609087177075 -1.5251518721401593 -1.1344884911909678 -1.390688139085988 1.7785162905790362 -0.1484905445748534 -1.1387502002703267 0.09194290866318246 -0.9021575228914108 -1.6345920414483002 0.968489660323406 0.3014891083936382 0.6090864586153024 1.0815256712863288 1.3990692006738386 -0.5450867181319137 0.221715053444956 0.04729368592261924 -1.206381091380004 -0.017028123251866163 0.8739645142690089 1.6602853915884357 0.38611537491835746 -0.5397656842465819 -0.8476527961452082 1
1.4285730605435003 6.369261305720202 -8.269834985427805 -1.484483921055356 -2.652397874858704 -1.9010063129424764 -6.182132459604537 -6.542551581089081 2.6552709265347803 0.7156940028064079 2.0190036439649464 -3.293431844156322 -2.2400572251856565 -0.3133686806744078 -1.9758241795024547 -7.8249210629064585 0.572888066753007 0.8072137571893585 1.5482205105775657 5.121500839077867 0.2957369339868403 0.5967831947495594 0.6395916111694242 1.4203125333123172 -0.5715040073125346 -2.316050093800773 -4.45043091624796 0.1618655936288308 0.3801643274527177 2.320621284423228 1.8069267790965249 -1.0652512748796166 0.3500708561836915 -0.7026454399277378 1.5585774134429888 -2.672024572260515 -1.8694972776051082 1.1900827566231127 1.241920777392463 -3.4473103472104265 1.2166277177281655 -0.2457855537435297 0.3325605337874073 0.09378414587019139 -3.6813824027877717 0.3607960581412909 0.6750479972033843 -1.3623537147315303 -0.11257461662958791 1.5144671286277018 5
-5.805831132236141 -2.8715651588551516 0.9357881335986918 1.325308287252676 -4.265348928054203 4.140234574375211 0.44088435893036 -3.531953520115724 -1.581410973029342 -2.4823256918558783 -3.179133256279604 -3.203731458369702 -0.18252212420772318 -0.3402064000965897 -4.031789179670012 -0.479085760852228 0.05393613754340739 2.304885297914895 -3.681410948706108 2.098836291073356 -0.30557548406277346 0.3095236272662483 -2.1866491720568724 -3.5853729915376467 1.2577215338741379 -0.9536455582203293 0.4621433188446107 -0.4364859113222924 1.6016993368920807 0.3102423976854739 -0.22502049022523904 1.056751534681208 0.5887165738944018 0.11068987592151147 2.2453746040249154 -0.7574645798860722 0.7869165289041699 0.727508413617473 -0.38694513717689694 1.9937988327886358 -0.82728666708832 -1.0734347875389512 0.4554521131498825 0.8767098197449548 -0.6587469969647377 2.2211972395497988 1.0832908742265828 -0.9117615153184754 0.3458869986877481 -0.556077521786915 7
8.568171260165368 1.8848838781493784 -0.045580717238183355 0.44556871750788485 2.544887505970208 -5.842378365103667 3.9334713755794 -0.7077268431657586 -3.281573122776178 -0.34965468214235274 -5.264750565183421 -0.6708828653177724 -2.026642344156545 -4.315747504480864 -0.9940674883135074 -1.584916118711798 1.1368970815698276 2.342844606549301 -0.23194581545997867 0.5291581435801072 -3.2083519663390083 -3.864993290736528 1.3890991673877569 0.8581876572907412 1.6685003849072126 -2.447909045544332 0.5559049692648156 0.6651654753579154 -2.581491966661603 -0.12860105410173298 0.507966627288728 3.126661578575773 0.2217822443601213 1.0937737604509958 0.5635571465858052 -2.1866930989523485 0.09395900431083143 -0.5642875158629459 0.06327908689650896 -1.496336227713287 -2.4954260646669364 -0.24726067158991158 -0.7411924522189811 -0.7792848812734934 0.9776097492560419 -0.3152378769016072 0.5660958463106258 -1.5173871949131252 0.5235131411220489 -0.6269433357772386 0
-4.187175715038054 -2.036176234761741 -2.8441533362518574 4.238576144292537 1.4265917611105183 2.1920047551808066 1.744928573560374 0.12908096698641794 1.116399460452691 1.4418506847729973 -3.3388029015104976 -3.414549341148448 5.85783345333138 1.561098351675963 -3.809552216018032 -1.9288265259357222 -4.502923092234249 -1.0400169893364983 -6.3129384075662065 0.29642322510618774 0.9658270775497355 -0.6818199034446983 -5.848305930087886 -4.607524276072529 -4.335121596311482 -1.015693162333057 0.21467037476179995 -0.38256348251796657 2.699509948929605 -1.4260992872711653 0.8399540499791224 8.12852806299594 -3.023183506883365 3.803430987265227 0.9955973659970493 3.3969333901922503 3.166421260627738 0.9524338339735686 3.8019959846903713 0.2066630182368892 -2.113341807372458 0.17452615938054894 -1.6811116851066734 3.2602145453154243 -0.3369876173934043 -0.2769320770260832 -1.5858486444482214 -1.5442480255356847 -3.4268610117844864 -3.6345740074580917 3
-1.9534610492601008 -4.477221614353648 -4.429487895864259 -4.654474741544598 -1.2539366317272074 0.7981036702228099 -1.094775997582361 -1.3422237677971698 8.185817871006636 4.822905889650199 2.4495194572681886 -3.629268310465607 -0.9118355038594248 -0.6222055589793817 3.4930411231287146 -5.783529304418577 0.8466443428222965 1.0207869152115012 1.8742812098678947 -5.086219368821793 2.6667387990478573 -1.3834093271875139 -1.0252869414528287 0.9872144607735275 2.3423718764478214 -2.9392104504539316 -2.6685374218733817 1.7039380704232143 -0.649220933904959 0.1558249467553273 -2.6813242305936638 1.7466976899723643 -0.0029627618565990894 1.6321460109509356 -4.642096268558848 0.4723720159533953 -4.276930416971822 -0.124989505513451 -0.02100105679025655 0.7913724666267103 -0.06295053288500467 1.0201417784675204 -1.0412579253990062 0.538082142406802 -2.896466823693644 1.7646238060733102 -0.48459691773405345 0.18814659898213332 0.7372421556777783 -1.1073484232388155 5
-2.2597643646106413 -5.955472870863198 -3.1225590851492115 0.26415815021058364 -1.1236688574976388 1.3862851423213893 5.203779775453971 -4.745487159055531 7.305793234299938 3.105343233194599 -3.370829189889107 -4.79733848991218 -7.641457858064397 3.410415237254534 6.731590286991313 -4.718616324970162 4.255059698863047 3.2218509543786236 1.3957676369914616 -5.022308605200472 0.7376770840414187 0.8672775719928207 1.2465933925450254 4.136089368522329 11.797291884592026 -2.4968266074517405 -7.021649658520366 8.297738053201757 -3.0806361843288474 0.8590378177753121 -5.8806447787408125 9.458991562612976 1.2774127318352504 -2.377530284633593 -0.2637794507642639 -6.431816976770814 -5.8923804057464695 -2.8121986187657235 -4.7701985747062 -1.0232544795407037 8.978388486471676 -11.519986040040186 -3.0038906151054716 4.45682117197393 -3.9242582597349007 8.627149421685194 -4.798303701943505 6.095328116776991 2.0389928059030438 -13.633505932793742 8
3.446357344679086 7.069729323770004 -4.313313830665861 -2.234737110487262 9.01719478543925 3.7338201914831943 -2.6938506617118505 -7.44418786462733 -1.782016216929271 1.0895229295407693 -1.2955117785735426 -0.7439769026291302 -0.29627390368620493 -2.205485552480178 -1.8628523812956042 -4.169784712992288 1.1201208212364988 0.04680872817144038 -0.1141640544105187 0.3108811027135251 1.2964130069005393 1.0561300893651242 3.279263939988927 1.1297832421784895 -0.06585738713490222 -2.2541267930766704 1.4749303191961198 0.024386038313339107 -1.510959769235363 0.4141021936519587 1.3999677352492395 -1.1384333350122948 -0.9371696894987799 -0.024023806102674527 -2.2477070985037018 1.0048369929759686 -0.9767865480759231 -1.4256430585509876 2.8374618196044565 0.15244600897810462 -0.18050885562977062 0.8097834795367402 0.025450203124718334 0.9286264742049652 -0.003972510389196764 1.1356924837945188 -0.8655973757906772 -0.20922958994234409 0.3312582095768648 -1.6144965663730655 4
-3.988733701939044 -1.8365758997058679 -7.861740706123219 1.0601208498860193 -5.807906917227862 10.258857544497337 5.579713974873147 2.0450012142649108 -3.091516307729174 1.8838148263997987 -12.454122727889365 -6.312259203622488 0.22235633917256958 4.1806866858351635 -7.802026097886605 -6.763454864288472 -1.1995307073482855 -4.290722675729403 -1.7278447395969556 6.324359455109459 3.4385104342603854 -1.4348797894091028 -11.645022482911767 -3.9987715245589888 -3.2461831020007863 -0.5760479810678759 5.246467265386991 -5.648178002568826 4.0539918130312085 -1.6051668463649604 -2.405296188756403 8.787920896593917 -7.3205563657519805 1.4994867024178333 3.092302219113847 0.25692652805305916 4.596902511498858 -2.3534090652046658 4.280758126244134 2.717039251875337 -3.1889213535159415 3.168733869739741 -4.414910234873006 6.419736714606819 3.759569619530532 1.608184242423063 0.5104040930946943 -3.992737822768167 -1.0637883481578487 -2.898435622168096 7
-7.424640560302356 0.1916992448273549 1.3484244067449358 -1.2090292992142695 -4.068626113374859 -5.491222652614153 -0.43652302447817176 0.5973654242366739 0.6738703830627584 0.5844435285847136 0.5963027199699027 2.467874649182113 -1.456060334779288 3.821727282491844 0.555523942094232 0.1256603638030331 1.84841109729641 -0.552690146645349 -1.2744460090533343 0.7111355567444879 0.09501159584700808 -2.254253745418317 0.864524120273106 1.3770217998117684 -1.1630916577700328 -0.9448589841467253 1.7708272869572752 -2.2005390386294352 0.19775114711960692 -1.0305526623103576 0.005772946781023138 -0.06668092310393184 0.9917090891639875 0.48443332659021604 0.11325871683381522 -1.0224235560552009 -0.5878396214651614 0.030923131802614 0.757253186992669 0.7347528716961395 0.933794169784851 0.384520545988882 0.11225081848617716 0.27301148557187194 -1.061238188087994 0.8324595989731659 1.9306293140442006 -0.8283148080497499 0.07917262449437268 -1.210172217223239 1
2.8554031621694085 -7.34896870272558 0.4273418398759883 -3.750026370264274 -2.327153598847017 5.547138037867527 -4.916920850847975 -1.7099626450435221 -4.514260567270167 1.5071051499497286 -0.9730516152544267 0.42382624220547216 -1.6140316224210705 2.487319059451308 -2.092732510699789 1.332564617406222 3.8031215205215605 -0.47882133697003576 -1.7405827753405285 -2.075740046765594 0.2655579690893955 -2.828375984881822 2.689321117547792 2.1392824088061166 -0.182830860661884 0.4109989720070158 0.6727565887542557 -0.1422577124307146 0.8932817033304397 -0.6257961597895105 -1.5715513469065574 -2.558099508851394 -0.09580811231246585 -0.7288049704744063 -0.34705207951449596 -1.3550794661150305 1.2915790990723355 1.969197994718925 -1.5763874437467897 -0.5126787785263307 -0.654331851621936 0.17451370636812144 -0.9063754355909099 0.22490895789112678 1.7197273206067067 -0.26365740916138974 -0.6265985440903814 1.8867025198060288 2.039886712511966 1.258234115747347 2
10.295167831181237 6.576091430783791 2.411196463366542 9.85511853092485 5.979346252352958 -4.716698325794202 4.139977152771998 -0.38854727926356325 0.9628010017341796 -1.0208207017200621 -3.5173905733095934 -0.4491416328236534 3.424724717102373 -1.5282840545769212 -0.13024046790859356 1.7286940251131147 -0.8812945025853112 -0.6882321365882357 3.3429061017352386 -0.4343059202093362 -1.7843742334096382 -3.1301227985345457 -1.201448774376558 1.4417344397347904 1.05909358527738 1.5979482207343128 -0.5883537380939834 -0.2734386966361135 0.0434277429467306 -1.258514590874253 -2.2790106146718347 0.4072716060719476 1.8234354337932046 -0.0028961268092312265 0.5733051226805367 1.0540205012689108 0.0230229079702522 -0.649918721261983 -0.30203950445439703 0.690649705292809 0.9153836291696762 -1.5229183124351853 0.23674295996088962 0.5196506630754474 -0.2957802281218387 0.11334072023253869 2.888535087582531 0.22227479598672037 -0.3477697213374675 -1.1173516888474435 5
-5.113604787027314 -1.9525330819019338 -3.7516278414158553 -1.4137765646902405 0.8186200313475283 1.2769435071044293 -0.013893374697394538 2.4199543356163202 1.240119959959524 2.175436394181056 -1.7527051299630105 2.323835294897217 3.441387698589775 -0.740189118848359 -0.21671129148338336 -0.1044223605465202 0.13958279017972383 0.861097989559632 -0.5137499401184382 -0.207380175225626 5.7166236983017935 -1.1637577251405495 0.11216756595479013 -0.10357312161522764 1.8735875749359894 2.240864913643032 0.17922985091315483 -1.4092903714258442 -0.8842717976173374 2.59308259279323 -0.946691635265658 4.751395087662557 3.1851288903219266 0.6368702018228597 3.2260083411103975 -0.8048314545946607 3.7650478997107295 0.8180251815135146 2.1597039470988593 1.6757071521082996 1.2013975506513623 -2.614043191181394 0.8477843382555789 0.6815396613450689 -2.6890738645178494 -3.954121346074745 -1.074714500747232 2.273841875486063 -0.7230241530417217 2.470237576201219 9
9.323606444504573 0.4957426019793114 -1.6278511231432324 7.08537970630177 -1.3355973510275412 -3.375686373356501 0.9669781907242457 -2.618736531921148 2.4085313321068584 0.8856495192976488 0.2084778392327975 -0.3661492925495832 1.0556747883749455 -2.7053955857218774 -4.096777011621478 5.287719649397865 -4.897517271963231 4.129772968274523 5.456288151791626 3.262104957894629 -0.8737433713901798 -2.816043883942271 -1.5883617586172336 2.194144814943437 0.3967003902678874 -0.33038749973117426 1.077789327925105 -2.782237995162177 2.359923211959185 -3.296061037204472 -0.6879849849132035 -1.395430665770695 -0.9608903034870707 -0.8147800794307158 2.199018431454805 -2.4703708237737905 -0.1879136381598788 1.5102425733811422 1.6454054358735402 -1.138350572120883 3.0840180949350913 -0.2309495964593639 0.4770310594422385 1.0935558127016962 0.763285592067313 -0.40541370839419 1.6164106663273228 -0.621680157175479 -1.1601466968209906 0.6956984068046932 5
-0.09113689805672394 -7.017190024832684 0.42473407574301897 -4.884679180808638 4.827362245256847 4.463493886450845 -2.0353387874871953 1.3050114664510486 4.860101467588622 -3.0357272154975115 -1.3413247398029522 -0.4669325568042699 0.2512531961019215 -1.7440051901222022 -2.66143886086461 0.7022068756681961 1.753953450204612 -2.273160232892573 -2.0011483555444873 -1.9108721864910103 1.0173700702012216 -2.783337609818138 1.0725653168574851 1.5526866862732298 -1.3976591707869104 0.3266487553166071 2.513754984391559 -1.772065754279242 1.2709338529929501 -1.488534084087511 -1.6863576509186153 -0.9120561295557457 1.7091622601212855 -1.0921145752439911 1.1678951899598748 0.17803639351748643 1.2432524844768498 1.0534084990614585 -1.4413126722628549 0.13653167315460735 2.741187369876497 -0.5508193018266276 -1.223854311492539 0.8879905050195389 1.6825162584961115 -2.461213282138176 -1.5045756233549445 0.4807036276233758 0.8749755464132732 1.8023492802456131 6
-4.727276729092334 3.7663716063628194 -1.499078838962989 -0.06749747128630881 -0.9148015133227075 2.559873160250725 3.955602036288753 5.155627435204533 -2.2734683651015324 3.210689044908029 0.16370717086018374 3.002686200156203 0.5476628137039187 -0.031297395891440635 -1.0675637968171299 -0.9760156128491012 0.7572029541428947 -3.3866267816010027 1.484761559202473 -0.696382474777777 0.18987939526126082 1.0852251358349545 1.8143697977848838 -1.0479757791591326 -0.0136053899933753 -0.8834819405940023 2.0675249945932235 1.6144405344219437 -1.566537085983282 -0.9962247704861885 -0.9937628940788726 -1.1340106364520635 1.143760913923186 0.10341777567937278 2.0094333757023835 0.741184207121554 -1.2435668697666935 -2.0617925120861598 -1.5361573629487586 0.134701618688879 -0.3865412049964101 -2.1877455410875277 0.6476248778975741 0.2882724214146455 0.5251331377268172 -1.6490016569580754 0.6181198329346386 -0.7768128781896452 0.302278227292778 -0.25236181184271167 7
-1.8048146490795365 -4.43504462707224 -1.2534855367144284 2.280444307307891 5.149385310622764 -4.149052597789187 0.17837604130264936 -0.7885132601777088 1.400102786368937 -0.9388809870814604 0.4607380843308778 2.336847662218257 -2.2238782897633755 1.1709313137212791 -0.09437823635750305 1.688462223902592 -1.288009602459277 -1.1979002607864224 -2.1957734375559594 3.176635267654524 -0.6780351689092025 3.3558561753649228 -0.14886879829861452 1.3576844746726635 -1.8294575714538415 3.1393159983972105 -1.19977920508656 1.223705534133477 1.3242432753353637 2.1026775395427477 0.5576609029552194 1.8323084563359686 -2.13991800841649 -5.007354520671282 -1.0899270173659776 -0.07079172579500091 0.48603354213659333 -2.95635993312363 1.325648303338356 -1.4940356803401271 0.019089790103939693 -0.6571184967578638 -0.1946719082600072 1.081273354892753 -0.5512234088414539 -0.20488371474017952 0.15589428870221506 1.4030829138205023 -0.5898793350265672 -0.38521426840340683 5
8.07103381514027 -0.6211572036848928 -12.47620743367883 -5.122631980809784 -4.9123988491267845 -0.41830952175598424 1.0238420626053388 0.2641227015820661 3.6580221690652315 -0.2225282522293493 -0.36929582385546356 1.4711862829789384 5.976216666307176 -1.733588871592223 6.479240118844201 0.6952172734725258 3.439969100085219 -3.3311959912661093 -4.611205098148135 -2.3907207700958697 -0.4072888241087171 -0.4176486533038283 -0.6296219859381605 -1.8787322190002014 -3.4884023566622244 0.08854955563105327 -1.9600886738088048 2.5724338471857906 -1.0032770335238173 2.878848809104665 4.861952490604188 -1.8352374851136997 -1.3111089308576347 -1.0682665161507843 -2.2283023791802057 -1.472637926667748 -0.18911059623209558 -2.295989540819865 0.8837159779997416 -0.026739187501757165 -0.07035578588543227 -1.0078454425981882 0.1093863065602723 -1.265897350428369 2.8327075531066286 1.230777265336613 -1.2088017228000374 0.16842739644341456 0.3594981918975063 3.3550150534157512 9
-2.925497128664006 -2.3041854706343536 -3.5200696198539854 -3.647045429950298 0.5978407838791652 -0.7696783006374358 1.4837712966648688 -3.4419259439100682 5.840658524196615 3.498496319398231 0.4927426623737909 -4.482303545015879 -4.989587515238165 1.374579735239456 4.526380934948835 -4.307521836140701 1.353597775474188 2.415506147863968 1.3601310718183435 -1.2905486408076992 -0.1891305533202447 1.939707185475109e-05 -0.5835811929426942 1.9289030170241057 8.167530671705288 -3.9300076635111565 -6.920952770573709 4.702771185303506 -1.808717293140099 3.4127918909811608 -3.300583541344175 7.517020816111387 0.5062112349853302 -1.1472404281871618 0.9470743164132809 -4.461915015790064 -5.032357259307883 0.02195113121880845 -1.0804881781787439 -0.958679826261295 0.9926324006635466 -6.197811964711148 -2.109221917595056 0.4031028799034164 -0.9743789636067527 5.36419587701777 -2.6966576492271925 2.728541237065282 3.1657813587099124 -9.25998460505286 8
-2.670522788253252 4.133419960705565 3.154307813966926 2.403125116608504 -0.14037037760185872 -2.9197533854755573 -2.3575467685398186 -4.911818217420511 0.04145858206531274 -1.35698621443529 -1.376596576012995 -0.6615901512938274 0.32098471361111797 -0.24008700468285607 -1.2539065685686257 -1.2548291529679008 0.291648777953516 -1.1679163815484412 0.7591799329894781 -0.2344618814876271 0.7493075173129462 -0.6683504918368078 -0.4156755732654534 1.100994009978572 2.0994658621365025 1.3326166007755138 -1.0467759342063383 0.5269607511222465 -0.020152936483467703 -0.6877944083421189 -0.21708411917066317 -0.05482355481828393 0.8858498390357387 0.6067271365212921 -1.2464414888415432 2.138604605671048 1.5462906763369169 3.1338730001223 -0.6105611387616464 -0.7528199807421947 -0.9271335048153523 0.7165255110192725 0.5065613076731829 0.49456717637591435 0.8935939320697519 0.22531736845009853 -0.25406683926361895 -0.3115174422390792 -0.7655678755364632 0.7183469259800356 8
-2.54112583303973 -5.751259260816915 -5.580542011628965 8.617835343997132 1.3779271845878405 7.747412373687297 0.5371090040267072 0.47633380810557113 -0.8649053261718855 5.548852742178945 -6.032466738335237 -9.511351844731914 7.738456179354736 12.81754163691636 -8.485670362393808 0.6281897634035675 -7.810365362005081 -1.6314224587985566 -15.060198440666154 1.9522321892523742 -3.691090858829052 -3.9534590513311536 -14.794841826704472 1.0765906537042012 -7.451719810469787 -12.931246656540194 3.5110047601787975 6.477433492258695 3.2966169652039756 0.45814774965322386 11.092051343233965 14.517136537749536 -1.8953687322021189 14.912377306117627 0.6838374225858431 18.04878021239538 0.09466643836418862 1.790028323242355 4.119094039696666 -13.762219638533415 -3.0254554883904703 0.6418317113997063 -1.4235034784106404 -0.9829532335510665 -9.707490794481375 -12.807589704337351 -3.472954021807373 2.3587134140179136 -9.727848726850212 -5.746559907433057 3
-5.456806148797639 -0.13117972122870894 3.5753079375386916 -1.5697741645864913 -0.635552715289144 -4.933064488134536 -2.6944277658247717 -0.3125664863711084 0.546145739713191 0.869174986805013 -0.9863329804209122 -0.3380004572679735 -0.19802356742221205 2.356054088104171 1.1637420357605481 -0.06891941049268725 -0.04725566215492614 -0.9699468033698951 -1.1929039115597466 0.1276440542696142 2.190028802638923 0.6401783203781631 -0.9281698238388159 -0.1436628967179901 0.4631305554514265 0.37555204062988 -1.206851194127462 -2.180256435497252 0.49174218188519303 1.1142459001604061 2.259193310565924 -1.107366963527147 -0.8080666967353911 1.4434948888145471 0.580646372822138 -0.5507243362717831 0.06684348796425019 1.731747383303926 0.6342701126410837 -0.18142437593142943 -0.6239203889561371 0.9983367323783923 1.6675332333833988 0.4798084860893892 -0.6225048791142176 -0.03294321416600785 0.49747957497910056 -0.19952780580224247 1.029377035878534 -1.040829326993799 6
-4.195412891494934 -5.644550172120085 -2.4208131829903423 -0.5299605455395682 -2.131048586228898 5.6515528603886285 -1.2298735934729845 -1.5778320194122346 2.7182110600389033 3.030668925183318 -4.347149376893528 -4.027665684168012 0.4947130918056934 3.6129067931888246 -3.909132380803308 -0.7330197474646281 0.245879536304487 -0.5945658595613278 -4.4004803104906856 0.8966832749151934 1.5793072456966117 -3.081795092529287 -5.423416681495535 -0.5689377267208434 -2.435723676621884 -3.0938621589994733 3.594874815929035 -0.21726121436878523 4.633294930212543 0.7187065497707305 0.7742857386197307 2.098439223978396 -2.5462261360751866 2.1720544330800937 1.2081922389301967 3.5765904890365325 2.3573625415032065 0.5617674358571735 1.5470825275867583 -0.7846919503946873 -0.5772225742447968 -1.9670525658455407 -1.3012193277193767 3.3087191240801945 -0.05001621628072009 -2.241491385681039 0.9683776387128034 2.2990868345126763 0.9958311144950234 -0.8944954385131454 9
-1.0658351907523946 8.30446204143305 -13.061063325561484 0.49495142113751783 -2.3737320274973928 -1.3230754042168313 -5.169071744308707 15.139183925791812 -2.0721142610788785 -1.2758585094001722 0.928882438510109 -3.799673278378134 -4.507539802888104 -3.5493550313732527 8.498693302890311 7.259988258653655 -1.7843598210043166 1.0587473199771813 -1.2841302784394364 -4.240061107793515 0.3270932451604393 -4.704857300719651 -2.027149668259707 6.029771809113358 2.5368114363322776 -1.1731971531177792 0.49497594729048244 -0.47959747428956695 0.0424974998660995 -0.41692002062853273 1.3105820636228882 -7.233847466241798 -8.053794263364633 0.6242167542643413 -3.1850088462367965 5.773312026907967 2.4679820988450203 3.6350591916672546 -0.21688990263516564 1.717123813436714 -3.561204924593914 1.2058694783779484 -4.338595476742978 1.3224029597845377 -0.2324950049472155 2.529359553829793 -7.5692047406407 8.168988662340286 -2.0655882613385734 0.964748429686404 7
6.86962598251522 -10.934099542899727 -3.567331201849299 3.1642458072426995 0.017046159591357125 2.3988306382196227 -6.085329909140968 4.6410878063496614 -0.9872649706807741 3.1578411290619797 3.2850599134367005 2.517370977888932 2.605610955907891 -3.4344257612247104 -3.9998038593141367 -0.9879926817653081 -3.682813724307533 -0.1927783054134866 0.7633685412090541 -1.2093516835927751 0.46321316443068966 -0.863278146855967 1.9464512251829147 0.716531551835711 -3.637990757602616 -0.3790710929929198 1.8619568962739796 -0.36623565576112127 0.41369549019892043 -1.6573352061031763 -1.7182721086700223 -2.5047988767195224 0.28769310122368347 -1.3049549274842052 -1.8101695596537908 -0.03322896097159553 1.7457934588349664 -0.43727960812402966 -0.17759191081186226 -0.591461835402673 2.2032970736359534 -1.7853267228659189 1.7716181775635802 1.74253354992209 0.31933072845903193 -0.37595086731986493 1.7083575587522803 0.14418338302231842 1.204951946224703 -2.1176794594276855 0
-7.346254340599904 1.280053366545057 -0.3081696580527102 -0.2686509849380058 -4.045298312353746 -1.411745007885475 2.6209011799944073 -0.3438361615897614 -2.8468482194194342 -0.9809177394991967 -0.4121054514910015 3.177340118777166 0.3705364503773957 0.8215723674171531 -1.423712213973531 -0.24254601130328435 -0.44278613927146415 1.0250202610742296 0.6636584984307579 0.61294836539895 -1.47530752367233 0.5595038307707444 2.355732760695134 -1.2127946560272036 1.4144714077287026 0.015188659737482077 -0.0592450478342276 3.2189754895552163 -0.36923807619036775 -1.7675131015378294 -0.22729401443218733 0.37193001386316465 0.7584962912320422 1.1177132476138247 0.8002246006269552 0.13074470638046767 0.08875275000856155 0.030693863116413023 -1.1252483963572137 -0.7126833478640814 -0.818269930747997 -0.5088917309053351 -1.0621463928995856 0.7751778367335852 0.43350774550396565 -0.3140562194818054 -1.410426122711131 -1.3524346745081257 -0.4556549524102153 0.26198507226608425 7
0.610211296483615 -7.001246878409016 -3.961575723011492 -2.5785650314471074 0.379658038600364 5.9782837815856915 -3.2581536659291004 0.320228684056601 2.8721135874183603 0.04804639344293139 4.843900306735042 1.445396537718987 -0.5562304311262068 -2.0173333864412277 -1.6095013067979804 -2.6260856955270144 -0.6669653854829014 0.6399433598021822 2.3935486596693183 1.0353261448340185 0.6856941516207941 -1.2768944990944602 3.404884204201764 -3.5444758795229374 -1.7000497487942057 -2.8128627140372253 -0.2960847256853411 0.30151735348068537 0.3923991101790224 0.229410071254869 -2.5801061273531376 -1.6891344150733345 -0.7213458030752841 2.871566965091999 1.3710879454861196 -0.034467869036545216 2.1955066049069303 1.588170240681451 -0.9095674422359533 -1.0955507570138265 1.1973581176457542 2.0278058380957056 -0.7626604115585539 0.37823616692397527 0.6360722701076608 -2.2228462787046723 0.2664748664916434 -1.2202675751848084 0.7357185145827715 -0.9348825072483395 5
-7.088390824766988 0.5565420186460169 -5.1894637398816705 -0.5799815493126875 -3.2004692742531926 0.4808744157477409 4.218007878365858 2.998091640373817 -3.475056528604457 0.7177631068690928 -1.3662445470881859 4.572749448148626 -0.6198352581805583 -2.169218508632917 -1.5353552917800741 0.5074585818288609 -1.9940949628958664 1.586123223942359 1.0009705713299129 0.8527379161095695 1.2478479388309527 2.1386152361001836 2.239788867368581 0.18853652937545756 2.8513244039485963 -1.0500941389736185 -0.3621563714905994 2.7887524256103156 0.8371161357509534 0.5155328004283016 2.289056275783462 -1.3202216165764575 0.41048781392466843 1.4549960359661995 0.9266072772853653 -0.1776877285487088 -1.3672032173903634 1.082630469770538 0.542863426349948 -1.745749927933841 -0.783836846066458 -0.3860534399370136 -0.10975207142203829 0.5149205759622435 -0.1782128090934399 -0.15896479213861905 -0.8062392571390902 -0.5047945521653535 -0.7312788863336226 0.03362507556850303 7
-5.3880869196448895 -4.287811853081528 3.508227494411974 0.32210402960902357 -4.9138221479046855 1.6601366317423003 -4.512697733763978 -4.950693951834615 -0.6623450920367476 -0.39336702340473134 -0.11035184479680031 -2.839468980941036 -1.9707485231886281 -4.918524677544362 -1.1419450312025587 5.039626748890119 -1.3424935844577968 0.7058804479792313 2.0910573018849923 0.1700812545820955 -2.3133728621333742 0.4301398824114575 -1.964138529278679 -1.4493470619559923 2.0458223821258565 0.2461337673237986 1.2711712813479557 -1.7973341735381692 -2.339236702148142 -1.0088828949321595 2.896507554606781 -0.7215523508324968 0.33718109251631245 -1.109785183486039 -0.48560779566979756 0.5208996183364618 0.7000400152181484 -0.6226294025027951 0.6569919562637212 -0.40831272053200085 -2.5334698878605026 -0.6418565133019923 1.2987120295679602 0.5031943813443209 0.21488342971810087 -0.13377482853552425 1.2151855254152522 -2.5656150904877277 -1.2856927466181354 0.481366618269384 1
-7.532095753905012 -0.39730063225668466 2.066588668207873 -1.8202709310751415 -4.170559383548254 -5.234538037183571 -0.21426757826481108 1.5463033802168709 0.023036940091436274 0.6452949814038075 1.1135833903485228 2.4821460513374736 -0.8136959217868055 3.4868070592986418 1.7583758516457355 -0.16853607291627098 1.048568331990486 -0.8696756523432871 -1.1170254151027834 0.6916845912821596 -0.48607989923118944 -1.4919990815517312 1.0702330657041164 1.4108136368038788 -2.167839746895769 -1.4328743655652845 1.2666216136838009 -2.18541819752134 0.2554157198185935 -1.0904333575468228 0.247207194988777 0.780089523135156 0.07997643527740057 0.3344791585919219 0.47637576152747274 -1.4720722287794878 -0.8552000346428129 -0.4716099046031773 1.645721340398512 0.6601541462124297 0.9853459676179978 0.3877801172309694 -0.14672929134869167 0.12019042437911662 -0.7291891352160971 0.9603507487006366 1.3261416158756567 -0.8007911994808018 -0.29758710637996333 -0.9064877047580541 1
9.89782692749177 -9.05821511401875 -4.471470402900475 2.3993460238565123 1.049912662239267 -3.738554760778697 -2.200966892447766 4.11892668651527 0.5080200117091506 -0.6938713043225773 -1.1525143969134366 1.7494082559962454 -1.0952348424517984 -6.303390274890218 -3.1445871127555822 -1.8554027511661808 -0.6879172262923038 0.21655594797634892 -2.85444661710236 -0.2721284771412359 -2.8870373731286105 -2.3610227738597 2.6216359473988757 -0.4589872952067392 -1.858980986676012 0.4660344097141433 -0.8017297743189344 -0.20262893321212114 -0.013822299072183134 -0.5595800696316927 -0.6784466044264716 1.1711472693400558 1.0120562452207809 -2.7566348852233684 -0.3138629840230711 0.2146683495519291 1.379006062195435 -0.7676032401157161 0.8395370952769926 -0.4570434954591509 -1.183902977098106 0.41641245502737534 -0.9099574587876432 0.5595525912149191 -2.3764471153943476 -0.01654376757643686 0.9222601766149496 -0.4992341192613197 0.012217055888255496 -0.0345396839202801 0
1.788815520248145 12.000384715698488 -10.77978206733589 -0.11843834122303988 -3.113387496206907 -5.257454179574913 -13.618440530447499 11.136845108136786 -0.5493816517918112 -4.708883491591653 -0.5129115525057332 -15.151984464128665 -5.600368771606367 -1.8588665514142373 4.131851392743024 1.8531221304387837 0.23147685068492754 5.18397220689207 -2.4420624394631676 4.639529244740933 2.1009587606611766 -4.061886983733801 -1.823694709144165 4.751301383703279 -6.491228820751097 4.402114837629617 0.40516444078556685 -2.647727464376421 -2.812051251497647 0.8313110156652729 -3.0708943656849885 -5.703327417522534 3.0403029096489225 -0.6146312672494206 -0.6441584182864621 -6.943364540254631 0.4070143074266915 -1.042293624422602 -4.2054369409716355 -3.138854117998019 -0.30243725607261934 -2.573982889058045 -5.641439499944618 -4.665705161279369 -6.007920393686872 -3.373131744508117 -4.293154963018383 5.6838201471518195 -5.9182288795322915 -1.5727810897180132 7
-7.430565684909733 -3.1219451841251784 0.9528614498104999 1.0030923078330614 -2.3021508894653415 3.6669359712965957 0.632468107999931 -0.9181493152415353 3.7129890619427552 -2.1731958499555226 -1.9638516550296994 -3.929150567237989 4.142634124308603 -0.3007689524663659 -2.3548694150037965 -1.0416436101986084 -0.5518052797737535 2.5744246525756505 -1.4955823088579847 0.8514744642034535 1.5944775488395988 -0.5250608112651791 -3.6174001670604627 -1.9392883937184884 -0.5696030740313808 -0.3758731071960303 1.6310455099796073 -2.0207896380085733 2.198248381987811 -0.06383270768496721 -0.7089997395066171 0.19833587416206036 0.5493732062927694 1.3371870724299102 1.9731639582036113 -0.01849606665311623 0.9718953460441587 0.21975163024088712 -1.333929283969333 1.6844779852880378 -0.0871650927107976 -0.6813797190494117 -0.026160042657291296 1.0804162279356972 0.37792244451467577 0.6289279068294993 0.4901370700604443 0.2933911368013938 1.6693235840506842 -0.4623051888712483 9
4.377768812860986 -8.813302266675919 3.7736520848580493 0.8441629628399411 3.1220262671879766 10.401177145487404 -4.966720354999631 0.32850671352927363 -9.05280664842049 -0.8925710894157914 0.6463896752948478 -0.7537308119403876 0.41845301448027583 3.7566005893311654 -3.6066521789881354 -0.21003956206297078 -0.8547682711535082 -0.6276331880121498 -1.6642103798427725 -1.0147579971169662 -0.8442445864535283 1.801962476825486 2.2591259158462234 2.950917584256842 -0.6154170512365467 -3.191744460097048 0.422581086547962 3.4781006188660024 -0.5499904544070334 -0.643401786051112 -1.5061721397505947 -3.592729918356907 -0.7066418085248143 0.6463342764602064 -1.373975477482395 -0.5922573291942282 -1.4196324153859552 -0.9313077855985649 -1.8318698152136175 -2.15883884253262 1.9902103245325586 1.2500871171700494 0.3892842399209004 0.6670273765878707 0.40990334642124465 0.9085086968109016 0.8578435723466868 1.1708637688980774 1.78584373474925 -1.233205903777997 2
0.7211338311748291 -5.160499244691864 0.13971951987848766 7.212137891904383 3.5058060002329814 1.6926945765125319 -1.6387526301209292 1.7974272223929868 0.7693230495817814 3.116807685805002 -1.9556580980305993 -4.569593028161215 9.652546507552074 2.4895121176229096 -2.176018169564245 1.4056558933183745 -6.5186410633559575 -0.4201703391479399 -6.976209012641742 -2.937440848794751 -3.3191831398034766 -2.2711758091739265 -3.3207220282182166 0.37109349916851625 -6.545010530415799 -4.199521995684481 -1.7140283275589534 3.3944201759402906 -1.024661416035317 -0.770854780698551 1.8767231941527291 2.958013982411595 2.2031440808212843 3.7946112843814075 -2.430162500220038 5.660425621107349 -0.0923177540974108 0.46969820890559066 0.963486821649485 -2.5480357177845034 2.5841054781782846 -2.4013366646256147 1.5331347815748562 -2.8355791420778393 -3.1719279559127425 -0.6936656093194209 0.3989022468287153 1.8080442373222116 -2.9635503434088064 -1.2397850984945804 3
-8.079016185510643 -0.7259337928680795 0.32139380090061576 0.7706974984114895 -6.230493673434053 0.40825161183938974 2.251475147276814 0.5572433743535998 0.5597779168825383 -3.2040421075957606 -2.3733263297780867 -0.13186414249927683 2.4929875549882374 -2.5002063808817856 -1.5967368489046754 -0.8524602240397403 -0.6696325455009379 1.103676546235477 0.7841194896550272 0.6539978737021405 -0.3327920820989482 -1.4666585397513066 1.6916572886151064 -1.06470664090328 3.5217015447777302 0.8508098932700507 -2.7985554756264888 0.8076562600785467 -1.7732792442860823 1.6228666477568916 2.5749593918158546 -2.283239666497496 -0.8278723515678779 0.5393838549212231 -0.9692968049052957 -0.8455689232073406 -0.16037599430654628 3.3267287048994936 0.9416114820060671 -1.646053405329736 -2.2304640021205846 0.7368649510740879 2.215178171399303 -1.7964296508289939 0.39970387076302644 0.5062762953044336 -0.9988692831371967 -0.05640944963725826 -0.18443257466706364 -0.6985434606636426 7
-0.6785544442441498 -1.464436248084985 -2.142163841468346 5.507352168793005 4.713341642192806 2.5520129881839044 2.2913844720977368 -0.8188372628235667 1.3128077178573512 -0.42931540570758486 -3.6506405671091495 -3.7975511773806976 6.1949424283698855 1.4804368968634665 -2.143571074265418 0.5642402660064565 -2.8633261565800683 -0.39029398837742235 -4.911078695460773 0.22813534530486493 -0.909841016953788 -1.4093697114236714 -2.5061793014240554 -4.917266109345371 -1.5578159481915725 0.6832382846803644 -1.8244215945434332 0.09046652550145833 1.7951894250809037 -0.3513587368629472 1.1817203409887642 5.045935966886987 -3.5752718829137033 2.2520099173502883 2.2981855529604056 -1.4232348500255547 1.3201487747338994 0.25147863683450256 3.3747706470021632 0.5451076128586337 -1.2497276886442894 -0.05542315614525721 -0.5698248017598705 1.463060809032244 -0.5085924998226975 1.705282863994989 0.9980464405756122 -2.886209804089971 -1.514860813739273 -3.1232011391668784 3
-4.661815514415954 -1.0048919783060717 7.619492209865564 1.5777432734877614 -2.8533182957343524 -1.88874793105712 0.6723692251977715 -1.4743776532140045 -3.1402372763481172 -1.9854631761878123 -0.5672823856486641 -2.516819070585551 -0.758757699635564 -3.3725578134971217 3.1542795682119826 -0.256763219998391 1.1018053581944656 0.3295771338986876 -1.174254469086825 -0.9259569528048451 -2.2037265619559334 -0.1426753677869653 -0.4281367455678464 -1.0058484154929106 -0.4620675443492506 -1.0057651807582433 -0.688137445930682 -0.025260773538710868 -1.2116150710581908 2.3371421214064116 0.7699936090438051 0.7754624997560696 -1.4112469976902728 -0.7289113686675168 0.04303141276691667 0.2423007005467666 1.302336562211536 -0.4107957676975151 -0.623544977547265 0.331129275495147 -1.4813341906794264 -1.9096617170363355 0.8293281207599941 -0.6010640308612524 0.6901690791262786 -0.4780486067685434 -1.6690576506208603 0.8316074363227687 1.310811706645835 0.6124020767552014 2
-3.422437185063709 -3.08939185382148 -3.543721281505043 -4.3805256818204015 -2.5997925653554708 0.7620062831167704 -1.2328397602899441 -5.885728545516294 4.368746041634753 7.411519470238798 -2.4925361435585796 -3.416270366600772 -5.403165415749271 -0.06758711195286418 2.5876583269278375 -1.6715041021431463 1.3617591807981526 2.4732012852649023 1.8801313470341767 -1.721195140003157 0.7804008042649354 -1.1895699139064535 -0.17309899432630332 0.6415919774608273 3.802191811550765 -4.40497081817787 -4.857270397474919 1.6234248835296503 -1.4739835236617946 2.5089394083587004 -4.927308470095463 2.849701773551921 0.8113987480871128 0.5672409702244202 1.7787157700234522 -1.251317535090117 -4.166661946319198 -1.2817929347744585 -1.8900381094590026 1.6157549846031856 1.4709081050881774 -3.183393773750888 -2.408652091367869 0.011702279474837525 -1.112899440610682 2.209072969059998 -2.921604174494193 2.800136027267592 4.797534390636234 -5.189431653986489 4
-8.025679972415116 -1.369417303712542 3.3744195801254033 -1.4408251439449125 -7.039065266987169 -2.0057675380482327 -0.6757931581622804 -0.8902928748892092 0.5375334075905496 -1.403993008375349 -2.3611836809399347 -0.16419810762072043 1.700922206806994 -0.5293177303584891 -1.0481292894871377 -0.9579426261120579 0.8018871160256799 -0.5592463891715702 0.26119290691050057 0.8888509592551683 -1.4205980235585325 -1.959701171943074 1.299831180729348 -0.3010146303202589 -0.6588377230094412 1.2270543916671948 -1.4279905485284599 0.4459510108656057 -1.2539038457692473 0.5908227013487326 -0.6409253408797098 -0.19509583442156705 0.040265582079569484 0.11822359031175705 0.28558288659025266 -0.15245081537436433 1.1603588610489506 1.171922747967682 -1.301850350438878 -0.32995947591002456 -0.043099126494607516 0.4183159341464082 0.7436320560018294 -0.4474339176763488 -0.546508255756209 -0.6092249850255463 -0.47672061895817375 0.4564329310331943 0.742451139860616 -0.06314670066226752 1
-0.02508280021237722 -7.766868522642185 2.60444018844347 -7.820675656509134 5.282495132285282 1.0066619910600825 -4.887580353870161 4.347359932562496 6.127457913576235 -4.572975803620297 -0.4260987791753179 1.1776966449978508 -0.07331083589335319 -2.9409671647243623 -5.488250808241809 2.1406457421009604 0.016228034177951597 -6.664464734337974 2.2934357010241233 -0.8840835276276389 -0.7047055857382223 -1.6003590445213705 -2.608898358269732 2.155743503168634 1.0570455541593586 1.9772560524037879 4.309173086071104 2.812580636742202 0.8082711186301702 -2.1098076369088177 0.44316811972430015 2.505062924772052 0.3564523256725731 -0.18704843203321067 -0.14520226116730045 -2.279252089213593 -1.6809018884443423 1.486405142128182 -1.8897083807030477 0.3846943383730746 1.3686317626140945 -2.42083247310536 -1.879589886299143 -0.09084990606493243 -0.6127226416040635 -1.1123849719924246 -0.6178239184227408 -1.2215601148633253 1.7918966476704046 0.32703558709960306 6
-3.07001328597351 7.743089141627413 5.067611127204366 -1.0811802245292705 -4.935231560965773 3.194041631080586 0.05920257726223401 1.124414751649428 2.5985767498560173 -2.545105956449938 1.6822594486931002 0.9457746391844227 -3.6796398619445077 3.421614618938704 -0.9948266887773147 0.19533229922743117 -2.21750123617722 3.301509822575381 2.2203337684404065 1.0777459641359461 -2.0382280652502294 -2.1482969325025127 -3.080387814229061 0.5880362523964104 1.3542051841325982 2.5678932653886415 -4.6491334693017015 0.03697421974391668 0.569705707353576 -0.8083932348977124 4.17723163036964 -0.5925809277811098 -0.4071942220883638 -1.208124036472922 1.5640754529859866 -0.6167128556831396 1.963772347199339 -2.24345877961806 2.687666098294792 0.0671702967324048 -1.439396601477026 0.3613246159300179 1.2396090039078314 -1.4227708552674307 -0.8227466835299968 -0.865875113816335 -0.8724770787895458 -1.6639016877361479 2.037230740482852 -3.093824077211514 2
-2.7857783732198507 -4.655822393970885 -8.535029061184426 1.4662579423132733 -4.6974354255636745 8.634996073263926 4.625251902417476 2.8483974974220163 -1.3558616668616534 2.817226365308692 -10.449589320208828 -5.351827182686748 0.05658489131788365 4.38796215766667 -6.451932189821133 -6.638890883595321 -0.1928951156229567 -2.720536676815543 -3.1566804376145154 5.615426872931118 2.6380140173981768 -1.946619952382868 -8.437885386195532 -3.6985092077163926 -3.3117257011663526 -1.256321926119724 4.794162307671579 -3.9884789798280904 3.082088669473901 -1.0753111933424875 -1.7695723266319445 6.405906680443059 -5.594390870223734 0.3620074354068212 2.099298020207242 0.6267553476372364 3.88914481653362 -0.7837403615317595 2.109290544706419 2.0794236710923593 -1.910955024273053 1.5002561382642812 -2.6913114955395114 4.315145947551643 2.330707667371754 1.3869771148798438 0.3640626546792223 -2.384256797717805 0.5205707399681814 -1.004388224153609 7
-3.365176611127223 -4.092799503351702 1.3586765243548267 3.2377771556822363 2.5463369063990196 -5.190137957278744 -0.7741187005565532 3.6463428420180017 0.4803983345551693 -2.6596381221953074 1.5154817761962582 2.415557434395814 -1.6799202351032803 -0.12378834267577751 0.026751399323873205 0.8795279017926578 -1.326748675297269 -2.891729736373081 -1.440961312721795 2.0438243247919052 0.5640085503344853 3.4958433503776587 -1.6244805061805274 1.0898539089236252 -0.8487446707826186 1.3057858780442944 0.993335624593011 -1.395037262435275 0.6589859629651467 0.7858618450321594 0.3002057967367962 1.1863564610461663 0.6700628633312059 -2.7030291576571295 -0.40866930910176036 1.5412844971296455 -0.9148090211752252 -1.2646196233938525 -0.2188658278269761 0.22610067891937627 1.0687006705139448 0.200714865206347 -0.39585703414341933 1.0896310668083267 -0.11190505106707743 -1.527259126162629 -1.377218643500468 -0.36482999577330855 -0.4532636090948714 0.134560402709341 5
-5.436750792435642 -7.505482769902088 -2.5605182451242645 4.144089364940285 -3.425646915646068 0.5796607973008782 -0.7865765594534351 -1.2998924622017451 5.8359993867162645 7.216116101743367 -0.2075429713176187 -1.2324730494395395 -2.9915089217253543 2.7986631665797956 1.4013727105966112 3.9163213108855817 -6.130730856191464 -2.0340115562288243 3.4514535377586246 5.062302732719413 -1.6856341452427999 0.16780501715619064 0.006426969213101672 -3.9574279352181256 -2.8629859580649226 -4.172152555681085 -0.8031138940089471 0.8316168695992624 -0.4181311592281278 2.5964296031147316 -2.546266473180635 0.7572610660854485 3.174146309167663 2.2337253734032307 1.5384521284941348 1.8615267166767222 2.6024294992024877 0.45809032893776164 1.2656589874262822 1.2819723332042288 1.2764481065468516 -0.6925836565828954 -1.0576225255192586 -2.256506676971258 4.411992574988061 -0.286218672026332 0.6268490859691639 1.9607936124991119 -1.9980899592218204 0.020828164049128656 5
-6.465569218389751 6.503953633911422 -6.94715233539058 1.6068869953303624 -2.831158320407993 2.628500715236659 2.058730189250954 7.658658431275969 -2.821188916820571 -2.7947757883492637 3.6268787715430744 1.419308771275512 -3.2816984747783873 0.2218271685177105 -1.0786074685095701 4.337348111684507 -0.4987021788991694 2.660178872509391 2.874559259610544 -2.9433989903797158 -2.93319769788406 1.6278752825944298 1.2509205026511279 -0.8426417849695211 2.093303068929724 -1.1643801739440833 -1.3170466256110653 1.9230996168553018 3.241863104894255 0.5674439998096188 1.0044073340975384 1.1453353544361338 -1.3203883093201587 1.5474790499386883 0.9537510099502216 1.3074740110939247 1.0868966317121354 -1.518072066516125 1.6619492277399988 -0.6373979068850283 -0.2658945916474448 0.4575438517151948 -2.471248507613038 1.2828324497833357 -1.052096270707979 -0.20875948841046052 -0.8485710824852072 0.09507989226190017 0.20936619693581426 0.5027251578339712 7
-0.2967881509124169 -3.525486971639088 -7.443671164700552 -4.839817997814026 0.5214024047197142 2.515430891210531 0.5234521763778593 -4.124703517747942 4.828093091746442 6.207033786464772 -3.252269446325312 0.23895218810756894 -1.5517334836831917 0.6565342341977706 1.742983813492054 0.9338069865179107 1.0776021980430912 0.3961252292423847 2.513743976058387 1.2453652134627486 0.6054347958642298 -1.194655804855584 1.1760881918133999 -0.08207824568993412 -2.71015171980539 -1.667515086822353 -3.0808494971054006 -1.4283615214978127 -2.2352474251475685 1.8485970039631618 -2.536256158906849 0.7753328131169532 0.8830827696519999 1.9701173370069127 3.2937073791603897 -0.0730068581151632 0.3540024081805873 -0.8062018506451831 -2.7486457447161756 0.3559643178791423 -0.38708033605893705 0.827656740616287 -0.9903753581777178 -1.1267170011793581 0.443203875377541 -1.5492380475854977 -1.4054160005488476 0.8703629767400214 3.237274429510045 -1.0473395895997222 4
7.234290420644239 -6.3180503341806284 -2.2754445665560286 -2.2485619016117804 8.365413149224247 -2.45901608695418 1.3146187077739737 6.187278266369121 2.4909235119847413 -2.6648332654861577 -3.6405364569978524 0.30948257962029235 -0.8897261905165952 -2.3051213974544056 0.1535451428823168 -0.720641505622698 1.200732141551217 -1.0852791149971108 -4.353053894570682 -1.3613439648763939 -0.3030212835496738 -2.714693762050398 1.2697883637343736 1.3645855579980202 -0.0037569823695063702 -1.1511246403843334 -0.5620161365494608 -1.6709269129646036 -1.3118733124352209 1.6013307949513704 0.5876727002326674 1.2874443847250512 3.407831726934924 -1.1361871688504013 -1.8136550773327316 0.8872762695258901 2.351579704872082 -0.4611297920969535 0.6012573704122113 -1.0300714210955615 -2.0888880877841567 -1.41476342279328 0.7865462253635322 0.5114091649364669 0.8310876030672184 -0.07973033637639598 1.3665235511885212 0.031812577326850285 0.18285878507109846 -1.1091897626281924 0
1.6501380843274478 -8.248559158873267 0.33899430429213984 3.173863712100272 0.320873596070765 10.84058847342285 -4.777897792462444 -2.8018240421904372 -8.191627540512094 2.9503151711961593 -1.5507140176571301 -4.1326828190397915 0.8146573999571457 13.039402615321412 -6.884958082102316 2.543184290613857 -2.4778281702935008 -1.4023745445824256 -8.741454227253463 -0.05958139639998751 -4.481098357327331 -2.4920057994954545 -2.331001662870308 7.621362770733573 -1.941999108493355 -9.258788048642401 2.5744604098832244 7.92497106933995 -3.1914968705350764 0.47945584357207444 5.939593431047102 0.513540500168648 2.8753788241260714 6.234674738716642 -4.116244016922364 7.186994567849845 -3.295576631551912 1.875402361780871 -3.8317706967308647 -9.142149852939538 2.6799409329989725 1.5141058142652464 1.7496990247414979 -5.702839037250225 -4.151015681805974 -5.832944877758403 -1.3032680425489405 3.106233887551728 -1.7619879457954175 0.7053799303483036 2
6.833048431993609 5.640673773009904 5.735670523403817 -10.354221991358955 -2.308003956761592 -1.2287243944991637 6.095989672257775 -2.8236194776847747 -3.1883181332300503 -0.10628327199432894 1.8371901984589785 -2.8643446783203173 -0.10395052317409577 4.069472638276702 -0.970403053183084 4.779162403541508 -4.210312294630451 -3.9906292951991937 1.8026403749834483 -1.6706691588586402 3.072597013417934 -0.3174086840594099 1.4109390315739632 0.9675776841038761 -2.1110514556152844 -2.4707611007190677 -0.8935706695155153 -2.4327975796353623 -3.0677543899152164 1.2412968393137174 -3.9061529393087477 0.856593491984299 -3.780978430162901 -1.9147432409546286 0.933995235886903 0.44044075368391755 -2.0828656904522918 0.34633454408424236 0.9815761469948849 -0.5454880543645627 -0.08232839819587526 -2.9030953663650902 0.997031528551947 -0.06314348012652544 -1.457841787747647 1.3768602628018387 0.3285588579419815 1.8229244055782334 0.9665213460431961 1.0836808733517906 6
-1.8782002696924125 -6.841626511887559 -2.4200957649157933 4.9430726796604265 0.6448875083898548 9.131862571310707 -0.7169386131800123 -3.9118215561501515 -3.8315510014324827 3.1733366163573 -1.5608894990301116 -4.019051730337976 3.574218053447902 10.843635829035438 -5.744752766033485 4.9137289907081305 -5.384324810325693 -0.550870401929945 -9.731667112071651 0.19518325664943761 -5.091239771118142 -1.3778990647906715 -4.117059663953844 6.177054791051166 -5.866256845632323 -9.044696670578617 0.3365752888011407 8.02814393162934 -1.0803070983089813 0.46105644130914286 7.69558345476002 6.382266425832486 3.6088798558796693 7.314579591551224 -2.787662199509917 7.194794915156447 -3.275885428856776 0.03621859414829857 0.19866780276107016 -11.021248236168374 1.7868565595527788 1.1064315498693107 1.3616427401299585 -7.641172421874748 -5.794833018179204 -7.327232400391596 -0.13970244370441776 0.6746109312202823 -6.2436165650396305 0.5635667155873191 3
-4.073889168172476 -0.8385098045694656 3.366514967198919 -2.413745529300053 2.714734535771687 -4.612883035658451 -2.076823906533913 -0.27916615352106344 0.7239782176802808 0.8916036340228687 -1.744223760255019 -0.6797980463852616 -0.9050795216035261 2.843484896782944 1.45657122267116 0.4648598703891381 -0.6801171533991892 0.32450319868772015 -1.9134181380646862 -0.27574175222446057 2.90367966464907 2.15968085051071 -1.6435626710632487 -1.301804467687562 1.641776940790309 0.3872850014469454 -1.4753812456010487 -2.0355296196108323 0.479302589055023 1.5850366813031838 2.933132089344888 -1.3544080869070405 -0.5973908960191775 1.2836557719711945 0.4245269692861371 -0.4968180881579 0.9781478568554774 1.0446363855623246 0.14525202717889074 -0.4190443386269468 -1.8910730965100815 0.04584568816625068 1.9669971119444964 0.8532368557803743 -0.5099771495630874 -0.01026302145231443 0.31614972722741835 -0.7013748198753581 1.4366382400816453 -0.6800680932562184 6
-5.116305954408966 -4.776989574339643 -0.687959808716113 -0.4511000653975474 -0.6735189814833644 3.7145771069082802 -3.4473911949712237 -4.540067342892633 5.080551160061878 4.930039909633385 -0.2115673422015468 -4.06880584600216 -1.721659149155067 0.9063174756487471 0.43743615783530804 3.723714105340691 -2.3252175063795626 0.9296430777574979 1.280576485007478 0.66570933520795 0.6044086030811219 -1.1545956560339254 -1.7626679981569788 -2.3450883652070127 0.2248693076098942 -4.350682740725158 0.34647938830112335 -2.1862712888591473 -0.22394876944542072 1.1937413720640817 -0.16282663751121268 -1.8010065962113906 1.5033530880701254 3.7568480906455695 3.4032295269235853 1.3668005480319492 0.5730718401894473 0.27365282244031114 0.2089627713634273 0.9553416544517433 -0.4502744098808131 -0.19211392765557833 0.28920355744512916 -1.2864754928086914 4.031636241357149 -0.9369794282661226 -0.3901571482701075 1.7391251480794783 0.7636553048432277 -0.965748555942016 4
4.015229859191554 -1.623017427742231 -1.6209765580036937 3.112026101139193 2.170359535473414 -5.792578093919344 2.0362334800567665 1.1981445713686558 1.2110203678300795 -0.9978902993181966 -4.619598911808011 0.14452683703302807 -2.155393147261779 -3.5509361507679866 -3.5964906326227983 -0.19903491442378327 0.8047150029688913 3.057668188923658 -4.3488849546956345 0.15229472242946665 -0.3316616916118562 -4.511232896354374 2.6616966835792164 -1.3735958799856018 3.809807751803203 -1.4496752687068377 1.5589674850961301 0.19927090150085067 0.6942958881958656 0.5922557301503644 0.3354460464500447 -0.8017228544442214 2.3390036375476386 1.4089408844489568 0.888513177722847 -2.4735824046216597 0.004445321310348707 -0.6759594281508687 0.08292425271692071 0.43553422847117523 -0.5145562633460714 -0.2406335432617662 -1.1755445993777403 -0.08129517512065274 1.0329896746458604 0.5447875329903845 -0.603085061617178 -0.151709583864602 -0.4038224913666564 0.3535378663598147 0
0.40379046319184064 -3.149935792733496 -4.988954964190952 -7.388259440179609 -1.5213274219336101 0.4958338004007594 -1.6149653278569498 -1.7519607824658125 3.749318873123159 4.855428510907352 -2.5192922454831885 0.9669894747568959 1.5853176207794715 -0.003709629089640058 0.48969029657637475 -1.2343726423369799 3.612135196674671 -0.022066644217840728 -0.3802766177246901 -4.10814080206208 2.5940580848154924 -1.8909568639356047 0.33550641232689693 0.5152875753293068 -2.7377071029150093 1.1304182498927207 0.23851350055474083 -0.5363969782567882 0.3562579999791649 -0.3863059470102875 0.16144840923576004 -0.8025771604110609 -0.584441577202414 2.116195871034383 0.11554141354793168 -0.9925468079322619 0.0661508061064249 -2.2149938263925595 -2.1890141469722875 -0.10645474305442883 0.7671938354585384 -0.1958657556014905 0.7313471651566292 0.772596828061011 -0.34096925760451713 -2.434376575454385 -1.311532387104173 -0.08674303805530234 2.4832298814792373 0.06196225914652916 4
0.3033095100670717 6.891747727994592 -0.7808833624173797 -6.149209049200481 -3.9076173045042473 4.00167379623516 1.9290599399764876 4.985338951791404 0.15317796870791564 -5.339280222660716 3.2006493244561596 -2.634576815733929 -1.2268537168255371 3.6131445232808295 -0.8068938644308983 1.4686035164098479 -5.313431990620837 -2.8570755608201757 2.63457367428564 2.8842588022054 1.5222580099974086 0.011604350336343706 -2.010980341563756 -0.7574020745903953 2.6520317165660385 -1.555382717105262 -2.64872376909769 -0.3167740958446071 -0.8380179608199108 -1.9105728644898818 -0.8681300879858246 -1.3585150368762984 -0.5425429657777245 -2.36348172981096 -1.5313851170600465 -0.6372100820548657 -0.3614614833495165 -2.460916280968974 -2.2766350725509876 -0.01814454542465314 1.0220525196981423 -0.8486334490946457 0.33832211351356034 3.2123449832039865 -0.6847852246566541 -2.0997543483155563 -0.4273165320486868 0.1517103176943545 -1.948476501320881 -0.4343388029615958 2
4.2206901655648865 -7.977659147824417 -0.7876938515433909 -5.465834161284254 3.3526295981343788 3.4216333471336324 -4.42108011145464 0.03986655524226114 6.597297277693964 -4.70950791522737 1.8431227204316982 0.5584545048748983 3.7942057059467658 -6.093875526420507 -3.543899526597837 1.0405980907270351 2.215368018260604 -0.8540368539845961 0.03151223407658219 -3.0383591497500726 0.046486687330973844 -4.615908409018 -0.15101864942378454 1.000836423012102 -1.5766836642378468 1.281076595569739 3.288354991058527 -1.4084090470094945 0.7451899050574173 -2.2981732941102284 0.45135192345619124 0.15182253215159158 0.19974178283997304 1.0408505087703002 -0.35856363564269406 0.08753431291168094 -1.152347395346336 1.2530882447726492 -1.3570388991298288 0.5735220659868482 0.9832438541855533 -0.04365065024313193 -1.8702240982840697 -0.556159949787524 0.3908539330700218 -2.3391045690650074 -1.9753678771070133 -1.2970533849214694 1.4765856477384933 -0.3674340845947507 6
2.3307346428698805 -3.856187368737747 -0.8741316079941944 -4.0940160085786 5.8888211847716025 -1.5410558850782043 -0.17049211716849788 3.250134402270384 -3.7300267138711924 0.10726465422049825 -2.285478779269815 1.1901439993938885 -3.5995050296020925 -4.408456254887286 -0.4410822469550936 -1.9443591341835054 -2.196817455978328 0.7825758818984998 -1.8427450897463251 -2.215413135331796 1.3923269651421895 3.055703476525466 -0.19200562008891045 0.1254813706667292 -1.2993298762715415 -2.41193666177418 -2.1564109360414254 -0.15823981757180097 -1.6909944725728132 -0.37426819271837775 -1.5499377041779794 2.000746997496919 2.07701545127824 -0.06530542846889904 -0.7441431609945549 1.6981985311893926 2.6794013124976956 -0.3881188838228327 -0.08083702607796264 -0.7578390048698219 -0.40161914350610417 0.5053638662075469 0.789853405736641 0.4877248823487801 -0.3784531242349378 0.2060910402578187 -0.3497619362681657 0.28989606701815834 -0.5463277334448505 0.21026961492249166 0
5.498333125630676 -8.246818683163736 -4.04159894505814 -2.7433482401164397 -3.0850433984196597 1.6547242312526032 -2.8581714182117635 4.74430018832679 3.7778668740599106 3.3499836575272175 1.819346757407142 -3.63976567811753 1.3486482745355022 -3.0733577099100606 1.6438882758825408 -6.93724414427427 1.9173859862206488 0.1130146330172814 0.3023370127490615 -8.261502707865017 1.1889081255289582 -2.9314552275761763 0.9481200165286628 0.630508274997181 0.06905243802384332 -0.31799127854783144 0.7501414460439522 -0.6268054519992049 -0.7140572273559811 -4.583512926309326 -1.2406875665292663 -0.39025523814187774 1.994413536710328 1.0536927683213368 -4.197078086522081 0.6394751659854954 0.946893592891219 1.101792866190773 0.028545539783975615 -0.5228904358812498 -2.286958205711411 1.7721145287528428 -0.2742799773590357 -0.21695041945771806 1.0394236156523604 -0.881935087628392 -0.03376765913237859 -0.7658501235645654 -0.1975511005112883 1.2675653277218362 0
7.758662207078756 7.214411201972165 2.3014200165984042 2.1122479356296573 3.129889582629996 -1.7855924304449693 2.0422897240974818 -3.4380043294124234 -2.2371079831593437 -0.16699411110873963 -6.72795496969143 0.12915645912483967 -2.153422823167439 -2.748857705728291 -2.285773636629863 -1.0679766397725785 3.3187167586277915 -0.798645255123287 2.2366301467776672 -1.110085552182026 -0.8636537900881678 -6.414107868883967 0.8373717070322194 3.3070155549762688 2.5429625680316756 -1.5700703039115504 0.8698366285415192 1.5584763257606993 -1.1943194910284918 -0.20382315218007363 -1.6038616362246156 0.4236318463006112 1.2707685644878997 1.2637987602230596 -0.5875986388060813 0.7271411820861765 1.7582052497082616 0.8085618447750861 -0.71988889925672 -1.5811794245284805 -0.6520908786084755 -1.3394558787177533 0.9131555192688279 -0.2708623224068443 2.030837031593721 -0.16238546394400416 2.22971328127624 -0.4331939228399902 0.02076583374672611 -0.2762400577249609 0
12.29651696659486 -11.153095387266942 -3.371116396120979 4.339144177599181 1.0260177593715818 -4.16572560540754 -3.741852103943826 3.4807340439475616 2.169659843884387 0.8664881580719039 -1.5352311965689833 1.2818832794207835 -0.9152660678517869 -4.875812317273594 -3.6293271393787836 1.1098467945235484 -0.8015624223422358 0.5488900495270411 -1.3318990074506334 0.4179103607990792 -2.783950433174407 -3.2131165977441363 2.3143058588583685 0.4444499421101155 -1.1181948799480752 1.115989179987311 0.2728810686269346 -0.6346390092881846 2.1986535313904367 -0.2955676377206308 0.3084838682847742 -0.7104156569963909 -0.02447314604025129 -2.6669114441560717 0.46405583868607003 -1.8016693786064628 0.01956178259448531 -2.0510090050484058 2.5856790700723966 -1.030430233769927 -0.9784430514750951 0.44939933443519087 -0.9804621107642761 0.5394701915282326 -1.3422208448108535 -0.5896572812393198 2.360600040245076 -1.0127960040077235 -0.0038963597344459124 -0.3579603479698957 0
14.495450691966113 5.903018506925351 12.353519432540715 -0.35266127035370953 -7.3380418616706455 3.317282057276417 6.455885973890964 4.482239474314366 4.338720897091977 0.7599225416234633 6.019312872131279 4.646279912071316 -5.185789669260148 -2.239597867126407 -5.488007030217374 -2.519528898752078 -2.3488268482844834 4.561554921536447 -2.591663901773102 3.15758332907522 6.988068310257085 -2.876539712897023 0.7316700392701456 2.6301949101692483 -3.161808642091521 -2.600034020256835 0.6509761642669278 -2.96507696515145 -2.2537482993880738 -0.5803438385182516 1.5588380574683636 -1.5188154823097437 -0.8988038530151964 -4.511317791099013 1.3051996452118593 1.5457156722263437 0.6973804075406618 -0.5945423242059638 -1.4231582877630953 1.4522277696355215 -2.0678310384974523 -3.2727370471806974 3.4849750765321144 -1.2519159926471208 1.0137740185908817 -1.950632545641852 -5.12252416377149 2.835032383780745 1.9439152619447602 -0.7902557612843036 3
-7.20040185574091 -4.460905780761267 3.740230044519427 0.9787412619292782 -5.5594398689068365 4.896996375249923 -0.29680208438763467 -2.7925636529975795 0.9835241601133224 -4.185450492475854 -1.4078229204056425 -3.9988250887005976 2.6963867896215707 -3.6192084424473268 -0.6238906489473547 1.3501471014219977 0.6191474961481164 1.1238400549402983 0.8599483790414819 0.10285342118454723 -1.9183751387956107 -0.6729917618581004 -0.7244064718857834 -1.4948628283453376 -0.015438219393622818 0.3750558195361352 -0.48136416404088367 -0.9230256409520863 -0.8793587000802568 0.9568950989298186 -0.36903328031833793 -1.6382970800891723 -0.0020794822072114747 -1.2127415869942388 -1.1511813290376816 0.5750698059759708 -0.1678816692920591 -0.08440845837438897 0.7408237100851884 1.3016864775667125 0.9480696910939302 -0.20815402449265033 0.31030707800320045 -0.4231665000487084 -0.7526792060601651 0.47312484454134457 1.4082922932696973 -0.06554576703262918 -0.4028449995290147 0.1636732061487883 1
-1.2964024731997825 -5.96706352875487 2.4664755805392136 -3.6267145739677464 8.877083483490297 -1.4274488966966583 -2.9285177075141813 1.1207209321478282 5.462803193210464 -4.613761147075596 0.4486276404808942 0.8028746584850546 -0.3120953976147246 0.20968233577630696 -1.6767005482285673 2.233923600470113 -0.04184704829257589 -3.6624716666530026 -1.263671968899158 1.1293228406255011 0.6321213547157419 2.6900807950535754 -2.91019971781068 1.7273316506214504 1.260218665283327 2.717877789454933 -1.3033607755088983 1.7294145087266244 1.879930523736478 3.382223476229432 1.6214762987604328 1.0387807819179322 -2.0790477217385375 -2.537390628420729 1.1681594522094836 0.7427074419982347 -0.5431724579214396 -0.2966623726545928 -0.3615442512893461 -0.9620292733226021 -1.1269040001428619 -0.8023140835119749 0.37959472656909393 0.691403543822231 0.17584417818725367 -2.0234263813052107 -0.2340512577712232 -0.8667994676247173 1.199876352392415 -0.79242769224141 6
4.694386530623137 -9.314454860450066 1.8601556416005953 -4.170460064634483 1.427760307626468 9.60279101250689 -9.730079305758577 -2.142332746365786 -7.457258226004994 -0.7634465883463577 3.3530009193087444 3.7139891564236214 2.8254693969284967 0.6575349871030725 -2.572009176044929 1.8929957313059211 4.9196498281633945 2.0095810406507084 2.5578001827949612 -1.6987002391790593 4.50250575605039 -1.8980336506277204 1.5272744115643564 1.5153222381989506 4.074901113019144 2.3503471679927195 -0.315550549171135 -2.186195382697602 -0.10524553298377207 2.04673125568178 -2.3117626969507006 -0.6169152808890548 -2.725282353191332 1.911670287377824 1.5891864270516232 -1.2559887795789044 -0.2985542863962768 -0.2862893195650642 -0.3241479365811837 1.3322976834709293 -0.9684019375894682 1.7409730704730426 -2.13047727922391 1.8094719884010957 0.10589302340025601 -0.5053038020318272 0.17761557217419344 0.05176416746691091 -0.7740709022388595 -3.326937399472457 2
-4.635777568432219 -0.417047242369793 6.340323980078733 -2.6567538881522097 -4.617495356928067 -2.8988714706133623 -0.4015940920973129 0.8536697420897865 -1.7425078750789589 0.6843238268363304 -2.182263152896923 -0.22433223055709545 -0.3285467037065266 0.3114838689069205 1.7006158032269307 -1.7293892136017193 0.3080723109644902 -1.3365702894241434 1.2828726963145611 0.8482209858422862 -0.46614902517173035 -0.7572664440919837 0.6223767825878782 0.7541575477026878 -1.1989613414935547 -0.19648410101050365 -0.8701446562414181 0.26420715672141787 -0.5219763596642982 1.3645333942495164 0.2774034466511518 0.30687909507720745 -1.0088124034193637 -0.22711813154205576 -0.7849501608832125 -0.2695460587856788 1.0654703397660028 0.7861389351590885 -0.18865003950851308 -1.0005655099021797 0.01849981704370467 -0.037856423375741584 1.2434714836854737 -0.5240884329862376 0.004367416156669179 -0.6912454054967418 0.4408078702044416 0.8193350462122969 0.9257733889749047 -0.1796432803166273 2
0.8133282399319472 -6.114237271795278 4.669188535026319 9.055230046797877 2.839124675587476 -1.3849671416357408 -5.3996177356459985 5.1559705201651385 -5.090655191412621 0.19409122481554744 3.6890174192907774 0.27626560923036086 5.098603585794643 0.3699267488490829 0.650257105401967 -2.159794056955417 -3.4221543099776954 0.07236438030126939 -0.4662659524655575 -1.940351078941432 0.6868995518190181 1.7756514903662315 0.5032850545838574 0.2449278636201769 -0.5205901980951024 1.3455158718039508 -2.044117277700215 -0.837911385495753 -0.6731965948147328 -0.6836128817180286 -2.8443824435200606 -1.6882684357728113 -1.4489915546419883 -1.613571156006681 -0.483687514993316 -0.34108087460862846 2.2402822934379514 0.45622786238430607 -1.4841801592152866 0.2578628851495682 1.1415528223398028 -1.4179520350218053 0.9780518973985932 1.582134366803131 3.090229908162323 1.1350033399888169 -2.569557372908518 2.2270014183734346 1.6596404355732157 -1.8180847557175333 3
-7.418857574299427 -2.2952110447627168 3.5347571699459412 -1.148099747864019 -5.80440769368221 -3.6496890244403275 -0.3085160109114565 1.1297257092991855 0.09101210572565693 -1.7204576898001152 -1.12335249859635 1.900096163137992 0.8359387600237326 -0.1335049759585714 0.789367430927511 0.2893812984402279 0.5801327174048341 -1.7233285529455624 0.024693095016573623 0.386780859267217 -2.1476137223534115 -1.2092026481587554 1.5461230070086753 1.921684557330495 -2.0074359611167227 0.4269966065371477 -1.9068202533543062 0.34964812854648375 -0.6099874058420984 0.3714501943198244 -0.35604079388933596 1.0606706810182205 -0.5908855701123468 -0.6348880406559942 0.8732284976801563 0.30535374702476764 0.8616615037586146 0.378689739310671 0.27866022850269606 -0.6853644190174571 0.7294208519171432 0.020129997218930565 0.5704703448000032 0.40032973366939884 -0.43509295925584573 -0.6733918058703486 -0.3566629887731823 0.5033136771885176 0.3479274219894892 -0.8018406164097808 1
3.5314336978582737 2.4126693172476137 -8.286938595223479 0.1595809131498567 3.832214716529093 -2.3977505794689664 1.8336797620437058 -1.458242794539738 -0.7905401826966729 4.629765707953581 -0.23756366633928275 1.5871124894240287 1.5355806936961545 3.108440655173202 6.916257653903613 1.3771813520687206 1.1303432637290216 -3.7235956550023537 -0.022671982724705025 -1.4449179762959434 -0.18419730813339175 -0.22397623834378594 -1.846635760084491 0.6266847324421508 -2.5575182617968943 2.50911474224733 -0.972851260667905 -1.6384731215673027 -2.553025372677425 -2.647784047201808 1.4257875635446964 2.457735327718392 -0.9740698032808428 -0.9286993586517054 -2.3970525858881517 2.8190226005754293 -0.8188317274704997 2.1403689771762346 -2.83201616371048 0.6207985319533519 -1.4855052368710229 -0.16229374361973234 -0.6200192078428872 -0.08044817134617688 -0.3526341214098113 0.17692551514453825 -0.7869422414016689 0.10175817134995513 1.537672172623685 0.8168929008636142 4
-8.064543224623012 -0.7125379682854392 2.8346598541608614 -1.7532042291987975 -4.696077011799204 -3.860528526801168 0.7253060855077786 1.5705720973952964 -0.47927913391768445 -0.419557524216088 0.807009551117307 3.014086848961861 0.8093834036882434 2.5986099057149983 1.9931943216810901 -0.13536936835762117 0.7538017407107279 -0.7169745682202006 -0.08115156019219427 0.4653296035449243 -1.4411894789917659 -1.0192014888530203 1.9614648127851397 1.5566577574228442 -2.9693402240252453 -1.0814181073393512 0.16825499178443318 -0.638966454325124 0.03532060253591145 -1.6339558504125755 -0.31128905397369677 1.1943234257937079 -0.3214332622999239 0.7839518376166507 1.3582146981777108 -0.8498361927660146 -0.13804268137893277 -0.6106322437041386 0.9819009073656326 0.001797542985766653 0.7649435736612619 0.49320198878971794 -0.6732620529575796 0.36236429524588 -0.7146204281711476 0.5638616435398902 0.046816874032806016 -0.6641652924108468 -0.563775296480173 0.059202871168431606 1
2.227871674997652 -7.049041353813851 1.189947271563828 3.8745592587127273 4.811404599602408 -4.553107688421137 -4.760581633037405 4.544423994330504 0.1465117928104919 1.1686750016966456 1.3056854118205932 1.3147179015503256 1.86641951055761 -0.5112654157981705 -1.5012863778904664 -0.19677697878018116 -4.115637033276722 0.08171040764293049 0.7472505432137253 1.073740836000788 0.2886129860554217 2.9625147057434296 -0.46350944563291824 0.1418335376868233 -0.31665934417297253 2.8443195390663116 0.2857683640350897 -1.9424788955502474 -0.3261282088339703 -1.685271431644451 -0.8606456590317677 -1.3106097194985786 0.6189466684072601 -2.924672254402834 0.6300302424265484 1.2503505951915095 0.9473265738044754 -1.6063105973075609 -1.4812114114664936 -0.3525828214829155 0.8513009526097438 -0.9734284388847531 0.8080849185874431 2.5762298759390716 -0.9672610041018942 -0.2698503798090347 -0.7669589221732672 -0.5484975085637045 0.864777642114346 -1.6528394958194728 5
-2.3172376010226183 -2.760277574727604 -4.754003020304395 -2.605165064437985 2.3526752185577577 -0.173433271896864 -0.943477002679069 1.0049222372129587 1.3865402464571528 4.772128706863881 0.8743795629893707 3.2954363274730616 -3.2687956285826063 1.2249526789243228 1.0393735311578183 2.40674988657052 -0.037148905514707224 -2.1207084083723005 -1.4995479328409154 -0.9851904068389917 2.7808990952800494 -1.2024434902518593 2.452111057774441 -0.12841642064283698 -0.4804636802951762 -1.8823310714550507 2.0798501601422577 -2.403033977917045 -0.17084818006234803 0.19685353719312207 1.265878376649516 -1.8128358271254403 1.4265626897673696 1.7963435361241151 -0.6548390575011701 0.6694731232539272 -0.6837628576689782 -0.5581796058806172 1.1076997487093763 0.9954853188449477 0.4848343757762135 0.0160603227958894 0.7734627886312812 0.41447486452405446 1.5734121644386565 -1.7167942252218455 0.026626449170038684 -1.2127721985594548 -0.26085021416881926 -1.4142301380897964 4
9.245853266580658 -5.1812207133001555 -1.6213946505336996 -11.054480678418114 7.910049820348316 -5.335670196386979 0.29290581077247907 4.877325051884012 0.3520662217064063 -3.4944264357124015 -2.2231821494137662 3.3350671487289727 -0.28986061511347216 2.093691067520254 -4.537587390896177 -1.714408480510592 0.7444165095261459 -0.8803527973781311 0.20556588029598388 0.036470272687995756 -1.0420558721903423 3.1923704388139518 -1.9224580128811797 0.15122592279017522 -2.6803321519845733 -0.05194830111004122 -2.742052008768327 2.7859717328324045 0.4609923223442465 -1.77210340811628 -5.468492243532456 0.2841425602794788 1.8246043687155926 1.2893036812888483 2.817981631760521 2.506309024547258 -2.6941882064460385 -1.5085797871605646 -1.2184302265519253 2.266789754182781 -0.5489145047946289 2.656065962054158 -1.924326063217322 -3.1270201888361733 0.7611543983074833 2.5264981347873694 -0.8427601616100551 2.4263105093903796 -2.9762921629663595 2.081570343071961 6
-2.7115005222573942 4.56986818565556 -0.20651667987268518 -2.6274774538544734 -2.1531802305123344 -2.5304536582663 -4.561321590857428 -3.4344821431831742 -1.7972392387767204 2.256938454040988 -0.14480253278500638 0.10451386413456676 0.3722704539072607 -1.5913750283161807 -1.5629980652648605 -1.566992846352361 -0.9283976686881117 -2.8556754216283093 -0.969820259581411 -1.0372127134156521 0.7575155335732814 0.6943414693425658 0.13129446848349055 -0.5254784474436689 -0.5028957195245918 0.02382592430861321 -2.8137903614451214 0.6456169320629873 0.23561980551056175 0.9191098893487739 0.6296550062373436 -0.8802434662060743 -0.9985417108123078 1.4365392050476302 1.6582492707328833 -0.6913899238985147 0.23861463111656467 -0.06510029893728508 0.6770386895429347 0.20649509378479486 -0.2503666256078082 0.7159061295390529 0.9579357470449743 0.8239520482609696 0.053374229509412154 -0.44321475362099105 -0.8212505367936537 -0.2285331903365929 -0.17105861226877273 0.1645040683635847 4
-2.6387105982506034 -0.8394586075085658 -9.790067454405161 1.8779992148441702 -3.17765213087727 9.417801692186538 7.559405637094597 2.78048222496838 -3.4245983340572184 0.6918193050897254 -8.858538118908427 -2.52541366465447 0.7267457049952182 1.0656020019602135 -3.5760123249123303 -4.482963949535663 -1.193027315758699 -3.8423444361559564 2.026758033035992 4.507123728921265 2.5711470936105445 0.2022296337433476 -3.510203623460296 -1.8205496025168157 -1.2695953578686956 2.272055927716065 1.142971319732901 -2.8926875478406293 -0.06811785003253137 -0.1527062728671362 -1.7288824054695902 2.91804152752961 -2.483172717600519 -1.2401023950677907 -0.29277805935583606 -3.3309649194674056 0.2762114710963824 -0.08116982290926505 1.3045387313819836 1.0984756695455902 0.18844285869203628 2.234746592552123 0.015972852210927497 -1.7242858020212375 1.635534929940654 1.7298619809650402 2.234495129768919 -2.8780321491992376 -0.35558232424630326 0.11871547633488376 7
2.3727315930824164 -2.33159632188659 7.20974286399035 -6.8793709775079295 4.634404002682671 7.001083250039841 0.8821091725338494 2.5554664238729985 -7.713343322776447 -0.3164523359354394 -1.2912740106154448 -3.920522642318852 -4.32269969233953 -3.7714985084210997 3.7623463662123635 -3.802181729351175 1.4181429846054194 -2.3116295061562733 1.2638588063392024 -1.374639008535783 0.9843041347788027 1.7113024117503457 0.6652730820761956 -0.9452061723568729 -1.3279245172718932 -4.474082034065723 1.956491417496512 0.6518724241470958 1.4892610837048492 2.785789872906391 -0.07768632177482723 -0.7736008709592508 0.5918793809626709 -0.03295236452055016 -1.191015477191596 -0.02659094941750542 1.5324959613176046 2.028433959430187 0.6024559538437966 -0.1149075269222108 2.5262527151236527 -0.23331676505172222 0.016090266953674628 0.003616474121421019 0.47673626006731135 -1.2548689940780446 0.8208477040280465 1.1316297208814374 0.3106258935421007 1.7919646713824904 2
-3.4954587155327914 -8.032140970255035 1.912210075257498 3.7630663831054147 -2.5641793769234944 3.780955113988916 0.5383933459906951 -1.7411325277413665 3.0748047986565545 -3.7713572505604525 -1.3917010517240167 -1.386302263878971 -0.7310117255409806 -0.9054666456609819 0.45903562753373883 2.821585017811055 0.10220010586906371 0.9569252918637587 -1.967730604611004 0.5705953666071185 0.3769909738009713 -0.4089952212663984 2.271217063792063 0.280204076823452 0.5611422416202785 -0.3738919705695985 -0.5196005622704415 -2.960050279748961 0.4596290026093436 0.13720620536905792 1.36573521766898 -1.4491143953623817 2.230505927667575 -0.6799125151184905 0.32774294438079815 -0.43804449120031597 -1.5154014727559064 0.5443584582616108 1.958211932033621 0.3870765152961509 0.9166257779013582 0.26819453822838213 0.05503526437498639 -0.06825928500713317 -1.435255789014197 0.6174497226760889 1.2785491537341138 -1.6031911409936426 -1.6554774203458427 0.017520969899010523 8
-3.8582894837678734 7.961998618843236 -3.600953376245889 0.6394630508186563 -1.0120462133723065 -3.088282178052183 -4.916139564501429 3.6588722411174968 -2.4964368972682998 1.1511070655859725 2.866576004380773 -3.813936589649382 -3.126552881606521 -0.013430631688461201 -5.18285963782277 -3.335917615700787 0.5831828728505184 -0.44715334417266306 0.18145434380172612 -0.518597122642768 -0.7813894946582421 -1.0495651903544307 -3.0868826600459327 -2.519794154686722 1.7445666063551006 -0.016530775835457964 -0.617058121371544 -2.9334442892764785 -1.125628324046494 0.6191798548020805 -0.8442151241015681 -2.120356094342255 2.37437861008688 -1.4326422788404776 1.5502648762920057 -2.346856029684706 0.03821650604556222 -1.0280362162969134 0.028955495604185946 -2.0797804893505307 0.5928792400453523 1.1969457865442725 2.757083151554503 -2.0955883817511602 -1.7738929413654685 -1.706848087260141 1.1137858950446788 -0.9556997408109311 1.6507266859966359 -1.0303324181613551 7
-3.98875985376993 0.2958868271831492 -6.670702886766408 -0.46495001578958195 6.180607504280314 0.29481399644598233 2.771877345286312 0.509066041371884 1.2283551957032781 0.5104476996539768 2.998645791508259 3.99558287412969 1.3054562068471447 -2.429708866103486 -0.28110011988223765 1.3750533361650619 -0.4783221854634061 1.2745065618291571 -2.9667025638950086 -0.7052223871402353 0.3218483272333122 -0.21726811393579507 1.6066393350859733 -0.14498333121307766 -0.7375433806935896 -0.7085424734779731 -0.5885787571361386 2.2279180058261217 1.7475396649760364 1.9082761517615998 0.7873304261878622 0.47467254217220184 -1.4488802908194955 -0.019722852126190984 1.6405011575924515 0.4535977916630235 2.1280810172021436 0.7970956425318919 0.18526898343068085 0.5182071463605231 -0.17367655404365318 -1.5113871309039064 0.7056110070140891 1.5384471865693927 -0.018796894630776308 -0.5994112645423854 -0.7728565362357657 0.9181826686959582 0.8673799785847832 0.11499200588433132 9
-2.387405245718415 6.359781609599839 6.167545048236364 0.04564585937675229 -4.26428051121357 1.0919350021652803 1.8212748274712036 3.7982606163813157 0.27870519648667536 -2.101440901098473 0.648288066942863 -0.5559416572536872 -0.03641129133957725 4.937210490790512 -3.491098500519985 2.7157069057852627 2.1056612760041347 0.8070115162372635 4.344461635148979 -1.5358957130209159 -3.154154717003293 1.3857600625663797 1.3007013733113577 -4.318404254803862 -0.42662009510319765 0.18449989498462846 -2.663907070149088 2.0778140623650403 -0.6191414728787917 0.0622571640732973 -0.10508439632550326 3.0409760490043465 0.9998388855050464 -0.6692926750544821 0.35174296001517374 -1.5882560579106721 -0.5269229343175259 -4.738665638279024 0.7325855592653419 -1.472810262339647 -1.4550660366860255 0.9011319217782853 1.1991852106248273 0.7189244140454353 -0.8850165738220311 -1.903872232640854 -0.3378241907612546 -0.16781498664068104 1.9939497677992397 -2.727747375209765 2
12.162816656650113 -11.178937051052367 -4.574482255602942 5.392699395548005 1.852105956569603 -3.1126637888343116 -6.364873817622637 2.999985987080417 0.9575439149734871 2.9369185529452904 -0.25241136967773337 2.8490390741919245 -0.6939308408199917 -3.1003144146859074 -2.3037392565885586 0.13690636409214516 0.4041451895600356 -0.25493595576134037 -0.3943034706635713 1.0943262379411185 -0.8794142673293749 -3.6273924353155365 2.4963586421092363 0.46338694547714787 -1.0398724095622247 1.8589810187876206 0.11873933957708434 -2.3124922556958345 1.601687643870354 0.03769581787891046 0.22418249955182087 -2.09816976372645 -1.6236899838210206 -1.59919314052448 1.1532623483139992 -0.0892898095940245 -0.24792682419473605 -1.2469301304407103 0.6314514220394178 -0.896488925799886 -0.34208322569345245 0.6989040154851311 0.04855832495647544 1.0434258054344347 -2.142306729793305 -1.1445662653705757 1.456783028921203 -0.8738200595712363 1.5115276731928493 -2.1835612378152716 0
-0.7888330577486163 2.062096563129876 0.7389758691686715 1.3689326343947932 6.90579663192909 -5.123750559226975 -0.8548234726314607 -3.5246762222098376 0.8092632802017564 0.33277842668624513 -2.873312460273713 1.086407920657141 -0.5869269841788927 1.8899754360224228 -1.3736658679801623 2.1607271533000696 1.4071322600288372 0.5953945491649055 -2.6094888309938606 -0.21926254657819014 0.8512246664771997 -1.6971006749795754 1.136016062331596 -1.358771789674467 2.8647892109246134 2.4379600613600374 0.09709901070668853 0.9007468606017753 0.42657138058577077 0.8977671520792628 1.2356787197238943 -1.9544670885135862 -1.7250514983617784 1.3423808259262233 1.2153642567802607 -0.5710069791895285 0.6871285868600311 -0.8651710445264517 -1.3036413389033954 -0.49028388710327486 0.09960292692433771 0.10057726344663469 -0.23359342537700983 1.4074668097501692 -0.39544164009744437 -0.9709836941617934 -1.6516558106466896 -0.7579333898174173 1.6736331040825336 -0.8978877515398369 5
-7.006565352198594 -4.485635540286605 3.39514044622828 1.8580242816939725 -5.627512930266415 4.937686318405346 -0.5455272702633371 -2.9706872441704 0.5308537492069443 -4.264831245146024 -1.2468521152026393 -3.568051788807208 2.8212442764325445 -4.0008913617592246 -1.1462591429958837 1.1353591690409393 0.4458938932099288 1.2876181482943188 0.5337705865540114 0.34624555036631166 -1.8907135133824484 -0.5219868833167712 -0.7336861384340518 -1.563432805554059 -0.48066206017196467 0.5837844311454148 -0.7834886344735236 -0.38443276010709243 -0.2962759550566304 1.0760316127119187 -0.8758430452518045 -1.1224195506887835 0.03278443001935387 -1.1879809986092706 -0.7698188459879338 0.539104635782955 0.38299636000895526 0.13357263060115301 0.23834747716713195 1.202168858839251 1.0516099345442 -0.12333648604865198 0.10838599623135135 -0.2113648718135144 -1.098614489164212 0.3797535052299182 1.664484282266549 0.33056521298666763 -0.15047614960994374 0.2046439108670514 1
0.7575120500552293 7.014198112888763 -3.811463399785564 0.698951458933179 4.780106784212842 -0.31980832647410967 -3.3430198976166623 -7.2239311525676 -2.6630040985964785 3.0025849509340734 2.4132160763600394 -2.6376843179627603 1.4785639764055862 -3.5351187820193606 -1.2115538372932007 -1.506848900261335 -0.06656394976067104 -0.2346282663003287 0.5328170716975252 -1.3968429026288929 1.9840455465319584 0.051221770275576825 -1.6411097585934085 1.396047569924976 -2.439793626160986 1.1522143371400881 -1.4217983565413073 -2.0506479954626853 -0.6792266997814338 -0.6588462706736135 0.12181274699855295 1.3627911414323066 1.989334178907583 0.6930259905519915 -0.7270143740432632 -0.7234452663814128 -2.0518654816610424 1.5202148600671341 1.502733341732891 -0.5881527227089255 -0.4259271346125067 1.8897371914441323 1.1416927294355563 -1.5520523702123572 -0.322331407290021 -0.05414039681369922 1.5971083743404575 -0.35389767020953117 -0.706429991360483 -1.787891867105887 4
2.490997607756834 -2.171979485535082 2.4327706097283373 -3.967529648225408 0.7188056582239125 4.196370247128302 -1.6926377115384994 -4.264284316448842 0.32657970135737013 -2.964767623092077 1.943236988459045 -0.2382004551382764 3.335527251473775 -3.5009656702337093 -3.748756311838445 2.9268172857045007 0.34072022006733116 3.640166786580159 -2.9893915818670327 -4.315422354906778 3.2953119468956684 -2.700838227401743 2.838007805334103 -3.168574724646842 0.5117956592865449 -1.5476143220985716 -0.8230834496873505 -0.7069203319813065 1.18672431087212 -1.466112195067576 -1.3707794665185373 -0.32061826375491004 0.1847778165394593 4.53198621625026 2.0499049517548893 -2.0315764817476683 -0.09647655457860818 2.238043444936934 -1.5034687330944938 -0.2809472778399443 0.10798255768501198 0.43628629017748705 -0.011431902661786692 1.274309628061942 -0.2273376223003628 -0.5708400282511787 -1.8063672173936123 -1.2746646824696823 0.1623651308276472 -1.3296241270396418 2
-5.445829150337026 2.707692334379526 1.787360133439811 2.7370542575167427 -0.5799194094429607 -3.168894553964023 1.4100197575490043 -1.882190386932137 -0.08861327066198288 -2.097448867715912 1.6014917789669263 0.2390725206218244 0.8937238832384594 1.376122290308142 0.4539713136434543 -1.8608169739312477 1.7684949054050785 -0.8152008979237647 2.150518857396837 1.1110365324995797 -0.7381540048607786 -1.4349427108445252 0.41753904960715366 0.02740956944585772 -0.44717599525174867 1.199382042457956 1.4561470057924717 1.674831591315459 -0.5203668582293669 -0.016819906996289727 -1.1377282433364286 -0.29278154027729786 0.45809275809828115 0.22914159872450404 -3.4786426419922973 0.7948793609242214 -0.2721065099544509 -0.3811311703950608 0.11173099314693588 -0.46569747760012986 -0.0760417635137508 0.8810663741246785 -1.4218408726660146 -0.4914105783566622 0.5484610876437962 -0.5041158457943847 0.20211785793242987 0.7408791747455992 -0.2481231081304158 -0.1764313054658269 8
-0.6645167852001925 -7.9583299753152446 2.797709635079592 7.429296777728562 0.8569837882134803 1.7208394048883675 -4.7204598914136975 2.7233344691853087 -5.963719090288555 0.8931640127638621 3.6462222973553624 1.0836546186791847 1.6036276214442298 -0.6528337044968695 1.2442375999533215 1.3387161462112669 -3.355825386398028 0.23284585862786836 0.5789065254389753 -1.8264656951520903 1.1225489456863673 4.5305618366398175 -0.6357459091321418 0.9917641525454812 -2.0363550891390894 1.2853086941757688 -0.736165727533434 -2.0330714802330645 0.8610162292419801 -2.6002618336031307 -2.245383223526754 -1.2548345691236553 -0.18632682383474253 -3.434383314684979 -2.1425410942281293 1.0632095066815752 -0.9946297287301316 -1.7554025935621227 1.2128417252035293 0.06526434169578671 1.0800161760989582 -0.7255382465046479 -0.270363753342753 0.7152516382469459 1.664727836808371 1.5479386204966878 -0.4142246818141064 1.2324389161140183 -1.0121714290682 -1.049884648583998 3
-3.0651388801523196 -3.5639477316825054 5.753239186554131 0.055706574862101774 -2.362427052382875 1.9716390957876273 -0.6751788724026758 -2.1707165238121946 -5.6884447352519025 -0.7785560077814943 -2.3609135883027133 -2.806902054448668 -3.192655658253716 -3.45505695687486 2.043434301009318 1.3550995866648352 0.08512374064564018 1.7237639212184137 -1.2059243686640915 -1.9311564519477704 -0.32300505967289617 2.647032379362081 -0.9387450713421439 -0.39451332679995493 0.14408953166295635 -1.8175134684350944 -0.5311565491837231 -1.5191117350676926 0.11765001220352216 0.16837009761486485 0.6132762826633552 0.17682929983545 0.6731928383658302 -0.918317512234387 0.8674685674350785 0.12197095787448688 -0.34852675527700944 -0.5209926506671381 0.09282329950015766 0.34949650043399527 -0.5854260654137231 -1.6055718611756333 0.2691287554159831 0.27278080080971184 -0.7428303794479256 0.5195300620389778 0.4110559521507467 0.6571683524615671 1.261362278539121 0.20115759320649065 2
2.2227215810995324 -0.7419339955030549 -8.530140201550626 -0.618201402563538 1.3435675005104046 -1.161725536896165 3.157239259263456 -0.5006795864243595 1.9064822300638518 4.5241362310541895 -2.5602527204037315 1.3005657090983376 0.1941567133311963 4.599674196943649 7.09450721633276 0.18370636688940747 1.3542341166250529 -3.5151747659937707 1.0919469641663053 -0.31882531684919446 -0.028258743245188775 0.8709449393304352 -0.1241064890800335 1.4198175166157203 -2.399464542339173 2.3675010929499907 -2.092388229677249 -0.8774363141187658 -3.164541094837834 -2.688140722490236 0.3025582569694866 1.3203947859841678 0.0563641368306676 -1.0282547517739529 -1.947958782473481 2.2153030920271344 -0.15718630811879838 1.6218974264257657 -3.8500854250655303 -0.08135387789864507 -0.8342569994501402 -0.482490414804875 -0.6593383927781673 0.6927445480825031 -0.954569784950113 -0.2081345038338799 -2.4157843931917427 0.397841510962798 1.286759867712803 1.7665721074310625 4
-6.842024954980901 -3.984054894962842 5.547526533620632 -0.7837954726194382 -5.86753115394451 0.7069196483835022 -1.8501529971572683 -2.0323392364420703 1.579124071369028 -4.387531259975951 -1.254992746492487 -2.504879019503994 1.7979246606093207 -3.3015571350058255 -0.5181085867582416 0.4914980613323063 0.891477756961728 -0.19926926335156486 0.828368825975345 -0.25677163564611055 -2.198211353203283 -1.5103165915953336 -0.7496688396969908 0.1984013095317899 0.377064088984889 1.0470826148089594 -1.6618859277949947 -0.12087587742786231 -1.352135129720663 1.1829660299736253 -0.13469644712855422 0.029991617622839566 -0.39190771786114786 -1.5767611833900916 -1.3789753190019494 1.5013427510863933 1.735905638176381 1.647682804360641 -0.4299942566518305 -0.5194596309464959 -0.5054220522970417 -0.2689232777498511 0.7544390243207484 0.1611212016955041 0.008594718357488944 -0.9369596842764056 0.5552835796128719 0.2005320395413001 0.6367495037589251 -0.1597711156550679 1
4.116732050063843 -7.031180640231832 -0.1278567823382813 6.49059844257635 5.108383230895025 -3.4207852057612804 -6.4793151498236545 3.888095738046719 -4.756498075665525 2.5764123737822078 0.545047794772646 0.9593673162425216 2.099114275908814 2.2906965075371213 -2.200700811552341 2.7601989191351812 -4.702354317573879 0.6723599682453174 1.4141648932709825 2.8577947154873526 -2.854740814954506 1.0657362134201755 -0.3232425817935446 5.539217978162622 1.7485531619958454 2.1613431335092366 0.4875004473354164 -2.7095728578729084 -5.4035922394412665 -0.7877279269491797 0.18170673669743928 -2.316388810845176 -0.28171347170790356 -4.864359861716098 1.1610999020036255 -0.5045291180797316 1.4811659538599344 -2.5574739629991767 -2.560276084396791 0.5813703855617989 0.2502440073905923 -0.8922190502736966 1.5484370426090037 3.264335577767444 1.7113262870648291 1.5842012103561065 -1.7443846440848088 -0.5194546560157374 1.6978194749546478 -1.9108141372801333 5
-3.504072711241895 -2.434771100880441 -4.165790679404422 -3.276471673679461 2.425938301630298 -0.059626134016841685 0.40776856947761925 -0.014445716286693458 0.6850473610979283 4.421352624645478 -1.0223501631241771 1.69230321186054 -3.0212462042834205 1.109573467009874 0.6036841843525501 2.8585463481750555 -0.6521997199870617 0.673140919334438 0.3328639069956915 0.15849202588505942 2.2257054784640404 0.31112505809743135 0.15844541237805457 0.5539390698920256 1.5761038248880073 -0.6512618701865438 2.4356848867990304 -1.5285971772400158 -0.4902959617883411 -0.005024203030593113 1.3454660841607526 -1.616127915107089 2.5596195378600934 0.022943247077094348 -1.6994143136621336 1.9385881420997404 -0.7081780771066299 -1.025024018495421 -0.11024444641418701 0.10292029240956585 -0.7819307839880044 -1.1682333418622874 0.38222888294361257 0.4041790188939312 1.4648977327695119 -1.4955835362915946 0.16947944102428758 -1.0992059826669864 -0.06490366739069889 -0.6174746670038426 4
9.026828586515098 -4.5670637532692835 -2.2945293638829525 -12.172184435421212 6.802352235094386 -3.978899933357395 1.3201996479018068 4.280236411770618 -0.702931620304582 -2.960521733748795 -3.6031281631386767 3.0168283563784626 0.6806330109309379 2.945959151327343 -3.2879157360543276 -1.429625509643821 1.360339132022535 0.5166398352167082 0.3635563529255759 -0.22819097538749947 -1.4782111217232479 2.9542148015178955 -1.261614700709594 -0.3566487674197852 -3.63016088971223 -0.6529982917154671 -3.255045938298874 1.3224409941653827 -0.5776915634159911 -2.7720118422417763 -5.172089087445936 -0.9308073249678293 2.6922264628857926 2.031549487136844 3.427314212318183 2.860158486717439 -0.9614763152439731 -1.0804447232038534 -1.4857450273162143 2.6330606274923296 -0.9292702752037166 2.538529082563985 -0.6634545052414591 -2.4685634347696457 -0.34071286372193416 3.450483662814209 -0.10616157222708979 3.013391731540781 -3.1817206232553388 3.1834756549911347 6
9.387956496824145 -0.2132156084451461 -0.7571184358193035 -1.1651990508389165 4.067431497416295 -3.3591098967909696 2.338849976083977 1.0811683746179859 -4.82073908424318 2.9869873401456375 -3.609357319963237 -1.8009082117340183 -2.5154360612757736 -4.756974292296088 2.4434913221104138 -1.5232958863310084 0.8371021220345997 -3.346932145309815 -1.7252503734223832 -3.2445878465830083 -3.8521630962143463 -3.30945418696618 1.498109844862602 0.7681504161791105 -1.2719413315258261 0.09201202137596123 -0.24928890318761007 0.5537160948672708 -2.684021713958798 0.6991222997774125 0.2581127373308968 3.5919730469377127 0.8764540326148904 -2.2123450164886598 -1.8500817862535115 1.1774749242782419 0.9922469753107996 -0.25176504542816386 0.7956641510817639 -0.13360094764673808 -3.495094602962492 -1.5986432789909522 -0.45567475534487656 -2.0734972060650767 0.9428594480199622 -0.41360472806365833 0.4663509523546883 0.022047893230503376 -0.19541032325171567 1.2832832765676814 0
-1.4826501189414891 -1.5618306955861279 -12.371368960509635 0.21437323040356857 -1.6157188569113268 3.4978106644747022 6.694365630638504 5.97896288604527 -0.8780517604305731 3.4021390018752293 -7.490680129453847 0.7626189273104301 1.1749269051084417 -1.7083583732978744 -0.992135884116219 -3.6755653020367514 -1.4284784534075308 -2.286041225163999 2.0572203689101816 3.037450206390365 3.372838211759803 0.042720122768870675 -0.9062013998371906 1.4261152530257755 -0.6307034041946571 2.8146795649011125 -0.6106819182983868 -2.7584576764827538 -2.0142442718320583 1.0801600750459028 0.987217668312266 -0.362378270987518 -1.2251925592909232 -2.5690383158930534 -2.475074236738131 -2.194679032856844 -1.0854583239978302 0.8284849443395452 1.0232636738817595 -0.5900485665940685 -0.7016575677958173 2.075981011768487 1.9066869440079066 -3.6641944537248547 0.9937331593390882 1.3575232233047982 -0.1790766667147042 -0.7146551149827084 -0.943378318313303 1.480300896793787 7
9.663289449944651 -0.38601179281210285 -5.1714740675821815 -2.237059198533347 -4.304061735557427 2.3757744164618964 -9.899495409956035 -1.3629020197937352 -5.789090229593938 -1.2661025239776293 0.9636237337068045 4.983107975688336 10.472515903031796 1.6445429068123703 1.3326973892664515 -4.7964357691282995 8.751569463141504 4.566330543332865 3.7171244532139993 5.19503946684709 4.30101082188683 -5.933406581479704 -0.32426024439497675 -2.0523008051896126 9.659479422863452 2.1433997927084065 0.19080460982689113 -3.4829350799459187 -3.1329009976506015 3.6108095599732892 2.9361564506495994 2.422988486683518 -0.12710686215542422 1.3562140348488378 4.707002054437415 2.138719116420405 1.4719968823941434 -0.12041916617079804 -0.2222519494580308 0.1681987365523327 -1.2365941390028983 -5.667810035767144 -0.7636321784154786 0.4301856210345626 0.948311715142061 1.5093268413881527 -3.2446803530840658 2.046328738398493 -2.193346868719345 -0.6111141675163969 9
-2.4424504862368175 -9.600712164779399 0.0072624949457814935 3.2688993307984564 -5.035158974993885 5.703325671369768 -0.4372230770398568 -2.6461656849695983 5.239387060353048 -0.0566566751206269 -0.9481398605325564 -3.760936689196547 -1.2838890945106343 0.9552355827896726 1.8435578366990728 1.4240741436264253 1.3509912283084875 -0.7149972805374287 -0.3791023332173211 -1.2555102772488165 -0.7679075104395922 -1.6708674445148881 2.4532016825079515 1.4421293370258477 0.35805900686095044 0.3409364863912966 -0.625431647728756 -2.282403257800686 0.9831116441586836 -2.5893600540863053 1.2933843417311155 -0.9699572313016902 0.7731755352231576 -0.393156416659419 3.1508223365256764 -2.0599936821699987 -2.2669153153632293 2.0288195672899207 0.8050789373261186 0.0861877543634707 1.5145852159050557 0.20143822808176556 0.9795579156958475 -0.15300981066074676 -1.6897778033473594 -1.0417203887830047 -1.2757793893159959 -2.266371096682929 -0.4802167233093475 2.3008418446254377 8
-0.23622314033876937 12.283784707164099 -1.1602002832821603 -0.5093655264832355 -0.5389953274636357 3.6751390551777896 -10.461970354084857 -3.331994224086099 3.9876915571806943 0.9885526326695686 -0.9484112555187167 -0.7135844342894152 4.644752943407911 -2.378265162905009 -1.3571071153907397 -0.6266643101636308 -1.0851239768162106 -1.2051345293630848 -0.3929386820545527 -2.4837207571991673 0.15730347779683884 6.837716816335582 2.962810603527729 -1.0832107666926158 -0.8273406929548195 -2.4501021919591506 -5.061196004010035 -0.06158882446745582 1.4840566708020395 -0.4997238844056703 3.9656019777576046 0.22016406022532384 1.1898660497850524 -1.3048037629542524 0.9723011807011256 0.3865983462924325 2.0424011312403363 -0.7277948183046689 2.463863626104632 2.127519903510284 -2.748289122772472 0.2979298217952445 -1.7101045584714964 3.4054420611036447 -1.5264495682226227 0.4455874551950849 -0.8816721116125092 0.9666533347718969 0.20224912047665058 -0.7627096344170077 4
-5.662756576885045 -0.7254536460301992 -5.397249839851073 0.8033731105659782 3.0172827711118613 1.2413287575442562 4.943608079396436 0.5136157108232106 0.7998694257272664 0.49008533887842276 -0.0001852668843111777 4.01618422835901 3.2768427938293643 -2.1250076340656197 -0.14621144307940118 1.3961182357998527 -2.1489569746360697 2.7801197519399854 0.38077124541294416 0.5227575237917866 1.9582394355664208 2.390505415669019 1.3072490641640626 0.5290965009848506 -1.2545691921714328 1.5457295899852679 -1.0138602785431905 2.2493368863164203 1.3378703028361842 0.3330059017826968 0.19479739735312257 1.3095839799831839 1.3741013475429784 0.613082855851431 0.26290817123906834 0.13960869939573886 0.9890952763877232 0.7446523782123502 -1.1508195598013522 -1.09725048211616 -0.27885326797679094 -0.6071735636593484 -0.35430981487196256 0.4247980980908767 -0.6815403069429281 -0.48248229157321953 -0.41018764574557587 0.3182426530918816 -0.624891205892667 0.4207834381760869 9
-5.44705302401113 2.1918354858449476 3.084381133978288 1.7091418397122105 0.3154370414708391 -3.13166075818839 -0.4219366277998927 -3.5206172926137174 0.8186375748237693 -3.1331562041037464 0.5759080971119328 -0.4149159848362154 0.6664209546294504 2.439766316507805 -0.3073028826117509 -2.2969702967786567 2.735143454403988 -0.019785411397164155 -0.10020481618268345 2.1708162598702048 0.14563083145113093 -0.8187013993983859 0.4986024916828172 -1.008335392727025 0.2157673248138977 1.149817464739369 0.49092763092867575 0.7785761449753841 -1.2275481324664168 0.7230704892704242 0.037872258392468106 -1.0526261532562455 -0.3075176186087183 0.9621291941023377 -2.269044874976167 0.4920164418142681 0.9834450865600047 0.47397771340874 -1.3173996662266056 -0.9092087916229343 -1.2501147567526696 1.3991577508522204 -0.0952356460449081 0.24825409808722967 -0.16849996149236493 -0.1252222232754434 -1.2605026795717325 0.7079227200439059 0.6418113138627615 -0.26366424778024705 8
13.49526205195788 -8.520566827915651 -7.488517050656644 4.109306908885263 -3.9528753440463666 -4.229292091394663 -4.910744871998486 2.306884058292479 -1.3076123738778622 2.682442663841002 0.6524282002338878 4.421914848085103 3.9233610694403733 -0.5130547870014822 0.8341259632405783 -3.4172053235901547 3.37037605109404 2.386806115671694 0.06379449182223908 3.8974412169146886 -0.7514055319181558 -4.095432281542314 0.9151719582324359 -3.804748305891936 0.4355576629915022 1.3781955303477118 -2.020584263442072 -1.7455330877811623 0.6455091321428705 2.571477361773383 0.7768378472437298 -0.9580743844096202 -1.189937924785682 -0.27367570095568106 0.9628912474605603 1.3964002329145504 0.17563949604963 -0.9904140626473711 -2.090547146796107 -0.7603703662778956 -1.891708521983186 -2.8024878729984346 1.167709811952246 0.26905731153351875 -0.9666675604207883 1.6056120884683818 1.562084889759277 0.8554446230046173 1.4332895811287045 -2.825577805459398 0
-7.436349567987538 -1.3062626310658467 3.0589378083245724 -1.4813488400364612 -4.368331976682727 -5.095263354763062 -0.2694689801183774 1.4364802590909431 1.3003936947311001 -0.6296515946285487 0.09070593978186205 2.52943974684405 -0.20867483448078372 3.3521628140599877 1.6047131086413207 0.08389408816393402 1.3531408481316909 -1.3027008689070991 -1.1147033099426353 0.6277073375965387 -0.30081926288187694 -1.953978396603976 1.3835399714440428 2.156075763828689 -1.9561137475375927 -0.8750602111933854 0.2785995831600931 -2.0815468003238795 -0.008775714632294972 -0.6586074009079341 0.2954416123504105 0.36491489975077884 0.040955908149057765 0.729031101048664 0.8787303620254754 -0.7126749281023883 -0.2192909512376402 0.1986443772801264 0.980438543821061 0.260928932109041 1.0354173909212008 0.4183286297992195 0.6485524452359528 0.5144432924967103 -0.7743528561611748 0.7196131896623325 1.1499273891158124 -0.2142141211710003 0.10977572714968849 -1.4400969113389175 1
-6.314099341201356 -4.90773086370562 3.977019102054188 1.5589107616244695 -5.72684788860724 3.8183385016235722 -2.4742707102378807 -4.5314496235986645 1.1235891104119022 -1.6808353415149224 -1.29173543448159 -5.429867104955051 1.2496966707988366 -2.088687219315222 -0.6274344467064938 2.324571113181338 -0.21939993181192113 1.4013831457304078 -0.4697014204778255 -0.27432494817543523 -2.0078254807015763 -1.3348405111769597 -1.823388574110675 -2.275993800355857 0.6113534272052455 -0.020427372770634847 -0.597403348676518 -1.8848715175370634 -0.5112238459453913 0.26357593640721877 0.4352794327310511 -1.5658144536762133 -0.4990915515799649 -1.4388353808161065 -0.887418562434553 1.1354355329715207 0.09466369267793284 0.8115247618558289 1.6467232854831888 1.5762637919021063 -0.24416835111365845 -0.6225973219565667 0.7551213543431848 -0.645280727047593 -0.20201348871841457 1.3099073942464796 1.7229813588978804 -0.4019060350281983 -0.6331905296893662 0.24791130059764824 1
3.8259553991834063 -13.654660336455793 -1.925983201584925 2.9151378701951094 2.612570980233986 8.130168735731983 -2.6540661995247503 3.440949294668788 3.8342160912881025 -0.8705772872471362 1.1053010552744391 -1.1600325926631372 -1.866580000622932 -0.30697650614925587 -1.486251765510305 1.7702214010476438 -1.4518586987269684 -2.6669246687501063 -1.3192874055192731 -0.4322323550612184 0.7820301737026089 -1.7983961721435846 1.6035526254946153 3.016413222957679 -1.2313004773811074 -1.9144767326740162 2.578979344418775 -2.4068151951635812 1.219954407555163 -1.6848611866388474 0.8918366799724942 -1.8608349536536042 2.201386083615191 -1.896173999310992 -0.9394230787059435 -0.06755386923554994 0.6693146956200136 2.540049125727479 0.8349232603820027 -2.042639951866517 1.329799633306953 -0.8864785146924257 1.02891491507734 0.31284422642969345 1.4609790479941995 -1.5800942725407046 1.8917079023467815 -0.8666180817492452 0.10251406801744378 1.363870374735669 0
9.177261504196602 -12.691086148988498 3.1598587461899323 1.0304567958216517 2.338688644268803 14.365643445927137 -11.177045708212537 -1.207807739096847 -10.001901081841329 1.3116962895078104 4.509630476687381 2.728665574764319 5.135241857645431 8.901641460462395 -5.794556352080209 3.672161655642118 1.6046638590323492 3.1322057742614198 1.1634011359795977 0.22634383440609243 1.7523224879135666 -3.927526919790098 2.0050359943076574 9.13131474253493 4.857746226685015 -1.6170532083228686 -0.1792002345017312 1.564832619175408 -3.98813912566057 3.863914610181508 -0.32291960965534733 -1.963575895940244 -1.3095614802317288 1.5072365595895052 -0.8425074362070744 -4.245986644400181 0.5143263320403078 -0.20008644963566324 -4.16539663172323 0.12571485181425116 -0.533717858560213 3.472690173507833 -1.1473804567683596 1.5375928764331361 2.457318303977961 -0.6718257699105101 0.3492967368170547 -1.4556583224900252 1.3229697262976277 -1.3040545136339259 2
-1.2348639848902914 -1.121173285154702 7.4499242845757765 -3.9386590979814695 -1.0585061858768048 -0.4279903761536501 -0.8814783508479955 -2.601136700396329 -0.35846061924819417 -5.326389398172548 0.6642210314573419 0.3798832166321187 -1.642448387356535 0.09410853974698627 -0.7955607090264198 -1.1445147220389538 2.480559717062633 2.0399563446893234 -1.0763630134929003 0.24652754639168437 -0.88987644610546 -1.4612582536950587 1.5357861534071229 0.49581345893765627 0.7234694391658574 -3.35144715330885 -1.3527497404516917 0.8622472875085953 1.0751609870722214 -0.28747585868637515 -0.09009481404531108 -0.6554653835482201 -1.2888741061981166 2.577259160655541 1.9261796548699999 -1.809542071421335 -0.019106643135263456 0.4678665131262584 1.817737721366679 -0.4833194296550091 0.2988850532721854 2.2216893974764935 0.8230779216389439 -0.6368652056140891 1.4252559277146568 0.9662401513498446 -2.044652514023635 -0.6260338036442247 -1.7073919771925592 0.6652474077559367 2
0.35593231841418704 -8.601563725047635 3.3236844091111934 6.520371571942261 2.6451112320246235 2.4116843457044435 -6.330661295941852 3.274787008927944 -4.9088260753529465 0.6823447432554798 5.338369403786623 0.8427721224511255 5.667647416449293 -0.3427612598021024 0.1004414295194469 0.07953686288307708 -4.121442892837943 1.0284130203252417 1.132990216726326 -2.3311022996526396 0.6795257501440076 3.588994971849552 -1.1345539421039383 2.0325037524067002 -2.225358451598833 1.8410441563452329 -2.5177611114471916 0.015861531734516796 0.7410703275123198 -1.0527217708568792 -3.187129074167279 -0.3239074659120766 -0.859765724151507 -3.4077034737601966 -2.3025330418835006 0.5538260367007581 1.7902481524122673 -0.6220956294765597 0.04201472748877422 -1.0068207843022132 -0.30056968783102367 -1.140522737156727 0.036893544295508396 0.8916387593502562 2.7183235571126207 1.7118214633850521 0.31397807867148464 1.6682414087188622 0.03208239994690202 -1.324680953857497 3
2.0315393528195425 -6.870802038981096 2.7629755963801754 -3.3938910704768657 7.355721890521427 5.3661483944062605 -1.3190272145260533 1.5123617131817266 -2.0832426182420347 -3.030250180733884 0.17528960823861509 0.34162724398328165 -0.6748153174510639 -2.3421229135807935 1.5086209526541923 1.0760247296698016 -0.4735240301306477 -1.265607314974861 -0.34049053891970793 -3.5794850272139715 2.6268984696432076 3.9015123529754083 -0.17812812014597557 0.6351037745478669 -2.187757875324459 -0.7881436592716368 -2.5202124721564956 -0.9188520590217425 1.0127603119608541 -2.102402057364266 -1.62577141708465 2.5617429348016882 1.27748758988478 1.6549733528097639 -0.22666657132612172 0.3548242595380757 0.4624123795738016 1.072871603339334 0.9343132889730906 -1.0478773941851942 -0.30261591600516813 3.450275017073898 -1.1672388321577432 0.6082155229982819 -1.536043795876371 0.5516011196867291 2.7215286014302285 -0.7105376142822173 -1.5828572777333143 -0.3095457599689146 2
5.8695393910789 -3.8786311776911333 -10.974589657252844 -4.548139230775323 2.852600789584632 1.4312550818257717 -1.1834417428513453 -1.056908635833234 1.806759169076615 5.398022503508748 -1.52113002946795 4.278866163708902 1.6206082904170236 1.7791580514319143 4.529497933055136 1.7731221815755807 3.055293475631728 -2.173667977796732 1.4610074090913217 2.869674538814833 0.045534908114784986 -2.070517785266869 1.5252775094244786 -4.502812167263556 -1.6505718270281273 0.8482151178818124 -1.4452397146595175 -1.3261931285645343 -3.876554149074904 0.9891401561011126 2.452910515844567 -1.3912894004924679 -0.5535587179318808 0.8350947983179104 0.05662499628658541 4.086427224886053 -0.9283619704637242 -2.878645330792707 -2.8880627609526903 -1.4887473396292108 1.015093264893688 -2.1801152072911516 1.3971772276288628 -0.8043810287675934 -0.05031517222316391 -0.9695234769771952 -2.0881191644235457 -1.4570789995960887 0.06413007289819114 -0.3171384375679531 4
-2.834465184423163 6.817580466166514 -2.2110256427236434 0.47279437478611913 2.145216511141747 -4.150803880357194 -3.8862636658847793 -3.274413993343228 -2.664796014032384 3.7558518726537833 0.8064185579910335 -2.8849790059972236 0.5272222983254208 0.10007584478703728 -0.9299030539451164 -2.701854902607854 -1.1538124339090894 -2.053971421954581 1.659293794271685 0.049968249246141495 2.0238177107591637 0.8929024496128491 -2.292466892403692 1.266383646803264 -0.8580098007865193 2.4795639429431335 0.5402244064678359 -2.6734746004280234 -1.3863327783785322 -2.6383185129718845 -0.5313754018011375 0.1629371374055142 4.148947566651094 -1.1848613566674449 -1.6168945702566346 1.2829175455498798 -1.7698574573952348 2.6088249938673025 -0.8305727173598482 -0.0721018139248265 0.6788076820750969 -0.6080232625403051 0.8433955734842083 -0.8379008006925501 1.280683436469851 -0.9090320464510021 -0.8958070554529022 0.879813226205104 -0.10232844770968169 -0.5633418089757802 4
9.23052212885876 -2.9729118351296036 -1.709466416573564 10.14023582755973 4.173237527578782 -5.398568877112803 -1.7266616676052091 -3.869830892687906 5.934202776428818 3.705049903168202 -2.6338545920585594 -0.3912612989982749 -1.1002251068755506 0.1410442752311692 2.108727286403543 6.16920550349921 -5.419780659144036 0.8592897702211685 5.306529635551121 7.118362847514837 -2.747793892627394 -0.17213725209252986 -0.6748828117742377 -1.4642478590016905 -0.2634400477344453 -1.7343660974045148 -2.8214060378212427 -2.395892633882944 -1.6059027798659524 -0.5556657435016504 -2.5622830644035215 -2.6841425856529426 1.3366558319553437 1.1344657485921366 5.676030984818816 1.3650448182103438 0.6288984320127478 0.215947019193589 -2.8576899313766613 0.9527041856921813 5.268382371146788 0.8473374928963266 -0.5430774206473048 1.3473417317829377 0.9043537223529313 0.4233574504749287 -1.5156822329834434 -0.2874582472810359 -0.7838951915873706 0.03555626422285585 5
-6.6647313802726025 1.2086238323393754 0.5531875978568023 1.2197470282034408 -1.1067147336663787 -4.09217098585759 1.7549116865352286 1.2159952007893697 -0.9525480028816001 -2.1753084379319634 3.4468451021526447 2.0797991819856323 -0.5998169605897075 3.1592724215838786 1.0461118737547253 -1.4303129549493319 1.6539503987888131 0.4370124261400701 -1.03265054150386 1.2562887749568947 -0.952184435338069 -0.7037905372837907 0.30703430140013965 -0.03447249999612936 -1.7246736517395993 -1.8000574748084843 2.373191864878748 -0.9596190318857554 -0.3477680962613413 -1.2272497505928754 -1.1404190835237846 0.4455952730780387 1.0467766412047985 0.21692957828655055 -1.5144231037808895 -0.936359095476357 -1.0139992174428867 -1.9985288037646998 0.9690716961131044 0.8368772856969694 0.8712113346854735 0.5419660930347359 -0.7614802936569244 -0.26667640259514996 0.16352945709235622 1.351129792245875 0.39971002898644126 -0.6623088687837247 -1.0380074514649222 -0.6559338876831661 8
5.8370053328344325 -7.6335869471539795 0.4276505419634477 -11.956103020417974 7.876890155144338 -4.46527072353953 -3.041238490869796 6.466602849111801 5.66526283729226 -5.119076772711843 -2.175543436618168 3.5519741630198065 0.051517659275974924 -0.008945299504430607 -8.249048308200207 -0.8494447515328598 0.3470676422628911 -4.051655749006354 0.29870877213059005 -0.8228086700002964 0.008912681014112874 0.6892673098681953 -3.448683405687191 1.8007848938265665 -0.06283535501845737 0.5161183188829717 -1.6639793852773523 5.7969186545062446 3.2342711433546816 -0.47383976869060557 -6.122812835197138 0.6302929306897338 1.2766542822268097 0.824240400791318 2.5694112292466937 1.778375345829309 -5.795219203457383 -0.04813316954517431 -1.4802439922211423 3.6164294995909425 1.0118161159704926 1.129312618602275 -3.916772818845717 -4.5356595632049785 1.6140212958512894 1.7635124072622461 -0.5798956445594714 2.318595174903348 -2.361225177257173 1.9886808696354095 6
4.621599336136478 6.5615360383747126 -3.7332823580932586 6.538320076544429 -0.667394543366131 -0.7732162279251376 0.8895074441613854 -6.341861425730819 2.633094286705983 5.120344672003848 -3.40070608686857 0.693775213888079 0.2952555279652386 2.806449779650239 -3.454464830940245 0.20875424031409545 -0.45105615794552295 -0.17591842068221297 3.5069518073526442 -1.0015129719602662 0.034289610412377956 -4.179812407158855 -0.7639908606846735 1.0117655683522355 3.5437780146356257 1.4651178428001101 -3.250256940107493 4.119234208212693 3.862163349907423 -2.032445288821944 -2.676741520809224 -0.6020893750961064 -0.706892689962834 1.2732210351040474 1.7648275553441088 -0.5845300789695485 -0.9919366537392398 3.940016455384064 0.4012167569315036 0.8571042481167995 3.1558774160702434 0.18238980711975017 1.1329117232513237 -0.44975112571763326 -2.277223900293134 2.376433877192327 2.5405887539672043 -1.2669939368544756 -1.5801767825651534 1.6550604666023403 5
-2.252339186566913 -3.213092121781718 -10.31911635687088 1.0179484957636236 -3.272374391820537 8.82772433807543 7.353674333129052 2.53575496050039 -1.8036410441224089 1.928124817213763 -10.681362997880006 -4.100746508412978 0.9352264472115533 1.8125758497182949 -4.420017897041439 -6.0550573993810275 -0.04324993046088477 -1.8103463368684054 0.3488917128990375 5.698168991815623 2.9540712963328355 -0.20950505340332823 -6.376957434731983 -2.1438288687371325 -2.4259159309227925 1.7705920864534905 2.9484800383360206 -3.9448479618615178 0.4979790106560245 -0.5569345597350778 -1.8754122180433008 4.2795552263412056 -4.042566143581638 -1.3852953443723066 0.40070608203947455 -1.7461320699870508 1.945322234125545 -1.0726166131636434 0.44990166587316677 1.7553110343180292 -1.2633478601627484 2.4311038829145155 -0.9919173084200782 0.4331246901641195 1.9421314346981706 1.99118708426334 0.3625422059681881 -2.5564636537601597 0.45765751277203953 0.4586139248714793 7
-1.6466380524165827 12.91566916740644 -8.948269980773404 3.789793546847557 1.9160904908915708 1.1955573813537035 -2.990242690774365 10.754423908603485 -2.9205839269623386 -1.8769219886564714 6.5866467357576965 -3.1725724179788095 -5.649608816095049 2.1500377608232295 -4.184883465119496 0.5651126151430838 2.757927427227224 -0.9453963625207528 0.8357020470158975 -3.894356383836348 -3.536954326832389 -2.0491071359252833 -3.215142689212386 -3.230883151914734 1.7136357801979478 -1.072773067439596 -0.6444625959833803 -2.8853965490455726 0.8358016819809412 0.16683679308267138 -1.9252773345616565 0.03925929119363377 2.0124944642474847 -1.5424439377418937 1.6550308370807139 -1.6291795715367203 3.0500319439748607 -1.4130110187313734 -0.009066760609076326 -1.2895621574647032 0.3331096944317248 1.7112789954924272 1.1269254658862897 -1.3650363387185718 -2.4175040068472042 -1.7079483725716564 1.8881908944742083 -0.47196733885764497 2.5886382107375185 -1.1340987837963992 7
-2.0909272221366684 -10.178237105511984 0.7692162543565596 4.005241906030477 -3.5625292162756295 5.379763541913323 -0.31821534959887304 -2.520964550113995 6.465847736615052 -1.681121691864116 -1.317310567159165 -4.484539313096048 -1.461084951609166 0.2715751581211693 1.1450195496263018 1.028899103996493 0.6597501352319457 0.3228123165221259 -1.1242303642493225 -0.4095610728888079 0.22356775881503452 -1.6370121839533653 1.3196898791935125 0.22676338343072253 1.4850773229563854 -0.6724973818538618 -1.1841506010390985 -2.9380149466463767 0.7056370811623924 -0.5388302007500627 0.9024069111686682 -1.3366087722679079 1.3056725017916704 -0.5892447253382864 1.2191191230483849 -1.0875151804903225 -2.3235937054105675 1.502745276757798 1.3256187600156943 0.3863077028297779 0.27470338829272994 0.15985734564246115 0.5642899925718984 -0.7024309322183107 -1.102673316639585 -0.11136042555416455 -0.1469079898003441 -2.2974321715929595 -0.3346954343099161 1.2520983891057427 8
-3.390478234999583 3.682865641838483 3.1510820106826585 2.7602241163429224 0.5891570276494497 -3.5266160245175637 -1.0938163984878322 -3.9360282152199777 -0.30463573062711136 -1.7679589937744755 -0.3726261959409298 -0.9806781107718352 1.4843420081527354 0.5053308681150417 0.21768757453354026 -1.5542260214143904 1.0866284911030666 -1.850530446285627 1.7801505209506912 0.029413071931829435 -0.272383474219146 -1.5077581105080924 -0.4193328486038342 0.040153006035376 0.7008399766367305 2.451182822937293 -0.9388242375963588 1.8529146156832639 -0.8088277117497362 0.3523861358013166 -0.9659138412204826 -0.570924751153032 -2.0325543099049157 1.2407382122648192 -2.9271616912582226 1.734602871953882 1.1695913538822036 1.45462985726187 -0.5951648309253035 -0.915767156783424 -0.21502529152312042 2.0642070346545176 -0.2979950543072331 0.1371685448477037 -0.10578703219788073 -0.051072072943818526 0.2708227123580405 1.1884345006603678 0.12149286472008565 -0.18991807970289085 8
-4.209823982486124 -0.8331919231371235 -7.248225409220318 0.4829891695490002 4.324324552963361 0.73173141164513 3.2683120299534973 0.36403090427710455 0.46980776566665544 2.124171068072288 1.547602966177693 4.768922195026364 0.7055590094476154 -0.920900127482455 0.7440666367657155 2.95149418962731 -0.5062311351715759 1.04788098444611 -1.2019506106275033 0.02267110367808763 1.2038042347776792 0.4536814118096843 1.132374223859558 1.2684432459833241 -1.0732918213680314 0.8903945714200145 -0.5113662276452559 1.4435129691188404 2.327294633040504 0.9167907550130696 0.8972012722164806 1.3992269551219152 -0.4432672602874609 -0.47066174031720104 0.9544902778919941 1.2271220549936595 1.5323376910873827 1.8934680800809276 -0.021005676697278288 -0.19044253944856182 -0.6457199309563656 -0.8344755436634959 -0.24974309788125548 1.0194546820497723 -1.0985763919342728 -0.7071547567181511 1.0575948693374129 0.8230823358567306 0.2758597706087657 0.5634226383281025 9
-6.677438872859393 -0.03214072652226988 -0.47972793588618684 0.36247981628849096 -3.574462721800088 1.16609356116744 3.0791263179948825 -1.2984368487110873 -3.7907682237920075 -0.9900837668685671 -3.1028334764587266 2.483940518819577 0.32093478206235493 -0.6011997546073201 -1.9991522891797113 0.2509056415081376 -0.5347900709323683 0.9711350819885141 0.32648278064188685 1.0899128392870978 0.7093442373718052 2.3274767602378943 2.121918214230568 -1.7705366732904406 0.8829489513249915 1.280308825566006 -0.5095546823319163 2.8342108509791255 -0.341924128787615 -0.2586861256035113 -0.3881646947480803 0.0030004384380057304 2.394241452138474 1.4167059944688891 -0.40100311910599395 -1.021511354603006 -0.6465554231509257 -0.4186233583842641 -1.6874008196230752 -0.44698576613215746 0.20578697671256937 -0.16596213616354943 -0.4292466754318284 -0.12544429288811498 -0.5431626936391548 -0.052793647429686376 -0.6244590014305482 -0.7961992731781068 -0.8618432357196314 -0.4405996930655049 7
5.341316734989906 0.7517443301739561 -8.449885012554304 -1.6484251771313412 2.7462723010661945 -4.271546127632344 3.0588263665733737 -1.2663778832575345 1.476581184754376 4.191162891609542 -1.2231066445047132 0.4203595585738168 0.17834116275116355 5.103964893344851 6.271264059133989 -1.199276647024621 2.9740378183951783 -2.883151335318521 -0.6907237469983266 -2.548888902782701 -2.7517492991988455 -0.48342899629606617 0.27518765485663477 1.1135264331152903 -1.048874209004497 3.124563793493851 -1.9572917566200498 1.4189997252244928 -3.0086770495015034 -2.9152879262005422 0.5412511257920359 1.4008024961595762 -1.6760916089708588 -1.8185797681276874 -2.3758431749533355 1.89390495592839 0.3604996861081674 -0.09629655265839042 -2.5239781444056932 0.5210302543444323 -1.5622769725131533 -1.4923272058470067 -0.2800795571415682 1.3183884637438368 -0.9128441849033284 0.6765056965301989 -2.2184877267287813 0.7963170002853024 0.817077431265616 1.3737988010397428 4
-2.554240966073377 5.319632132634828 -3.7820570710673866 -2.1006195152742517 0.20302359071828324 2.4939040760785374 4.682497237034679 1.668282316663498 -0.3642446523775665 0.4469938738391902 5.65428263078337 1.9056758815981059 0.8419869425613379 0.3002373380767298 -4.116397547105777 3.813919769068694 -1.0047682996378633 -1.9332361076315077 -1.5151663301047185 -4.958514748252963 0.8639173477261375 0.6851597188296903 3.6001620513822745 -2.7203627773643997 1.5934733564391157 -2.8844704254745164 2.25798754806832 1.4584211894723942 -1.2936889381378902 2.4854403381938774 -2.2001401017267863 -1.053264270628039 -2.2381762098471913 -0.6210537251232844 3.571895873918863 0.5085585978521533 0.15502802003155192 -1.296913211140366 3.616365934279397 -1.3343455781603555 -1.5130060952680102 -2.3838713081860594 -2.361094612571995 -0.2206891355042709 -0.282250104425999 1.3461618165274616 1.4341912864501782 -1.5986287044747733 2.191502834145935 -0.8791524321099642 7
-0.781097763881445 -8.79610934243829 2.424233974412243 6.3876793097203155 0.46025711849972994 2.605940136362091 -6.338028598553416 2.477729687027431 -4.678619538515771 1.0423281665190012 5.4782377578953465 1.2697020144103415 4.190565766501531 -1.4545482581212648 0.7045896881880717 1.1380795558108725 -3.4380997936327784 0.7576687098356011 1.852579784431645 -2.2409973535787016 1.0806373840248709 3.699660364615185 -0.946848771139004 1.3090860724910047 -1.7591086796415594 2.690081064127085 -2.039230239234345 -0.9021701836614024 1.5096888588468858 -1.783860284222488 -2.487273126807588 -0.12308583301905499 -0.7546550802536606 -3.46329906667813 -2.325798332792967 0.7209451228906131 0.5402182956259548 -0.5772604520236839 0.8444746296981159 -0.8968146177413382 -0.43844494987846333 -0.5006980186981365 -0.44264819840041636 0.7987322364270435 2.025397325635505 1.2339945233830771 0.6848024531233229 1.0265452321347182 -0.9583794306061254 -1.5355655897529612 3
3.8390226643200127 -0.5442005617019552 17.449764262593682 -1.675068222957327 -2.2877832783222543 6.324532916320289 2.7326905545471423 2.5035525287550846 -2.857866818041688 1.989669692810926 5.287278431017634 -3.359922373855961 -2.332625092146774 -5.252323305203247 4.60245010125294 -2.019724757900318 -1.612295586668937 3.5473646267647045 -1.3175501666005212 4.773656783034632 -0.542092876922126 -0.39418007123566967 -0.45354984137948257 2.3192442756418736 0.6339434277437047 -0.14818453655002692 -2.4035778494685114 1.0790227287942544 4.842573842298929 0.8609193999030132 3.3109111712364094 0.48463573434372675 -1.4139470628094977 -1.3045329617854002 2.3614881636761313 0.02754256901389847 1.6827284897585428 -0.019956327510855517 -1.6201364457043494 -0.212115618626212 -1.1923385859637974 1.1365752960454256 2.063952129248017 -0.8949806999966504 -0.7422257333464015 1.7210296721821987 -0.7632798106224012 0.9836642035825979 -0.21305988590745756 1.2647374918711518 2
14.57443918022197 -12.761034816960622 -4.191026037472635 3.43757404929106 -4.516306097287586 -7.037491278263736 -0.7006435437554612 0.021959034655891597 7.3047107277989545 4.958823180363257 2.492646551384885 -3.715108253313847 -0.9646176086462236 3.2172816675250946 -2.0110308040941662 -3.274140285489896 -1.1926088767258556 3.3914423745005844 -1.5630479945538485 -4.3267295876817355 -2.7816999200054426 3.772428063242314 2.3740599466794796 -0.1733535172785097 1.3528922062268605 2.42469500378263 0.5432527960134654 5.096166631817212 2.950676441387415 -0.5547474540143196 -0.32083143249547125 -3.1981248266542552 0.08791185962619048 -0.6555648058045441 2.906322630526934 -2.4331083490124406 0.6493800855578493 -2.8474535851683003 1.167904965896063 0.7567716624406576 0.6108812528043219 -0.04250365223922895 0.9151447447976563 1.1378824418606033 -0.6781837233786674 -2.171905649802808 -1.466776594857311 -1.5276878936347984 0.082324098876465 2.379842871475526 0
-0.6528191180210549 10.037510497239033 0.9867601340013961 6.004280954404926 3.605474806320577 5.942182736594316 -1.402132946535748 -4.28369238182282 3.297813252128973 -3.900128375764842 1.1149990192204635 -1.1929637947118368 -0.2521754572296275 3.4081662588911454 -2.9533614139467126 -2.48232404442735 5.982530140875093 -2.7218523623364974 3.137405917772418 1.5467241715954425 0.05259224937094352 1.1342316779058186 1.662508398063994 1.0399940998607937 1.471582675708794 0.7610595775906993 1.6174328318849858 -0.1628728203281249 1.3506949512085615 -0.4440323916519132 0.4185852812637123 -1.6195786148342366 6.656535630296264 -1.8825078081491649 -0.5167879588333185 3.35062859478922 0.9064758869204599 1.366463746314901 0.2805855705722579 0.11773312241312878 -4.0407384061423715 -0.9349059990330807 0.3248171540249616 0.577081877474921 -1.8484463277900074 -0.5977104532497576 3.270328615190141 1.707441399787175 1.1595338030369726 0.554770794639763 8
2.756422589109225 -6.6428872329359665 0.03670502336260167 -11.024449057701291 6.6362270374884345 -2.6540248237394994 -3.2507692857971824 5.873486665813343 5.216852457454148 -3.817518613675753 -3.141142633800086 2.9903732226271877 0.04162146060880066 -0.8929534658627152 -7.407336375396426 -0.3196779648438927 0.9175565664165635 -4.962551101989799 -0.16301980974558183 -0.9957456376431019 -0.1929145699505293 -0.9239856451040684 -2.8208669967402664 2.7358157955446116 0.05013467220845966 1.3046822308068875 0.10395737352392836 4.712456765156558 2.389639028129548 -0.24420440078166294 -4.889945892743622 1.0121370052057106 1.9098967354091938 -0.39125402956971345 1.8929410303789371 1.9105644264743844 -4.508150845430141 0.025719328652900636 -2.5981229860481565 2.905985572069449 1.5555004176617115 -0.38463306200317554 -3.8645152486978747 -3.4690572138581133 1.7538348784532463 -0.2096191915085479 -1.1779061085306006 1.3555700506961885 -0.36577187639675107 1.1463561653581065 6
-4.374377272034435 3.8133432660128985 3.7971185486184225 2.1231209058156613 -1.5870904233917127 -2.9504635977117446 -2.6168981871397965 -2.1289341583215093 0.6437900337655901 0.1665041517311346 -0.8096269001292028 -0.8815851161619196 0.22206058381275104 -0.606471317363976 -0.9815511606356331 -2.8247074930104006 0.5217326708996304 -0.492840732085496 0.7956834944663 -0.8113425072736176 2.0147388395509704 -1.0211401171972494 0.24553621614698642 -0.15975466794867998 2.0814349001567227 -0.5977060541649674 1.9319365605993135 0.13746840920541162 0.03492625636798556 0.1184900715280809 0.5858358668657851 -1.8989831186462054 0.9176715656256536 0.9472198591909268 -2.5085484119815242 1.7093013009637337 0.10353083377614773 1.5542892804963742 0.21238332829041684 0.011820515668191993 -0.8956228752054105 0.254490020069772 -0.013281440888917747 -0.22042667461778773 1.7841283099442997 -0.039459155882240644 -0.8893696155570997 -0.36649857055889495 -0.19623038748139865 0.9188000373324052 8
4.4023938964831855 -8.658865429158336 0.26329432033285927 -7.007195385278422 4.576676151784904 -0.2878238508740837 -1.884164475538885 6.093456397962176 5.824732101845941 -3.9664485409674697 -1.5844478882197668 1.893411848923134 1.0729463305367166 -3.7164892100779063 -4.795915741541458 1.7856870781955383 0.6532049939387247 -4.508212133679878 1.84014459674424 -1.6444372806841765 -1.219330261209125 -1.9044355167758704 -1.3718006577597066 3.400963214837657 -0.845395730532353 1.613330476125003 3.889386322728611 2.3060154935910466 1.8772073568038206 -2.146439448307188 -0.8110867341314303 2.834854349643499 1.9213911359188216 -0.6663543505224417 0.4756311273670766 -1.9784801523297693 -1.6814941559288696 -0.18485582462642208 -1.059740660995446 -0.03311986769287785 0.9061833931964159 -1.8184525861355954 -3.4674136643870757 -0.5369951789716962 0.8760924052003509 -2.6371948500087448 -0.2485473819211631 -1.3536154467060626 1.3616923058243735 0.6949605826008339 6
-6.967196454583561 0.625767947758973 1.309913628148472 -2.3126761042066897 -3.8605337311105865 -5.038473695115292 -1.130729711651866 0.2004622469061562 -1.537740877157555 2.242696971051003 0.5717405517064186 1.6500364644737289 -2.0430930327780343 2.8670910405248176 0.6174730073845295 -0.5386668013592378 0.7425687711214788 -0.38232644540298505 -1.3158954067524788 0.6251885280386162 0.2890377034351397 -0.7171516212478585 0.38481962384930135 0.1656014680087708 -1.1883763049270248 -1.0147338383530466 1.8294897005798565 -1.7125497706793416 0.2653868161225514 -0.6965359199372738 0.2877535190440021 0.4401558153433669 0.4894281903020807 -0.12542998420580606 -0.5628848975790726 -1.736754086304447 -1.1693163997770943 -0.6761665343852424 1.1930720854216599 0.6175523270238076 0.5688605173104857 0.16807375215710937 -0.4286365227015508 -0.3145719594341266 -0.3104937488477879 0.5913395480325077 0.9110407113487853 -0.7513892056083593 -0.20043337097113087 -0.5647661152037063 1
6.117774851912442 -7.700853353863833 -2.6910605048412903 -10.265826656420533 4.787563064285926 -0.5096908208118651 -1.2868689926674415 3.8091992741152816 3.353288895053209 -4.139652581543212 -1.8064994954573599 2.2345346928236225 0.25671215748552473 0.407944541011289 -5.3029022029131685 -1.2110914739317993 3.650469356144353 -2.282636515906056 -1.1693212933137505 -2.169858408773379 -0.05057475548073933 1.1305347879650565 -1.9539142157344072 2.8402544126288145 -1.6200883851366306 2.819305509550058 0.6121049631857063 2.782465296809723 2.4874075339747432 -2.497138491981669 -3.7151345811621637 0.5989958736858403 3.0379180092744873 0.5670270646086355 3.60282556662657 2.1365435678180247 -3.1639280158952645 0.22392162728100928 -4.0713325158489955 2.76660681847904 -1.3471216278480738 1.1293627553723036 -2.9556393279570057 -3.639530025935898 1.6810556509715555 -0.7096278366574583 -2.7685482199912004 2.6855549363588476 0.8445612587251814 1.8725033336420058 6
-3.3457603686644575 -0.3705823434659778 1.6707035990317716 3.796940296222728 2.9239905662635164 -5.444362429978661 0.48785335708232563 0.22806886235621582 1.8220249669403665 -2.7434251084794656 1.0623825436954804 0.8777918962570233 -2.125574597540555 1.6786911883981495 -0.6188837966878027 -1.480776176227888 0.6596854803617058 -2.069034996018534 -2.9730295423035606 0.9822788025494225 1.9653536549660362 -0.8967079325509064 0.25656100778439045 -0.9551034782086717 1.7401118999608918 0.46968993546049054 1.6176092714371009 -0.665219095808542 0.3513287475364345 1.3720754369095083 0.3510085685160817 0.05375739104190753 0.9243144250740766 0.4837090254524226 -2.3613089386606303 -0.29099928004185277 0.24699360941821175 1.5995057678494087 -0.2794921625703259 0.20296565961736363 0.18883819509558683 0.8249732205658807 0.07763443199771324 -0.3021778954825069 1.8004198997323584 -1.029340798875851 -1.1585970514867692 0.1403140202524989 -0.26661901409131045 0.2429095958207045 8
-3.3755492909817075 -0.7726317055418184 -6.829504183381635 -1.614950186604605 5.618868260161284 -0.2685535961108773 2.246247983436441 2.341222913473328 1.2143988192755284 1.9507882242189254 0.5547062463389861 4.70239446309921 -0.2760595168239681 -1.2108296556659581 -0.2504100201427388 1.6226011729260477 0.31216886105793135 -0.7473754438247522 -3.3663496722285218 -0.9064845726730202 1.1136010579719235 -1.3057323473907458 2.6589923861102376 0.26481957898168107 -0.4192209651321949 -0.14209812690810933 0.32744828129478104 2.045613943110991 1.60345591858476 2.056456012728503 0.9003531305755256 -0.36297267002692046 -0.5110510436407834 -0.48348337295383376 0.33041034815573506 0.5996998101540311 2.461669575292458 0.6421959061875822 0.097688729211317 0.23774238436546466 0.3340925324390529 -2.1959534595426375 0.5498230792894261 1.6087224313708903 0.5713207293353797 -1.1460916022257568 -0.7747063236780088 1.5164580983962126 0.895848287868124 0.05442647065417461 9
4.667048569708585 -1.1327473735127955 -7.364063962567961 -5.16769706197803 -0.46960097684698104 -4.490227347865271 -5.142432156865864 -0.9886188698104655 0.5311489980265323 5.728709749625183 -1.0039204105893598 1.4845020221462943 1.7170485479773392 0.5039565150600884 0.7545756940768946 -2.906891165510676 3.300461130730442 -0.9505706766001151 -2.8229250960727565 -1.0980172438586908 1.4186029510826006 -2.1980642117236817 -0.3348487571594572 -3.6570269668690543 -0.6027110911914605 2.4679695722276396 -1.3227502101996766 -0.8517235408461581 -0.6914274535466325 0.6341250242295946 2.761859509520228 -0.42834305446116316 -1.4873764163904086 0.9970351223509974 -0.27092919509079805 1.506548864095749 -0.23661076099020037 -0.8431562237857293 -2.0349693994217 -0.6051072394758573 -1.743957959651193 -0.28145910717531436 1.1523352669253486 -0.4948107069206086 -0.7251476097272219 -0.6581108271756956 -2.592727950729194 -0.2774121098777159 1.5050748694055265 0.09345288619599837 4
17.470708958769197 -16.9002282424119 -6.358497056389882 5.351714118637737 -3.0567340399573615 -3.2173767109432427 -8.816532830478682 2.5116335754070045 3.1119907890063185 5.462308346234143 4.902103385208888 2.499438338898708 3.177253281375411 1.5007713273933978 -2.2334981047854274 0.4357648183627844 -1.0388175206377224 0.8650803538379739 5.0522822191869325 3.290129162430721 -5.464720933000412 -2.723133859436167 0.959461441382242 -0.8977552253795704 -0.9430183671165393 2.783248134199816 0.9331092762063704 1.1101220974327848 0.03539077229051944 -0.013238872549023955 1.2074056819664494 -3.416250530825635 -1.9912152812468804 -2.1321697222484906 0.5648497776525072 -0.09473307515709956 1.5283977339235406 -3.3460106036715653 -0.458989236459981 -1.5399808281235439 -2.5720618679622578 -2.202048248600703 1.5845854832951212 0.05600897259772427 1.9508740565076248 -0.8293710480185781 -0.16514054257055702 -1.156333344640605 0.3150519586578121 0.3257511314851556 0
-7.700439310274707 2.98046655038121 -1.8674274370643442 -1.4833284554585766 -0.719167234013008 -1.9178523483497811 0.41140499708258005 -1.9041475102836896 -1.4106091373319665 -0.3982148387552762 4.43416758306787 -0.3787735023516505 0.39700105593772334 0.08643184273197625 -0.33249291056206626 0.11058414409951231 0.5387823725662725 3.943278059638532 -0.010411279593824391 -0.5871283404312447 -2.703919349272963 -1.3669311117782572 -1.6781164797902826 -0.35949557898223544 0.016613520914349807 -0.8866752569797941 1.1426844945199903 -0.297412007145967 -0.029762911091003492 -1.8990303549885894 -1.4721510194500016 0.482540399957712 -1.0454766791782852 -1.089720815484816 0.6413575786011813 -0.9991426182449694 0.24398385258554556 -1.4064635517803792 -0.19988580739555942 -0.1712827949678681 -0.09275204295109526 0.17638378590933707 -0.5165089387707044 -1.445650546432288 0.6895928784219217 0.4956642711697414 -0.3127148628090261 -1.3184510244714454 -0.04280960199519822 1.1172571830557334 9
12.482534801597506 -17.533920765836083 -6.652356957754689 4.575130619904584 -2.0874356258503206 2.0293791647481316 -10.180775782549489 4.343739526040922 3.0343022702216027 7.923007232325504 5.627810140726066 1.3677117048130023 3.5226278628289243 2.27272636995155 -2.5423783821527954 0.00460364123582377 -2.8900110730538073 -1.342780629424567 4.869132573277701 0.7996065198961665 -4.3386857292585175 -4.2405979808631455 1.9015136707640357 1.5977988643988204 -2.6649753434693686 1.347048861291742 2.0094507319329997 0.765600838294135 -1.5262089338439975 -1.4877213568735237 0.6066888518346504 -3.8663805248873655 -0.5694258522472829 -2.019830314712263 -2.036032317986746 -0.2766758576803335 3.654853014206513 -1.1304910372095014 -0.8012512757935646 -2.0598766753590683 -2.345240450937791 -1.7974541319754394 2.2627116565728804 -0.25493055115917734 3.2984528885575584 -1.266350748295605 0.19549204294009828 -0.7254794706618772 0.706911665193286 1.081003470934047 0
-7.412293330617481 -0.6028772068322009 0.9195922006956048 -2.6185594924904696 1.1371158180853294 -1.8327702070363845 0.17821673510967254 0.11413430401464109 1.3991234198195925 1.0690352198015716 1.2675554922949495 2.5548648051027216 0.5620663716001212 3.765359214638389 2.493910070329125 1.660843637094884 0.4890309675666841 -0.19834094174816191 -1.1537361808253195 -0.9640490172468561 1.8837353453233237 1.2193814669851155 0.6037331913579413 0.03278482304367139 -1.8990925449708569 -0.29483979652009207 1.0344993392675388 -1.201824297395715 0.9740620360308949 -0.6748018739446486 0.9392908292486473 -0.641633879440268 -1.0135801616892377 1.00149784644076 0.19577360193250168 -0.6922846212486167 -0.10266084703436092 -1.6702908250356647 0.5662861061350659 0.2727235011247863 0.6022522650152605 -0.27836355547582725 -0.7265634945410103 1.2015852107509066 -0.023365779965520653 0.037267103011595346 -0.4745491737131334 -0.5299701799113785 0.22256499028838583 0.17409393956216557 4
-6.292794588413902 -3.836551680089344 4.381547538748584 -0.512963124523767 -5.376094898893633 2.7680983534673795 -3.346645805331657 -4.3287759175386045 -1.1139483483553658 -3.0313066567492966 -0.3772669431020811 -3.3810729328658224 0.09693337900826783 -4.334080225950363 -1.7463340274232209 2.216863521312232 0.4471087778102014 1.6174647647671698 0.6314999980167311 -0.5757622030722417 -2.5308915104200445 0.07678857482795952 -2.0494478054121306 -1.0909383389590401 1.3579683681132966 0.41499275591158163 -0.023958484940202873 -0.32311467661409166 -0.6032454973723074 -0.31933868298042517 0.03040040577170556 -0.6990185121078251 -0.45954056299872115 -2.216018979852227 -0.6892632362939182 1.2397570270273746 -0.03609891177980245 -0.28520655854459515 0.2357646860163094 0.6397568945842385 -0.7194245619640273 -0.580571681262519 -0.48903172711207105 0.45623919857201517 -0.6072097541073037 0.18580455208713093 0.8422301891834425 -0.6950845741914072 -0.024038937924456594 0.4756257873284089 1
0.3682600676575643 5.75828258990426 4.447934015754113 5.396100143945923 3.594935380802058 -4.961985135699762 1.22912043288306 0.2517908288358949 -0.7929028982847796 2.9250574651608474 0.5472779647411959 -1.0420580568886924 0.9874165995692754 0.15527709901751724 1.6724749398979932 -3.6385490938352723 -0.7531161516892566 -4.622816775532643 2.216012972976371 1.9266117375793956 0.5924333905589153 0.9477522629867943 -0.8536983010078691 -0.33825732303274736 0.14307735856999348 1.8376332907496642 1.7039027118021273 1.3848947986649103 0.01458712180773401 1.774031579894503 0.015252518623332132 1.069551952444253 -1.4604513870096696 0.42124563713622565 0.7614663739399157 0.8933594747689193 -0.618650328714926 0.21665072827016163 -2.0719943885306247 -1.0498740081717932 -1.8629581739212944 0.4508586629994159 -0.17015871936512908 -0.36294556783453064 -0.15822410040184143 -1.090079628578923 0.44727722486095917 -0.8175541396433215 0.6017248109000697 0.8647764666869219 5
0.029142902177041772 -2.878292479368917 -7.227542976715204 -0.662977703049525 0.5537554516305322 -0.1702290960180439 3.4628347000384245 1.2210347513588866 2.5201120726547113 1.7756690367923298 -4.226383106059375 1.9947160648085682 1.6890185170623806 2.2039563864798426 1.9329349700194232 -1.0200829310141837 1.2447795193562499 -2.910612920588675 -0.9029075558135877 1.3537183073425973 1.310010338073174 0.9242945377512579 0.28415649317764796 1.9358792421230384 -3.6418260086762624 3.73918370048939 -0.6335242261062873 -0.9870771159258203 -1.0559350455510834 -0.8338754137972227 -0.3207815107253237 0.9343973229626712 1.1343265017182662 -1.840598804090573 -0.6620220218381626 1.5217640146703908 1.450124062966293 1.2463620895189271 -4.32203345245645 0.13387234199231782 1.0729891110124101 -0.2675194092796646 0.6926861268255481 0.9186864275992274 -1.3994396467653338 -0.6195342590074306 -1.521880278634898 2.0235069577406013 0.9566940217033431 2.075320073680821 4
-4.1683001651237 5.320521854079633 -5.869243078909505 0.3081217258812528 -1.7575324949244269 -2.235246870779969 0.3533465780500701 -0.6730054486737408 -3.117416948511204 -0.5942292369232764 5.451796632007041 0.4798724401674394 -0.44898018243601157 -2.2485101246328596 -0.678081815285981 -0.9579075990014697 -1.3076185583377637 0.19445208100993383 0.03431811211747612 0.5663090536975199 -2.667394213439384 0.28661479027728093 -3.559072320162547 0.1890609883634263 0.011595409093134102 -1.9515863198463548 -0.04213654069419644 -0.0024107876447029665 0.9506178692082501 -0.08080707440195098 -1.7003766310906852 0.4284716785329639 -0.7096504953759117 -1.5291787348815633 0.5319370186477258 0.5449337755422566 -0.060684288631999116 0.03031003293850149 0.448303986167918 1.9317456755098923 1.3762633380814076 -0.049675831921599516 0.18099694685778323 -0.12963426307173972 0.3411994383492276 1.137853217973534 1.5595461247982978 -0.43447521019400753 -1.2899181333280443 1.6439088852778747 7
1.981529145513624 -8.729829791784978 -2.801971561874135 9.347184891939342 4.39618342262829 -3.1833691123942183 -3.1125043008486695 1.4150931309961003 5.096048693083158 5.347534444854462 2.554665168628122 0.2512883686159663 -1.302402157597299 0.4968156341630397 0.976928171576736 3.0074524580216964 -6.72630351198287 -1.4525757361654525 2.578478966335678 4.49172402141244 -1.2466402296128034 1.4433328625303787 1.9985367646386063 -4.023401446496332 -1.5001668012478002 0.23266257804120064 -1.1838134046593851 -1.8084235172322352 -0.5442452964217309 0.2167208139378015 -2.5148808061097307 -2.990511319006737 1.729655848671402 -0.11079026919783261 3.1627085251550264 2.385075961645974 1.4916127870945122 0.9399147379105806 -0.8602918950533868 1.9194651092348065 3.3777913721112918 0.4449994310822991 0.6706069412858102 0.02374701332657125 1.263703310915766 -0.7830920573487357 -2.1939736666108423 0.8912143535967999 -0.642580194296926 -0.3153801113313333 5
1.3198479009608988 3.019305073512021 8.052032956455 10.220013791494171 2.2757856646627737 -2.512841925177549 -1.1304061152031577 -0.6855672357072209 1.2556068677010397 0.6451895118906075 0.5725426495475624 -1.5051504705421892 2.3644322200187857 -3.2305367513117913 0.16088059593551837 -1.2640233351901342 0.23445886655323933 -2.4800720427830725 0.957645239306551 -4.706092736075244 2.2163056117531674 -1.9621265406311492 1.0381965494468324 -3.0510829594748947 0.5681468481484787 1.075726379284741 0.26822464271091445 1.7414894175515068 1.5917396789262765 -0.41453672360200844 -1.8283032252388338 -1.489444550113614 -0.9441975208827884 3.5875720850337833 -0.6818476407536245 -0.43070073542177834 -0.15943095459180232 0.05105988647997987 0.6827732227182695 0.6800997098206142 0.2711087476553161 2.5882983636639163 -1.5787896415043399 -0.5092679265053028 -0.6158502633589686 -0.34942171055854837 0.992052614803028 0.5019650957270956 -0.3928712702702447 1.2019693357461225 3
-3.2851448080074652 -3.7965529004123533 -8.255897731642383 0.5499559417735422 -3.169693022192247 7.980333102248334 5.3347924967324785 2.3154367485747818 -0.24766243234200042 1.3749358875510953 -8.51351732158789 -4.37099190883567 0.2836093080209063 1.354869644262937 -3.772521106221208 -3.5354622729860834 0.9616629390465185 0.3779146891235639 0.3419779859699593 3.9896596571133576 1.977856198520392 -0.052961255943580976 -3.7269876250138285 -1.7336048010697152 -1.7436115138807382 0.8196587338222854 2.3189585339815992 -2.899225687837123 0.4850707086977265 0.6642035806840589 -0.7296557580244433 1.8407112982581515 -2.214345879368732 -0.683634389911868 0.6250448614606131 0.02111446080564526 -0.10670460849653744 -0.6976458705240469 -0.9533063144760064 1.1718420511747407 0.7629829093904998 0.9182858205845487 0.20032572611387342 -0.2318164723412848 0.022622460940132254 1.3166716736769017 0.34399659511751196 0.09202913343781596 2.313878525172345 0.9534788557637548 7
-6.976743282111488 0.748671465676125 -0.4319499195660794 -2.4485973278918647 -1.2560608817776069 -2.086385839198891 0.0762526236141929 -2.0771355584597253 -1.8501740738651056 2.667745710860892 -0.7981029829555517 1.807627995808946 -0.6327317624125516 0.7515504482304304 0.057248422301511746 1.5555263722693138 -0.47902793322706166 2.8380505227922517 -0.5773978261665855 -1.1231425390195895 1.6105156642854066 1.8866150025818458 -0.15869771174688818 -0.5334010123916736 0.48915193740985247 0.250394362673321 0.6779059919300846 0.48628752081050164 0.6587582254829317 -1.2710761391221768 0.5987881639458519 0.060483378982407715 0.8382649827886102 0.9413127368793689 0.03988978398139628 -0.4259760360774453 -0.24441330704191935 -1.820943056748871 -0.7891986454411989 -0.33948794696882645 -1.3397997546686722 -0.732661662549205 -1.0352823252965908 0.7181889336919776 0.28032327122107553 -0.024375535500207796 -0.67401954467684 -0.706830168153425 0.429196919677754 -0.019816180419469306 4
-2.790058649795026 -2.846604721613018 -7.747694604565445 -0.6522044054223315 3.4337603707218594 3.7156630597005065 4.957575481364699 -0.35261259660858013 2.2927096965049203 1.301952709241956 -3.0467152028992324 3.3721536960335476 2.586996168350458 -1.3112386587281846 -0.42617652095844033 1.2537529795479918 -0.3378606451883887 0.15398721186196793 0.037459142742236266 1.9203786534014886 1.7703414265293633 0.4600705707412407 2.2164034354512454 1.3681316820125808 -3.424140376241493 2.796877650252142 -1.6075969617973351 0.6560380485846201 0.5068493892806561 1.848126032636847 -0.0523857971441573 0.9374596646481702 0.20646896511341717 -0.9970398417999465 0.5286830225972555 -0.7921128081503335 1.4109927723909799 0.9036227088202009 -0.9657006608238383 -0.6794965706990267 0.9826993285871861 -0.21666389250878582 0.7103649483318214 -0.4895192004028679 -1.8339644357179026 -1.0688757877168595 0.6184072047440445 0.8539806629061016 0.15513086632352724 0.762705165805604 9
8.022438247222123 0.36677597135641754 -6.422784680603832 6.4088948174113956 6.9972179591198325 7.179471656297144 5.508087904976119 -3.2712690002275364 10.15787461096313 -3.344277490625992 2.1851115839146664 -5.263939643218233 -1.6904530520815677 3.5223682745134566 6.627138994646681 -3.0619192724646576 4.642906982928935 -3.630519402328361 6.875005647557498 0.8970775889100456 -2.2306538438521444 -1.3854368325412252 -0.5717430994564086 3.858600494522041 2.2105398491746 -1.3180418868998456 -0.8851077955846747 -0.10949607353932793 -1.386884342013842 0.2559961662281163 -0.9869759168483312 -1.2326999359249775 1.211547085383743 1.1594288751612536 0.6562442210775189 2.1913527779927335 0.5426900464233895 0.11416498408358651 -0.887944501184824 -0.33659212741152905 -1.7646254486972084 0.46900018675223565 0.9611774479683092 0.2695361420290413 1.0721277150616793 -2.1120727680211298 -0.7002286637365109 -0.21811906717964383 0.6292190219717563 2.020553451819257 8
4.320358228643962 -9.347971010676867 -1.7445846721901896 3.806762053737709 4.9348391771168485 -3.3234581610927303 -4.123180184546758 1.4703083421747238 5.2306213936917825 2.682604639497249 3.4771270220049355 1.7554244561868253 -1.3038396639724503 -1.7409565276108014 0.544633053284945 2.113707569443269 -5.748588367297859 -1.0121885343602275 4.703163975989861 4.144168699158281 -0.8553599006182329 2.42143253554053 0.5325509927100683 -3.4278278138357585 -1.7022829370522088 0.3276737164620344 -0.3163443142061983 -1.9902802929575996 -1.8005542318538046 -0.8053616343244601 -1.3600979260513455 -0.1100465044039414 3.429523336691258 1.4678515942356274 1.8361734106967995 3.9183682128138075 2.6301072317527554 0.8812746947236123 -2.138352178389417 0.002494240210192407 0.3547987520024242 1.9585416541423843 0.18211529177818703 0.9397686437013675 -0.5119634036358206 -2.277501547917763 -0.07248715376566263 -2.054729891139875 -1.2248928534245473 -0.9169700762052445 5
-0.451298892357408 0.8659413455498834 -2.307675456761558 3.84575149827219 4.200565007049953 0.3969592827610222 2.685053164085035 -6.957223233547735 3.9110039277090185 -1.039674509055972 1.4906325067645543 -4.630645378544382 -2.6120950440527553 1.76261849012079 4.408801913076362 -3.7696530300527065 5.47481986136588 2.1868667475258627 0.17355598512961418 -2.1195574481407458 1.1515157856891158 -0.8123095900332946 -0.40321824872914513 3.30618464169749 4.501656736547684 0.06033856540987382 -0.8424068604640647 -0.19969880523060446 -2.050141340440265 -1.593990666274934 0.6065512912373833 1.2625097247623234 -0.9761912053967198 0.022660021220977673 -2.48101869917508 -0.6856492594166012 -3.277079267461999 -0.7060499774198907 -0.9632228424758451 -1.4500040924303585 -1.9191021160097084 1.2118949866871043 0.48399610451161484 0.9063959051135517 -1.4630482295125236 1.6713366062615527 -2.0863626417155827 0.33683577113930285 -0.4228469378919116 -0.23698101710777575 8
8.483208661958418 -6.248572875301147 -2.544533032599677 -9.035885878701995 0.141120591258997 -3.1850399522289434 0.8616165524909444 3.071101405924952 3.369546529347515 -2.974857888329936 2.498750409111189 2.320404229536387 3.2475141541211925 -0.7674488539100208 -5.1878098406709885 0.5784886290867128 0.4207328640037023 -0.0596716405567865 0.07683364166373902 -1.2855624732287814 0.3121316623190669 1.4778035072610347 0.675136249056509 -0.1605180323364138 -3.480422163895072 1.0882474221163514 3.684202525076954 1.251713122479809 1.8304113208270971 0.8430281306494631 -3.10693752211609 -0.4037107966329432 2.8159194580329694 1.1057794995074692 0.0982693173401222 1.3706417894062812 -0.6677515555647454 -0.9458535273770625 -0.04486793840996041 1.9213122591819998 1.0060905341065876 0.30062393402453663 -2.629346137959684 -0.4294226566096854 0.24612671497672012 -2.4306835695577873 -0.645369732400702 0.7458121912800902 1.2901978920786785 -0.6254156342957308 6
-1.5482641122756133 6.295008276202583 -0.27305062355868714 3.90975865538123 -0.5576162646855523 -5.563914340137178 0.11298354849000099 -0.24985038090732492 2.5643266897563786 0.4016089566525791 -2.5058214274175796 1.0678247602058895 2.601135726017364 1.5936696580211196 -2.8362619450508046 1.2521860531305888 -0.8849824508785448 0.7693539344394362 2.502465493738125 0.30216469281704705 1.6048684838142293 -3.848252788412165 -1.1054799833861804 0.5160413989589817 2.908672534810384 2.0769169380846755 0.19734122226678094 0.05556874340669459 1.8925193928092434 -1.6820501928306937 -1.2146795691777297 -2.142913423098075 0.13074621366386802 2.198543886578482 -0.2645006348715249 -0.45223995597044475 0.22948433938005947 2.993250304760077 -0.9562048699009044 0.07256571485565814 2.342921161053375 1.4789481196736618 -0.8295479472359689 -0.3558622752743858 0.20605128015847238 0.01055077670637953 -0.22503818707317422 -0.5649329167023798 -1.3261388653165136 1.0470548064722696 3
-1.924835358415528 -5.931378827696348 -0.8000928511006513 2.57205046371887 0.5731538985930702 3.4678587834909513 4.488168399003389 -1.1345490547554897 1.183057245154082 -2.4930664576979455 -2.069651555364969 0.40138217826078887 -2.953422725223297 3.2147264810989276 3.679467065679969 2.262199660351441 3.595976445529292 -0.6243260351949806 -2.2681334155307655 -0.4868217869492957 0.8672692378520555 0.22678887762569278 2.744350825803114 1.284766680459727 0.6247406031993893 0.5344464297490885 1.4286728540815303 -2.422634969330361 0.17815407327082203 -2.1081224387411357 1.5916795957495158 0.34072058730924437 2.0110106113146022 0.3102506322923729 0.8467604359815222 -0.0762377324184068 -1.8138732796788675 1.2979053442309794 -1.5180470191995044 0.7492835527746761 -0.08237567609228083 -0.607981848286257 -0.6405010477939338 0.3911317704995189 -0.5979610386725245 -1.074943939141881 -2.8524542366923105 -0.11192887169498732 0.7313828932791517 1.561150871905817 8
-1.4012121573480338 1.157973635897096 0.8426441304535311 -8.454979650590415 3.3370968739037896 -2.866861442712027 0.3735950547149851 0.5890706552421014 -3.4585452844312634 5.177389311064269 -2.9590642210775147 -1.6308448564613824 0.47562423171536883 2.8060032116296685 1.5478300708870487 0.20954071294433257 -1.0102201730133706 1.796972824394944 2.202593212037587 -0.716570249317044 -2.0535763007684613 -0.8837098951652738 -0.04453138889042321 -3.4808485506477616 0.1613413103717274 0.8112763714781808 1.2830787482206854 1.931898442745636 0.1493222323556247 0.007386275872620904 0.8812539146231798 -1.139498858272199 -0.0838297458956974 -2.0659887279335227 -3.270396014655136 -0.9250393616869117 1.6770502363526698 1.2799402610020179 0.9520886289336119 0.4540341887988866 1.1713585219474671 -2.9109319148703636 -1.2356753803471006 0.14088751503134078 -0.5209741269126498 -1.4161032782354863 1.5034495479231778 -0.9285468058041952 0.5918415903244795 0.5675872638365409 6
0.7467626933829372 1.9602658550045577 -10.889800954466976 0.27605212558184117 7.33289698916263 1.0495811656933622 3.3405582244923635 -1.4031185870055263 0.08102205404192143 -0.5057865555382149 4.1241940916513755 4.264410021371549 0.631714905485477 -1.6220015211413428 1.1260132493248527 1.587945084265079 2.1073585655492453 -0.620470722186929 -3.353898712694621 0.5664303449389373 -1.273424575167522 -2.0456671940426925 0.7839433894233498 1.1748175567320582 -2.2769492043647657 -0.9267197417368974 -0.8297138403116325 0.1779882897794319 0.5851252715848201 1.8885779318068359 0.5633508951438418 0.7626370582589125 -2.3409172955930697 -0.3324905965521163 1.7428387590913361 1.0666479301311453 1.2193756536828844 1.95013872014454 -0.42243062287327615 1.6814132972187688 0.900908552939677 0.2805968452601348 1.1786510695204662 1.1452638097159562 -2.0988375526700467 0.4942646281399202 1.181628745666292 0.7729990068814429 0.9030905439948548 -0.07984653496752175 9
4.007494648696154 16.829295053903408 -6.9396106746068345 -0.8619290363976477 -2.0892724490776593 4.055658624760559 -14.795500622276256 -2.973922999560688 6.684183756474479 -7.180248162201592 -6.775212752323367 1.407657739252863 7.447851161009671 0.7992826923231501 6.865175875728296 -2.7889841708672423 -9.592639211987334 -0.01766984973224179 -2.906304417248503 4.653865748244796 -0.2686213698031822 9.025888657297743 7.58780480607745 1.312526422211237 4.698618520141503 -5.966521700812398 -1.161977636282844 -0.9629173603064188 5.333476732007012 -4.738398228451888 6.468128116791405 2.645635872077849 -1.770048617690235 -1.5355069021504146 2.738124160034485 -0.21782493130579003 2.9761552592680705 -0.5749969184061186 -2.9994212712870407 3.6596077299522287 -1.8987803043463598 -1.1475499175016752 -6.647078047659187 0.9509184555252014 0.6181655405684398 0.8052952715324245 1.2956721486297833 0.31008391541095914 2.858332442156193 0.7486846312663524 9
-6.329932720047543 -5.01640326547032 6.692320727528554 0.1090603047663765 -5.028831795120438 0.9763604967700112 -2.1911334585388 -1.906499369799624 1.9729399982429878 -6.049884002456402 -0.9667738039142107 -2.562698340986341 1.3709031122128628 -2.4043690722280737 -1.2037371866377276 -0.2495088211559733 1.196362394105647 -0.5066634698109435 -0.47167764428222897 -0.001688916334126439 -2.1408733617418187 -1.3559148366775406 -0.5861255017583661 0.4120015665400498 -0.04088120786494151 0.8025109893845276 -1.8239782952785881 -0.5022250403715057 -0.30414118044645333 0.43579106651625926 -1.218032466571712 0.02204919902549363 -0.854736906121835 -1.8385712130205116 0.5253660380839608 0.9980433567032987 1.4154003511651703 1.6761671865575916 -0.829464572119647 -0.2737621159679301 0.4175512555049383 0.13156625144494644 0.5481582138937812 0.1471665787887294 0.6902935991442142 -0.41747455532314215 -0.6539460800453044 1.1233683092213678 0.6334867465927355 0.5658150903826367 1
-0.9680785415691372 0.340281622230673 2.4966961104102814 7.558153521640887 4.729596609247777 2.4601857737183983 1.850105419695811 -5.189581162134597 -0.640889740594211 -6.268606139451589 1.6059951429796118 -1.7203700060819473 -2.8982285371913847 0.45201751178528476 1.1253805148854865 -0.2801596086732801 4.718008830443375 -0.27442344679215136 -1.072580475167078 1.5861663190663235 1.8078056502323332 -0.01766048029523702 0.06599762054497409 0.38381208988166093 1.0020082288998582 -0.6974999801254789 3.0865259246973005 -2.091458147061514 0.13976154342829444 1.177210735068091 0.6677050714105384 -0.7010705757351547 2.8174485837973675 0.22196788784853666 -2.7633655237056742 0.742383767285197 -1.5984084214094518 0.1871771658225332 0.22871792900508345 0.40186048428225796 -0.7316070434130759 0.5993342117564151 -0.714891895817025 -0.30843636978950023 0.10010447132664907 -0.24991321644867232 0.7611507287875063 0.5803328586028662 -0.10641559721857492 -0.11138670009064336 8
-0.48358828189119313 -4.799218555537032 5.763894774547798 6.0771447741838225 1.1216411863871396 -3.267803102033409 -1.715944929180267 4.954224444569606 -1.6501502766581673 1.4801724705120474 2.6494982034003667 -0.8024959238118466 1.057884429855513 -4.086445239408965 2.9712900635496577 -2.716392259319589 -3.508207173616993 -1.831779137114326 0.19163050338054063 -1.9592948136468114 0.9374764932176761 2.7974080407073356 -0.4401688427684069 -0.6862929232853704 -3.415500890823771 0.1545038673731446 0.079691920445695 -0.48098508280204977 1.5745304467223735 0.32240131847430537 -1.8576265109313579 -0.3727341046113684 -1.5851977722550294 -2.1092975974772834 -1.472193308500615 1.0578770149994172 0.40031477744859884 -0.4452055276181574 0.77825010444399 0.23007688796878464 1.743336804630028 -0.13932453871918837 -0.4392164118474913 -0.004284676812308812 0.30776519055366297 -0.08900628030957224 -1.19037102055825 2.43969112103772 0.28557487084545885 1.5501681610082891 3
0.9940810880206784 -2.503217565222689 3.570221636383297 4.098904609145621 2.484415897257263 -5.877472617270545 -3.749662188047076 -2.0193036680555925 -2.9624643827435255 1.6380782829676752 -1.7465063710437692 0.1593514070263923 -3.5317263057813304 -2.460701524497342 -0.5792617880045381 2.805220111102007 -2.945012022960623 -2.211206130616433 2.1748128176585553 0.3917178874652873 -0.4830308847780469 1.932271575287539 -0.715713517258056 -0.5951169725657711 0.6694614970142407 2.7265818555309123 2.2011416734765286 -1.4538867355069551 -2.289813312552758 -3.2371270493802875 0.8743482154015436 -0.15965944107476862 -1.996702693227185 -0.08195108044146932 -0.39868315686644573 1.024558464041823 -1.0422878882723512 -1.144914443871906 -0.5729999042767427 -0.45916457401820315 1.3012855212481276 2.5039754087773343 -1.3087426112661813 0.8576448301582797 -1.0956900152628894 -1.1392154837843866 -2.3784548899444005 -1.876521153492435 -0.6118838068826432 0.5622824882945389 5
-0.5759995728157027 -9.421452849229544 -4.322889841704422 4.9219107299173 -0.2547844210258527 4.928069594681971 6.856393459137287 -3.064464069695304 10.702672529671673 1.341211039672079 -0.7424911604745736 -4.995565965009973 -5.6323347130276575 1.0384378769784484 8.019056142157773 -3.1230646984474797 1.1101725220892777 3.1825430672872606 2.871428849320345 -3.779459725606325 1.2162927227405997 -0.9752291358230456 3.3460647186663905 1.9669940215554493 8.0545076088683 -4.637731698769786 -6.71546850202443 3.1008471773743715 -2.300185704567093 -0.5505238195886679 -3.9180620796455 5.866478110063062 2.750676453711622 1.6502382299636604 -0.3393079409679352 -3.7791029052073775 -5.905298960033923 0.905201332165936 -1.067822389477501 -0.421990574016853 3.0460414329506063 -2.9252358702778003 -2.619420096233267 0.8343615940365099 -2.9791038781928294 3.970251289757288 -3.1929132644131246 -0.08718586470158732 0.6071117595524688 -5.042417925069786 8
2.72568534903944 3.6738106025985813 -1.931809466869723 -5.7994704452378745 -10.610692258463535 -0.550350557155899 -2.010229033391327 2.2567498685214105 1.3596252011890824 4.7027983817320065 1.7770183583736507 -1.4363218551167305 -1.3840813919640325 1.1433663799484983 -0.5507791916819463 2.716904223950247 4.931786113889259 -0.7677089078061192 -4.903746960373958 -3.016269846604973 1.426201178341083 9.880095539236226 -2.721023722984862 -2.0278191941530936 2.490484610559499 0.8424305720338033 0.4955041084669792 1.9336284662832035 -1.9042898863565825 -0.9396736663132876 1.993646494225063 -2.28614671713487 1.8414135460156562 2.21712024218874 -0.5307163265991235 -1.046944113304709 1.0306701027208833 -0.8476371913379297 -1.4744663336804233 2.1189793480186885 -0.025709212503801766 0.6035897878822893 -1.165096157746618 0.6962243890948772 -1.1465016016000613 -2.714424079895434 -1.350790673023048 -1.5056327591339937 -0.7043739870119728 0.35148379722166323 6
-0.390371074843331 -9.189211722613528 -0.8772415559302725 6.165752454384053 4.19137656659954 -2.468632292378529 -4.401284084228612 1.1280830983147327 4.296546486757075 3.0737293820434144 4.642602586021745 2.3271321242696765 -1.933655834897038 -0.7747872422861106 -0.4717924653403564 4.977029469530989 -6.599644713285811 -2.541804335793982 3.1920421144799325 3.7705537435873104 -0.6280706193652897 3.6540027183629165 0.06099952469591482 -1.9273415617945662 -2.4916464314256106 2.03545255242119 2.859587341851155 -1.147523250991174 0.10725639749920753 -1.8203801747473893 1.6622009372241118 -0.29932282300716273 1.1558091228876393 -1.0234931153133917 0.6295911623893562 -0.5639072760225627 4.019388305589602 -0.8328722230049791 -0.28721498241920584 -1.4483167669007162 -0.24524393315323414 0.10164077652389246 1.7454810157305338 2.157681891428941 0.905748682590489 -1.067633551236751 0.16483448551173474 -0.5003676103105743 -1.8298406712594955 1.4538234362515323 5
2.159581107347502 0.9993212201335383 -11.153985964109106 -0.5789833876566151 3.4984861036012145 8.135845167098834 6.024478499662337 -3.752906999756511 0.043763334741316454 -2.881224598656979 -0.21222307823932346 3.3842644044699512 3.2231457013672173 -1.3981282452107813 3.772941701992515 4.52975632356222 2.2589304227163227 -2.4472651216993664 -0.4465262995105907 0.2619882216655165 -1.7437834422728882 -2.0886268544260536 1.8728642048588517 1.8356189141258699 -1.8883099557514038 0.29064253471862556 -3.2368391525347353 -0.4168250599058135 -1.4305698478217972 0.38647537492896156 1.8365742665687657 -0.28966082445072494 -1.665083377724234 0.7178781810924297 1.610691556191379 0.9078529395311775 -0.09297001648082011 2.905872519579625 -0.9342974676966891 0.8885421977135264 0.9630994876595382 0.26671680468595316 0.9122790275710919 0.2862955702185769 -1.1922029830315917 0.6079552748408334 0.6818496706062239 -0.9314422884786815 -0.2298454636284441 0.2372325679503987 9
-5.746525756266077 2.4708957524486173 -7.682742842997636 0.12169562054184271 -1.652000374152075 3.7365452970465323 5.980680510556041 4.681267789070161 -5.003837306472129 0.20372386468015144 -1.1401220961634548 3.309385436512115 0.4688937708607668 -1.4961492069006106 0.046915996177395544 -0.13865568851852883 -1.7403383091285916 -1.215649810528303 3.143713851766227 -0.4184140192169528 0.7823409536329234 1.3538150181711892 2.209941486694525 1.2992906265432527 2.5626967035130948 -0.28201127454469993 -0.3751692270588109 0.9878902383402236 -1.1404638007780885 -1.6375738836735139 1.914296293009283 -1.2806993579597024 -0.6606626749059903 1.0708245955874895 0.06495242903650489 0.049412039194636964 -2.801163022379948 1.6692780864741963 1.120955732232546 -1.9384156391081542 -0.22266343287665055 0.48986121819054873 0.41491844270435213 -0.9515995288560538 1.2166994833475773 -0.49416875477674094 -1.312493141353857 -0.19956559617502162 -0.7113712279924307 -0.34985039078503166 7
8.538082536939664 -7.500191820239628 3.190756079172881 -5.009969018230639 1.6219781643579607 3.832297335433658 -5.03154006803102 1.9667128078580678 -4.998562211676548 0.758023844352266 -2.1050346329389407 1.8104167736720211 -4.559078166594746 1.047412626840692 1.455535115989697 -2.238886839146494 3.1552801176908947 -3.78344698648882 1.5435594901857588 -2.488213119053621 -0.4326124982312536 -0.04799776470011918 2.305832603107492 0.730695009546855 -2.6983980500310656 -0.23578060317895522 -0.5021339743170405 -0.5110718951642519 0.23870088698222483 -2.0906887391806905 -1.5052858616419231 -1.1884306406327656 -2.3899892144098462 -1.5517151953394825 -2.139853297019779 1.0487076305882401 0.7956934827923926 -0.1819790330247619 2.2508934363802178 -1.6036656794876252 -0.6889925882924693 1.6858459055543331 -0.5365497481278737 -0.93456809617032 0.07566335468810079 0.09010062683972184 0.7022855329400592 -0.17390112707308608 0.05675983966355968 0.34917695870450105 2
-4.960753387627618 -2.390796601859827 -0.19558213579946432 -0.6950602870670605 -0.13381481454804464 -1.1386320662729803 -3.7651417063629213 0.9822314235492317 3.5267868434834853 1.5300463741980093 0.6288491897354265 0.1730399405421188 1.0490445738268555 -0.15999068995861715 -1.5255664515122347 -0.11916443377607577 -2.5929926513944137 -1.894448077219432 0.17225920394454955 -0.26623245147217156 2.1516593840307188 0.3455616586481542 -0.9834215890585734 -1.08827044405618 0.5584778452132496 1.2219990777859053 1.5213173474234007 -0.7108014788075827 1.8287429649370524 -0.2967863788752816 -0.17267688948889853 0.17830298742637418 3.4303418463744126 -0.16016506249032286 -2.526524017675324 2.3966409671332105 1.2273537396232754 3.657757020344807 -0.36993247773809473 1.0171291598576098 0.35055406518350957 0.024232464373993713 -0.08808583539024614 -0.1131824100075024 -0.055455507206701976 -0.9515354855147008 2.3417196942559357 -1.1502296567944712 -1.4940710241680668 1.4214981488613092 5
0.3656336389417061 -2.108673522867638 -0.9189469025404514 -0.5100169784995441 9.192923521738676 -0.43128190267426525 1.7043909945904745 5.637541768411348 1.6886973805617094 -2.563985059543867 -0.049610257762899755 -0.7559326852705753 0.2150898609391793 -1.5957844769908662 0.9948232460758266 -2.114672278790118 -0.7207279784034607 -0.7747177980503434 -2.9279950621996913 -0.6817475591551414 1.8696077360347483 0.8012353350172394 -0.33334247103450343 -1.2551933810913856 1.9911371039867316 -2.2970649775516288 0.5773599001737347 -1.1174130654124113 -2.06532753987801 2.3256928906174617 1.5651847290566359 -0.5018925252338612 1.7616639907316003 0.5636806439988978 -0.9267097350911269 0.8434094053248501 1.812646271083812 -0.4049956888267421 -1.1949038965428476 -0.5704758530919201 -0.9628003251884844 -2.8821810591447266 2.730703737978017 1.544482939045691 1.8979407474210512 -1.1849686950396334 -0.3694994049413243 -1.134101130220454 1.7246970396872752 -2.3869282826408087 0
-0.8913230216488123 -7.174303316927405 -2.14184050218938 4.220864738123483 2.8329228741956323 3.1121874220493413 2.541408367902917 -1.6480643729915307 2.2977575133567316 -2.372530223023114 0.960603057198768 0.14540936018328393 -4.169458191641528 2.4873760727215433 2.9953906409180586 5.012623938587097 1.562949924787125 -1.9906095282449239 -1.1563028613981725 2.2265326123608538 -1.412048406578666 0.9254295156012876 1.8370160455072513 -0.04841600588218728 0.45212401774874944 1.3778507534150892 2.4323137483997055 -3.1229535746617865 -0.25210046366503247 -1.571930260345741 2.548839537820536 -0.23882432235663645 1.7674700849552765 -1.832801304099543 1.6816551843214167 1.0446739769937943 -0.22779606487588777 1.433297724380352 -0.8382019719057215 0.728763124500536 -0.006108443499450212 -0.5942513635335115 0.09155250666162881 0.008393423784804932 1.318166764660877 -2.4767583308741408 -2.9665677555480605 -0.9597610434905745 -1.1943678535862792 2.890763359338246 8
-3.5198304509266243 1.049670876832097 -1.9444290763392253 -2.1110720753711125 -3.3350572624970503 -5.386995003329086 -2.43657436527802 -1.5609821471415812 -0.815156349561172 3.9293884023380667 -0.7537516523236538 0.5800331550778811 0.93028745424813 -1.2682710461993159 0.18010234351738505 0.940191170814147 -0.4333459962941767 0.5725535600039338 -1.9844524129520456 -1.8501168078616268 1.3027425318047856 0.6485495050678347 -1.370543706080397 -0.6512655439768862 -0.28267901955399133 1.300806045731206 -0.0639836220760143 -1.2434319573788128 0.027995063284171177 0.22638391456264845 1.7536592866904221 -0.544579391266625 0.6526418527039081 0.8407140905918012 0.4347640527844769 0.7619882251386302 -0.5405019428328716 -0.06346289738925405 -0.7996591074872305 1.3902659402479334 -0.33088119573717933 -0.14108859825403272 0.7976500927916311 -0.15701575165687823 0.2828373360121921 -0.34674976208592967 -0.828327003676325 0.297044625667934 0.973966188625505 -0.5766062509072986 5
-5.919744446132777 -4.595579457560358 5.75472798388094 0.544139798875087 -5.177814342875426 1.9249935884638099 -3.6747018090505685 -3.5082436221245 0.6695108532302064 -4.06140637955777 0.09047227283631974 -4.106016960309519 0.7999753737795814 -4.0541668096172145 -1.422147145782339 1.206591205106203 0.1264504066666509 1.037675639488888 -0.7163549985724894 -1.3763238929301762 -2.3829666422562736 -1.1673616435905732 -1.5777403630099025 -0.6292319055021203 1.4196927272706974 0.2024734671739036 -0.9592226835476588 -0.5985217978238127 -0.08522774819454848 -0.2446626344098839 -0.05847344128915352 -0.5315360289813247 -0.8698601573232416 -2.315137213511034 -0.5175243102694981 1.105944682970095 0.6498485395135928 1.7855904960771785 0.5175125299190201 0.3615497220912255 -0.1855965551636644 -0.806310846843484 0.238538794032289 0.17596684722580452 0.6794175563305166 0.21899883288245658 -0.06938883609930153 0.2847767367927117 0.26616037774631607 0.5756686845377128 1
-7.566650241831931 -0.830406003443124 2.842157487602027 -2.050982708705441 -3.6198176159621647 -4.121389108288161 1.1064349138534804 1.1921839330749981 0.38791768684242955 0.3996410392769346 0.1954005500947085 2.396837449890612 0.1427577988675483 4.316159432946684 2.8855216494504052 0.61973994522007 0.7455476393709861 -0.21020689484032853 -0.1458148665765085 0.45679084991541663 -0.4016905174263452 -0.7394705269250785 1.663603444685813 1.3559903587229256 -2.3415636502797934 -0.9355024656770897 1.2510043128730932 -2.2216823231066285 -0.23767425848566984 -1.5742044645010438 1.132528557585297 0.5972174517745761 -0.14057299529310271 0.6373853581012945 0.2876367628614389 -1.2816354402896555 -0.9390523917417183 -0.461949413564518 1.445405253474135 0.26693049034271227 0.4503632003454139 0.033079105959991174 -0.6563045645342342 0.49116780897009005 -1.5202621465834372 0.7192321743231316 1.09642041390741 -1.163786626476067 0.35650228079987495 -1.1550464287872777 1
17.258534504187264 -16.213651268527162 -6.079759183943964 4.148842393894106 -4.148087075249049 -3.723068475353015 -7.536910170808081 2.0967927393016894 4.06205725337838 5.250225210824687 4.3453409685779825 1.605311817033475 2.643367901289649 1.2887203029565308 -2.46000819282991 -0.47469310486437966 -0.9388545770533946 1.1719154189052452 4.778227691347547 2.4509698482580564 -5.017360526070018 -1.9937489393400374 1.711924303349211 -1.370894684165879 -1.0010883240412773 2.65922800682891 0.8132089594702345 1.2244227858185555 0.12914885516535463 0.22095174187842537 0.4630864727462923 -3.70892832199021 -0.8433913722296176 -1.0440566847564432 1.0017173359229397 -0.2945497729651595 2.359089287306737 -2.76636515136071 -0.5968941744822774 -0.8891820586387388 -3.146681303353473 -0.9869646747098525 1.3643213195187454 -0.0536125126021192 2.586663787742481 -1.540468734263542 -0.5223876046833661 -0.8257026938583458 0.3667730055235508 0.787578771817559 0
-2.988992781519993 0.6210309466528581 -3.9102269591424315 -3.2596865535976702 1.274533122784103 -2.198359093830524 0.28950146840302987 -1.8427496678754327 -3.077084917015629 1.3892891780228034 0.6025571439934159 2.612745370284582 -3.923904673477983 -0.16545585910014415 -1.5867712503433005 0.5283323369841605 1.0763059814831357 0.33431226116062546 -3.255913289397299 0.5109618488440014 -1.3899099135097714 -1.3297906865702036 0.7801129186646298 0.1379958755380979 0.5719222385699537 -1.0934225210453217 1.217004084027397 0.5551139093354062 -0.7848097316190481 0.3776773385456267 -0.892206173395874 0.5718048340148031 -0.1608933995311078 -1.8685007214946079 -1.466885055699 1.8072842035703882 0.9531861475589848 -0.1917451330268418 -0.16902991881834004 1.3264890793495039 0.8275435045438869 -0.46531236390893266 0.5113073655601666 0.8328842543132674 -0.37479202713559856 0.9639353906614433 0.2421491099590969 0.11768706191270706 -0.562318890420312 -0.4556777680526009 9
-6.016227868019285 -4.194271540284027 5.839373257773615 -0.043953664794244125 -4.48940180478942 1.9530130907902798 -3.514648495388864 -3.610767053946822 1.0185916806548125 -4.635926260334003 0.3322118740660185 -4.007786184835977 0.8184342125241444 -4.442952130210137 -1.235759613320892 1.1454746124975412 0.4162476468842912 1.1140721885135552 -0.9616104883595125 -1.8164353481140403 -1.918987341887914 -1.239507600016346 -1.5798126133040633 -0.5206703440950802 1.821346837317461 0.07211021106467587 -1.2217137639596871 -0.7342069357188618 0.03167633254955986 0.009838014414338188 0.13407890995681973 -0.2457243378440834 -0.8620285006262315 -1.9338753758918081 -0.31896536175509865 0.9166173125363256 0.5061809478720765 1.9531602945930862 0.6584639105976344 0.27664604083798566 -0.51119261057354 -0.43558516773287353 0.1449616781904683 -0.07061063983795492 1.191224079141852 -0.004592925832887537 -0.408073683753379 0.034438370458331174 0.020150862562219735 0.6986464189297024 1
-4.261718701788335 -2.020898047753291 2.619996624258371 0.7180137725505944 0.8542365100894606 0.63742501550809 0.217863030073095 1.2419147796721908 -2.1450798997539207 -1.6691018791682204 1.7716913325197579 -1.1800231719255607 -0.08796422468845623 -0.6181388470307883 2.9925559938858495 0.11062529098824403 -0.8568357619612816 -0.5087813714772503 -0.3142797862368925 -1.294293416109339 0.10992887336722021 2.4298392391414487 -1.0016044728353122 -0.8850006172234236 -0.44353247071842095 -1.5471055307394557 -0.9004519778036276 -2.285279245461928 -1.9026180472624306 0.1798893731412926 1.3255012643445203 0.2389366625073277 -0.5247843884446574 -0.819788022095044 -1.6294320441896117 1.021742325693574 -0.4852505860264284 -0.40249636698711616 1.7991822617950377 -0.2244201514253421 -1.4814453274913124 -0.3099148155362702 1.054660676291345 -0.6665219940688805 1.0505907968858965 -0.10848383206564519 -0.21563715772366288 -1.219249602084652 -0.5250036549631207 -0.06906649424194755 8
-0.04169319824998241 -6.798417415203549 0.19730665873628905 -10.174477656250627 6.864073148213644 -1.2087027187069919 -4.51915805557644 4.694087489502831 6.253721249634001 -4.136095869305614 -1.042870227033879 2.9874542437098075 -0.7969246359961532 -3.123309186883135 -8.295159860795735 1.172980095064783 -0.19566432100854195 -7.82072678422164 1.497132331156717 0.012106220239466822 -0.9286795864474479 -0.7654457025008572 -4.518839625031936 3.5355746932046475 1.0916928136993116 2.8148513422881467 4.288050333937016 6.973991756595995 1.7901957405531301 -0.09891781709703906 -0.9267645125376651 3.8858063801722604 -0.8720938161609234 -1.3973475187972657 -1.0682075081989917 -1.3098456629749566 -5.427379402527254 1.3476528252256246 -2.962504580592111 3.4425034186569814 2.342599870985316 -4.185503895763629 -4.251911025722125 -2.6949108493185165 -1.9582829900758172 -0.6737129396477664 -2.6729772656250974 0.30799116223436 3.972695310115048 -0.15464789386524375 6
-6.053005177369333 4.9658778568921536 -4.746713898626155 -0.27778670420313806 -0.8705928594141127 -4.187782529045046 -1.0517749021985967 0.041073171512241144 -3.868324727228395 0.36893919955359694 5.106228887452367 -0.969743316800402 -2.822381231017515 -0.42372117572339885 -2.9232013007640356 -2.2485199143804313 -0.10096564661933134 2.812422075354492 -0.7950495425927404 2.0894372171646283 -1.63086034385031 -0.12635140892828567 -4.07143246910269 -0.7780549813123863 0.6498761040536729 -0.5789549641835219 1.327813664660528 -0.9247918678738726 0.670785241430965 -0.44524377577629015 -2.428349650168586 0.5016021862361616 1.0575015608643372 -1.9116614086523118 1.8709781257798146 -1.7894786812646726 0.6755754825858394 0.43796474100402577 -2.494325121527646 -0.6894045598257611 0.8108078747587513 0.3012726984534722 0.9207045542093812 -2.4922267896110624 -0.01005179793055705 -0.312062441220659 0.27896009535181393 -1.26827877928188 -0.31509465085090615 2.337716821809809 7
16.338336953392783 -11.84514974040272 -4.337169051560987 2.5094089267643813 -4.437262899347721 -5.842813470503169 -4.5917560009194816 1.6702094703717263 -2.8124857539539674 1.4427174376932848 2.1666299119629366 4.41004868044502 4.006307542869986 1.9898306109355637 -3.8585849353836887 -0.5819457505797965 1.5517916757773993 4.500360883953428 -0.11933802064033606 2.29077225341552 -1.9701109062967574 0.03549745763669667 0.9661833952306047 0.3896053656989274 -0.7712911215661707 3.8222414787330425 -0.4827522202806601 0.4830102347573914 2.5871781373654366 2.1859994181515483 -0.039695674255194276 -1.7680112604049683 -0.49062714800055085 -2.6865582506333743 -0.04249440426225279 -0.5407113692832658 0.25466065376944785 -3.2314797792899776 -0.020340745269235867 -0.5850021832098671 -3.5607789923709396 -1.695197399111298 0.4074473759562296 0.17615538045375578 0.6511632856154985 0.7518393972439558 1.2639893724524687 1.702299116074452 1.176647324415925 -2.1383369464736908 0
-3.1056754470620387 -1.1308711648473138 -0.9683719786311963 -2.3743459335847983 4.452349718167927 1.5553163648083392 -1.3785005884975763 -0.005746195078031283 0.4386754299486396 -1.1842449101332353 0.6195211949771018 -0.49503700925187755 -2.27484057282277 -0.8076337637969703 -2.032641940763819 -1.9538166182602776 1.3200043980709533 -0.6081161218899257 -2.1448644448505227 0.7245853435529106 4.633839316187894 1.8740123495944117 -1.3986474378145097 0.02864871678952777 0.556018938012111 -1.5492661533972623 2.2638872052734644 -0.7494788408192835 1.2613557210103137 2.6123166025533213 -0.27499939118661404 -1.2200565884705041 4.547749431744178 0.6914103447472554 -2.545695318121695 0.11077681781494328 -0.5269795788615135 -0.9476966939575477 -0.3880471139902713 0.0007938872109717819 0.6797496709714034 -0.48739395471888075 0.5172720803171663 0.7739226572890893 1.2571245017363053 -0.7326758956945455 1.2780994914019277 0.4583784292772441 -0.5348294203275148 -1.0070812830030922 9
-0.8276834878624445 -6.647668502326967 3.145260922053344 5.278394078724691 1.208077194217975 -2.126270071896199 -3.4612969345614726 5.87649025561217 -2.4391552793386997 -0.030283962840677647 2.398126612774728 -0.3645158000381248 1.7918463182868225 -2.8769491383240173 1.069941736349606 -2.2074898002026893 -4.522310170229541 -0.7529518201874207 0.42317164186738 -1.6321429687720637 0.155310416812759 3.5545004034589076 -0.6231817677448418 -0.355557009048037 -3.024417510528606 0.10034448275985945 -1.0009461318590227 -0.9917660007251405 0.6810291957177586 -1.3326610627505473 -2.4445024013148045 -1.9015059421886962 -1.3207104099155595 -3.094873077895905 -1.7075521656669712 1.534349845651145 0.7889847007528279 -0.9327205782021034 1.2198650664569772 -0.012207642614550826 3.0895781626720784 -0.5263193660432791 0.30386635699470965 0.9997742029747135 0.8117528414190566 0.3413755210339358 -1.6828758129784158 2.0919616337171965 0.47589143381488885 0.5320572512382764 3
14.446250690213963 -2.9458519290554923 0.10787957968690268 3.6008959360319146 -6.3589015078546876 -5.242629195353693 -3.0109063817266164 -0.5518184973214149 -6.167878802175504 0.07486036515420008 -0.582578585452791 0.9850490376094755 -1.6463942467344301 1.0982403863854602 6.267066968479362 0.44026349121460656 1.1832008621507921 -5.909747018549098 1.1674038463487058 -0.8077844371971896 -3.176754421710777 2.253077588116516 -1.9368466994581763 -3.66574613982602 -0.9976848801571843 2.31274718039466 -2.528401391692844 0.961852199441331 0.48622325364037833 -0.9458132070578826 1.4111115714198972 -0.3127056188509012 -0.8809398842725258 -1.1615216608100483 -0.9322114001827265 1.5789174109729298 -1.4631131007052944 -1.789688129314021 -0.5840736574050318 -0.2357865291991673 -0.05068552765817105 -1.6918943141963751 -1.174730837748217 -0.188003141747774 0.1503536669632371 -0.1706811505477021 0.787892694639009 -1.4378232604592678 -0.7380655034418909 1.9656099674026268 0
-2.258707877560439 -8.398793552389346 -0.8715782104554987 4.700176001872113 0.6862246278488282 4.3043769527317846 3.129036427806395 -1.7576121106685612 4.1489361718241975 -3.4825573370056624 0.7003521389496461 -0.13038176546097985 -2.8687615757860883 1.079407298437701 3.913344434569226 4.459462230456736 2.2775326422332296 0.6558365314569471 -1.3581514056997703 0.6179368099177833 0.1068034757484256 -0.1962420449289033 2.12702200306422 1.2807628480301594 1.210926833568931 -0.9698914776138337 0.5954034182456143 -3.437365328947824 0.6946191307283217 -0.18230569168144273 1.9134963728072063 -0.48034463880236405 2.413676777426076 -0.25319318743191405 0.9240289413077373 0.7956506332196548 -2.77503310355125 0.20072005400313578 0.8475086192001422 0.9533012842273897 -0.4379613547319176 0.04437854464462807 -1.0088013976313812 -0.021239132838796557 -1.0201916455165811 -0.7728488116285523 -0.2622475071944259 -2.0435740030781697 -0.8615197270178457 0.8276741451344088 8
3.0175947575547233 10.134898711494309 7.59860050617954 1.3150578858611928 -2.03784901927906 3.2933913380178432 -4.165577074042841 -0.21607458685744496 4.24466184739736 -1.3088062771821023 -1.8631270775249544 2.5261228992274676 -3.312052034286898 0.9831966902868269 2.1646401754880453 2.65652206481102 -0.26742740297972345 -1.5966985808513479 1.4749992305259656 -4.657446007852748 1.539159507288188 -1.0521743429123647 -3.5151105065957164 3.0872751672607164 -1.2494201483938991 0.2652139264675514 -2.910776763216198 -0.04328321378805821 1.230567903281355 1.8809816135149995 -0.2524877499197884 -1.1057863145940288 -1.055543705698305 -0.5915429973104895 -2.964930405536479 0.1025878952450571 3.2380911579466027 -2.8375363907374513 2.504984228651882 -1.1344358254164846 -0.6629996393256625 0.060162908954247155 0.6926866617492045 0.2803620016195374 0.1498304437492789 -0.029096626007542384 -1.7613661654581554 -0.2071456949432702 -0.9541412189536662 -1.3763895945495035 8
-2.021575829951603 0.12704694764107696 -8.450430982854366 0.8737632232108188 5.43562396774571 -0.5227247480340902 4.069279239931247 2.0343573239681403 -0.2408591991118262 1.6935760512404088 -0.16305737482521196 4.256681244301721 1.1814456574493326 -2.1846363702782194 0.3348980005171251 1.4911875373379953 -0.45770523545411396 0.0812172584809162 -2.274924197795778 -0.3668086047014323 0.3503574900315894 -0.6986391304600664 1.9819249813558408 0.29312336921571663 -0.6089242594021468 1.5686761588125795 -1.49066715373214 2.1933955912700873 0.5593529045386646 1.1275203903746889 0.9231252829785239 1.4640065034136645 -0.35851999616639685 -0.8527555079145491 -0.2741895007004438 0.7626066948640182 2.547767672349051 2.3322520311305417 -0.4215819756231963 -0.44984225456169846 -1.245342699988376 -1.2508926161761273 0.5111631916304537 0.3206248100936905 -0.31640993942491963 0.051982524851778955 0.015948523010009198 1.4731654334458204 0.06515881066789764 0.18615722471087903 9
0.4951471883434835 -7.74026356067029 3.4590345775041107 -8.734835231541007 7.599696098397727 -1.183861125899022 -6.698259618159512 3.6176690512997784 9.70018257494184 -5.852688325553178 2.761463954941285 1.9981494090195675 -1.0016340390316538 -5.103484034286798 -8.813566081097093 3.6778254413565485 -1.8345949571498492 -11.197929104760378 5.0779395997625105 0.9278360309325946 -1.5414644160587159 -1.0038041104212818 -6.379097051176783 2.851586255682349 3.409612705536654 3.4884281785851026 11.013376676424256 9.897011953863249 1.7391940197937656 -1.8022931038333445 7.008090083468032 7.690580648781447 -5.1291701706002035 3.664142342591159 -5.347876687379316 -11.18356967522063 -5.536375101032032 2.7794460025563 -0.3253435650684016 4.035512819057733 0.7160267221902114 -5.762283742131169 -1.9639664715654335 -1.7945712019779094 -8.14617007938597 5.824651541183912 -2.6955126342838502 3.9705750127250803 7.252745904773434 -0.5679780489326915 6
-5.262727581551095 -1.7066549330508993 -2.9593306485099085 2.1363892595866782 -2.7055352306350122 7.6621733556792115 6.076015171085099 -0.9116674212111436 -3.099682348420325 -2.4256850140469575 -6.018255590680655 -2.5143254163939783 1.1458574533624497 0.7833819889517099 -4.304113418349043 -1.9943676281788918 -0.8908019179414627 0.7069296863125334 -0.2591753993512708 3.72161871833529 1.0803766085580162 1.8205628217696603 -1.400137594192099 -4.165284325457906 -0.20060764423378108 0.4149499607550111 1.4423462798756672 0.06981990339919412 -0.2734714706753755 -0.23056859276717373 -1.8201637147420786 1.1884194708358233 -0.050052963841848944 0.24868424278383552 0.7522305274428793 -1.907109422928186 -0.03526723197291126 -0.6691254289746519 -1.5768776575352115 1.3317857131843582 1.195751092248788 -0.5021792771904157 0.045220495305721385 -0.12572399862680428 -0.38272320781578034 1.2985814742105957 0.6813265683611774 -1.1010529945805234 0.7572774242389742 -0.751201016003295 7
-4.3104438208300895 -1.862056249411614 0.9087056537275536 -0.3578407100612097 -0.11683245459531948 -1.0895182654750557 0.6027613548212393 -0.7312033974166646 -2.848492591305565 -0.6208621489471053 -1.439828916359234 0.6060137650869236 -3.1522259270082222 0.5583786201682818 2.0911582481083335 1.7454421003261638 1.8628190027532792 0.3686877818802037 -2.261646715438122 -0.8205697336628917 1.1802347776397732 1.61377818138019 -0.9485545638527298 0.7333734410069734 0.298954413736563 -0.3165110586052583 0.604147115841807 -2.5073206157483834 -0.09846598613197292 -0.3779054097491908 0.9280459014879063 0.7321551133524031 0.6693887459122118 -0.3217285902634597 -0.13167188132852897 0.6983252526104197 -0.40016969914460304 -0.3703900458969517 -0.9953451390535563 0.44171730169450707 -1.2300179305484948 -0.3019821916570918 0.22552041080649174 0.398104058503977 0.447491343296158 -0.18778888751275202 -1.4284472349574018 1.2066616242571804 1.335477346387237 -0.035276840991349125 8
0.49671120604298824 -0.3230890474907826 -7.543939655846611 -2.0030451742111066 1.6530623399104678 3.9712870763286983 2.621305431302051 -4.888729091270411 -1.2090355081779762 2.509255389156304 -2.1949640406658237 2.9588819759897875 3.0217457014540696 -0.8708710367738333 3.1130799795932784 4.317146365858105 0.5499313091968892 0.4875293629140855 3.1110670210343403 0.6392120235798034 0.13760643186462054 1.371497960118803 -0.31805954301118283 0.7892378244611433 -3.8724136529536093 1.960609520189083 -0.9165992421742756 -1.050631406861742 -2.7341975763989868 -1.21774370374157 1.1093557861325731 0.21899165973331045 -0.1906767268513295 0.30685540741191186 -0.7166879672617046 2.2707078744043234 -0.9972607585039208 -1.3407703395531865 -2.4240121292235353 -0.38655857220718604 0.8877608243297608 -0.27062811718995633 -0.31308060589483155 0.42496827930065795 -1.874086004842786 -0.5575154269833082 1.501617815828922 -0.7704506849822793 0.4209029393993141 -0.8217162558504112 4
-5.491742080014006 7.9792615791783295 -6.099177528964246 0.8230590260453696 -0.9398558651506377 0.0124961630780518 0.5261105564555432 6.325868073255115 -4.070317664562416 -1.2720146500486458 5.347587950458661 1.1827813519761892 -3.8650859794434633 2.7064363929672677 -1.4868121325380736 1.8413549422537439 -1.1805104772314408 -0.6734821305022471 1.3415843034764168 -2.57718840757154 -2.9849275985157973 0.5099300016793799 -1.333846764956461 -1.4871886653966941 2.728893318064965 -1.0131645792112631 0.09371058968744257 0.668391678005398 2.21308607715098 -2.020424948460878 -1.527897030946611 0.695338050161868 -0.2075427844202801 -0.01902600079722079 1.899751563243114 0.2959234937082983 2.1222109293106466 -0.7469428599897711 -0.1851229671928919 0.08857978078019837 -0.09477202032159207 -0.21917658673172344 -1.0833430937080983 0.3500807352202154 -0.05781381135316695 -1.146203697914308 0.04576128902265297 -1.634982862043433 0.4313278392101446 0.5712897168894896 7
0.7596574357518675 -8.520951765160433 -1.4509595694194124 5.821897795549911 2.816656552873953 -2.5148318571584047 -4.402416617044551 2.9210801057988536 1.9926403489518132 2.472340747817489 3.286401123362607 1.1423337112502252 -1.9837223220643891 -1.8773947046044752 -1.6042217979423403 3.9609918050492694 -7.732222476653639 -2.5175306693956725 4.553919772808988 5.335672017834831 -3.0295342221489023 3.723273639462688 -0.07822584520674353 -1.8469184106666465 -2.0108499043159576 0.8889461163088721 3.8600741861091676 -2.133907661235908 -2.9789568516106266 -3.3131952874045627 1.063579017344442 -1.9403039455486575 1.7207211484957579 -1.506047677462604 1.9586394124432978 1.2063350208363175 3.680141556028478 -1.0146433202494858 -1.426643231265666 -0.5331858089101271 1.9234650801731246 0.019144947373098423 2.9699773490898234 2.3459920400265615 1.3564312035899295 -0.39619611393763227 -2.1385433088174257 0.2677488967966989 -1.8546611357523006 1.099624159328427 5
-4.175575222180977 1.6103437408839247 -4.8319374879657015 -0.061007568943491276 7.020403569027333 1.8660030926257305 1.689150850293459 -3.2894094371975195 -1.5074083528355486 -1.5543442028124137 4.9030195631128235 0.9382618063882446 -1.5092488854519412 -0.7178724445671603 -0.8594954934008278 0.8956390094579458 2.7119031170778922 3.611099535562341 -3.510062384992575 0.534558307429495 0.015539575071114775 -0.10115709638062305 -1.3435845914787707 -0.8222977085505256 -0.1004889886862301 -1.4759368552287269 2.5284377693290763 0.490824201986179 1.292938133790799 1.5717137565882378 -1.2848999263185052 -0.19176718866104525 0.6243868468359813 -1.0258415462447066 -0.7899829210312446 -0.4637517920330294 0.943255432455879 -2.51901314764044 -0.7635715481660789 0.9954338602733575 0.4747369644099199 -0.7232493481851099 0.3413309059653022 0.23693736643107233 0.4770027667734842 0.3744892665644771 0.5372335926916623 0.26953419760818625 0.3027811453632255 -0.2998590213918064 9
2.3147140367557215 -3.3517370559876887 0.6292538663363395 -5.184735288609521 -1.1664204484840568 2.624984999877538 -5.914038903027062 -6.111616119970224 -0.8766656585278052 -1.044426656327148 4.313201447850142 1.5775548024675896 4.608591710297358 -4.478130593953271 -1.8790221593326901 2.9542918455979827 1.6832263851779263 3.5238306810218614 -0.9570321240345487 -4.5732142236916635 2.390304703671164 -1.2335536660268172 0.5955363039384718 -3.8679709635838697 -0.42141741407694855 0.2471884787534818 -1.3051261050245468 -0.6564302388323494 1.752934214932913 0.21719877296945672 0.47558581515778625 -0.5424497317600463 -2.4117566599702993 3.5708756749997375 -0.6388008460977287 -0.3845844986036346 -2.586695182442508 -1.510449518032358 2.4445072476148484 -0.46297357075102236 -0.7951975421176861 1.5678571303367468 -1.2614661602721242 -0.7951180976758961 0.4596151473167334 -0.008764162478766031 -0.9729704732961212 -1.9042423062439395 -2.012336317778961 -2.0209734126015957 2
-0.8869247629088255 -0.5323861307945514 1.514857670722475 -6.16797203142162 10.159133433824802 -1.204569365542283 2.0025354194533107 2.082533047687309 -2.305560118831032 1.034057716037578 -1.0902002689547956 -1.0456267148003924 -0.40857029020561786 3.3163489997706534 3.709682213590651 -0.48048410321923946 -0.9613381334746045 1.5202597247813436 0.6274167606628318 -0.30521147846159297 0.4913962544344823 3.3443995311660584 -1.1788041562040372 -2.002316919127872 -0.9098450087906099 -0.6897397014816906 0.5433623483613509 -0.9731861025469056 -1.2889178820462914 -0.03660865597798899 1.407444308485513 -0.615567310840843 -0.053558810918195233 -0.47794282636976587 -1.1469826118714321 0.08578279542085847 1.570199753734135 -1.1994664189714939 0.08019415263033469 -0.3348838509152825 -0.38762641152020916 -1.4480775737976816 0.2365673009978577 0.46201504010525707 -0.3624587401806913 -0.9172221979360086 -1.1798481289282068 -1.1620535457936443 1.3589392039098451 0.47765528083625386 6
-3.9274888359210194 -1.889423107339348 -4.434474678126064 1.5069559709553095 -1.9842423178523432 8.001805139920119 4.464390464505294 -0.7134965323405237 -3.5891824257716562 -1.8446141524669943 -4.536523738610744 -2.4011675250305666 0.891405330447053 1.4980810458578084 -3.275455045331005 -2.430114970010446 0.1439685131117082 1.0170540173220948 0.5128497478986157 3.7052815030364674 1.0197813085082932 0.8703900262222417 -1.8034171117236173 -2.1462203052399484 1.2532393048862476 0.16481496742920396 1.5983913852335134 -1.0887674581941302 -1.5824260170422335 0.3450222147515121 -2.0708275176065305 2.6385352704482554 0.43205840835952153 -0.22873630726558006 1.8496056573049215 -1.0794412523933712 0.4663418006002773 -0.3788266952836053 -0.5542455582642187 2.4551776459635657 1.0011309477512556 -0.5330625901957228 -0.4295959208415239 0.6825646862760194 -1.5915662732931868 0.19123762520533014 0.679160985839693 -0.35087502120426645 0.6270004518557084 0.2839360357129177 7
3.2957225482674435 12.233322430530155 -3.5180470681329634 -2.301921344249357 -0.7460781764845325 6.925320756757151 -9.773071832306115 1.8258582000118158 2.291082756830886 3.5604892878220933 -1.8231681662753054 -0.41328879460179513 -1.4474767112074456 -1.9510623976687873 -1.1034201268439143 4.009770132513939 6.758776516433878 -3.734888715047034 -3.772986915100259 -1.9540610568787704 1.865452685156503 4.3285635612231195 0.15692053247065385 -2.699012337547839 -2.8295843363647197 -3.598542375477145 -3.4265757128570495 0.17316608804840777 -2.0345107505640745 3.084475727471593 2.9133279330502364 -3.0771915472297358 1.5085180367546758 -1.938322772714651 -1.0467118446475943 -2.370891446355502 0.7780967865583462 -2.5600342823396978 0.9543907740363571 1.0423419580085782 -0.2166599940082609 1.0054153431935735 -1.3989909153561517 3.8027681364214247 -2.629448719606328 -0.23086532982874242 -0.40658293221116504 1.5108432245715846 -0.5418790117181953 -2.89211696110562 4
-1.4934510494168804 -6.655096209720437 0.08423099750689131 4.859504697986796 2.8262605334652493 -3.741929239869103 -2.7601502056417373 4.593677106687501 1.0247006567399537 0.5307902046200779 2.553721474866966 1.9560381955697883 -0.2784401224534362 -1.0964884620303876 -0.8396808881378668 1.0857277333277455 -4.390412248516671 -1.4376840131536253 -0.4843502276791902 0.7078106971863478 0.8576244188141938 3.632119949826242 -0.3685338628691352 0.30593271021648405 -1.5408081146019825 1.929303213184034 1.661496487012928 -1.9034302131074126 1.301058760967546 -2.3865423015456795 -0.5126002728747322 -0.8550668537955577 1.1811099443621358 -3.3974238753695865 0.22445090499284506 1.290463111245179 -0.2939337965334101 -0.8693369976951136 -0.34010875821950126 0.10764717597650081 2.7460547113087284 -0.798837843564748 0.09387606117453616 1.8465665840168817 -0.06063012333693254 -0.9647746568108767 -1.8553727815951155 -0.10647128665936856 -0.4005414306228851 0.4833788749811003 5
-4.106861104063384 3.9463322469374393 -5.911313715280279 -0.15441958142068038 8.175805307059903 0.49375639271112765 2.7132133741956346 -3.402894314915386 -0.5590519848342382 -0.9929712680445706 5.283683491070802 1.350017495366964 0.02464526169304192 0.5966791413311768 -0.028935684642046638 -0.15321491199626833 2.307569080264595 2.5487344380988115 -1.7600829985251707 0.950661623509347 -0.3534792263489141 0.08748893219354423 -1.0455047740630767 0.29011000026305556 -1.782543476060876 -0.18215633859653468 1.2862138563450027 0.6705692733233927 0.4034875466375585 -0.016074623030954575 -1.3570935667704933 1.4219286857063502 -0.14648690921134183 -0.8212235772018608 0.7175515954023588 -1.2898999247674945 1.4641111178559996 -1.0108376615110557 -1.5716974027478705 -0.5069923339008813 0.13609499263845726 -0.7281291203017033 0.6696057284282012 -0.004843045907028352 0.8681367392323008 -0.2518925936168346 -0.3295434199115868 0.26863631751442413 0.4978561891239198 -0.049183839188213806 9
0.3109665535672172 -1.2642246610951409 4.113852742546592 -4.0002112766646345 -1.7374132035466117 1.3301618148819818 -2.35390937362806 -5.1388006651436875 0.1493641800396983 -2.6183451379305764 4.216574175921071 -0.02545847807565499 2.3241487227252087 -2.4904840947026265 -2.936874124969932 1.2934950888853851 -0.6980347067228901 2.0606801984085292 -2.9921047240503915 -3.615479630021617 3.189671982927415 -1.7797456979184503 3.157460154459186 -4.124310829306307 -0.31075786778246856 -1.138948329778877 -1.5657847282771804 0.6336558622770464 0.5514540729948443 -0.19040218130570605 -1.148347489920789 -0.18281627564267136 -2.861284775102114 3.14619583956429 -0.9905863609050832 -1.2683174429430843 -0.033151722978734054 0.734441591609146 0.0484558356280172 -0.7711551159118237 -0.8032696058370845 1.512803596599806 -0.17022780741837976 0.7542923715277845 0.14579930962387708 -0.33815869714672203 -3.3184277202099426 -0.4204130912296986 -1.054039948880166 0.058173749894684885 2
-6.006916616074583 2.167934507636217 0.33135112533459216 1.8591708856137021 -0.591216065935621 -5.309334987858888 0.8894963210731957 2.503413626718935 0.051453625231530374 2.4374819969469135 2.455362605864311 2.8077121446724718 -0.5023549209505332 2.9902942463186664 0.6537505086455261 0.008018389967779635 -0.6024900650815326 -2.6391515579060387 -0.8573051777280009 -1.2806151528019958 1.3994092127140494 -0.4666473771304484 0.24337863903396217 -1.0010492282014862 0.9706835524516604 0.08912617448446246 2.6059909548959124 -0.25148579010048616 0.6289022732627283 -1.0030007481618903 0.5143183514293721 -0.5516956793532177 1.0417971082794795 0.3514415074127055 -1.4222053085366417 0.8389632759910259 -2.4070748812499416 0.40717445551264086 1.0776049625518123 1.882660930760356 -0.7562881639849985 -0.3972704344491405 0.005580920791159417 -0.5056405203007559 1.278246211103864 -0.05297457491718006 -0.10508265460806575 -0.06222104312190366 -0.3716183015743153 -0.3969998539264333 3
-6.5564804421575245 -3.780304244781459 5.96957333156271 -0.31546131503724434 -5.473595286887281 0.20449953555800154 -2.536448850783338 -2.5046881943329216 1.3782603416793588 -4.632825697072502 -1.115717241835203 -2.773673484019648 1.1051313231802922 -3.036837514566386 -1.0868398918182627 -0.1675220788371352 1.0250016297565931 -0.1697633603492495 -0.7254474793880658 -0.5322140733638827 -1.8465595509719408 -1.7549690129787232 -0.7866826956775477 -0.2214832033141452 0.7078948504117517 0.8036557990137793 -1.9085020057129904 -0.27351347573155593 -0.614606881057021 1.013931146009469 -0.690425421738152 0.1114887623535365 -0.747663387597723 -1.5180518028966405 -0.458453901149426 1.1975598280328466 1.795525406758853 2.207426005383719 -0.7590494005663655 -0.12425478919777835 -0.27649568553592185 -0.035602668871251415 0.7959680185317027 -0.024283219497406583 0.8109396963913632 -0.5086868889278775 -0.4651048268592058 1.0161359501731089 0.7538043892179406 0.29865386974911756 1
0.8751610886648277 1.1833015416957635 6.1102188280039975 -7.2654458218292985 9.223153866645912 -1.3713758715257391 2.5977310243204785 0.14094927490089923 0.12912779414456887 1.0439541294713197 -3.270054204877239 -1.862128971499775 2.898419253903845 7.542630521610347 4.506531913625498 1.6075912549205813 -0.6484332401677368 5.490278275971603 3.623454678164855 1.6479820723801535 0.41068514542718326 0.7485778586020285 -0.7060277486503852 -2.877012608652315 0.09854815396798577 0.008158437152297445 0.7200361493631262 -0.4097746127414997 2.6783014359002464 0.37155242769130803 3.1076284930368336 -2.764513100153919 -2.4001401341518473 0.40554044561878766 -1.6543548245460424 -2.7704639984690633 2.2256655487187573 2.2638022171272834 1.338672359563759 -0.1996955047655847 3.03402537518037 -0.3315603631579899 -0.5826434715464798 1.96248664569682 -2.938965520614587 -1.0910643896510435 1.534268023043891 -1.1238842695771973 1.6499064914660082 -0.09523679762170015 6
-1.1393302034941397 -7.4347096590791555 2.099062825252996 4.597970140765359 -0.4284767411582494 0.337529209614358 -3.793345315533873 2.1854811761803306 -2.5828973521879823 -0.20556501437726876 4.7914624425135575 0.8548053910933131 3.0360665245768024 -4.203744452830566 2.214928736700936 -0.41825207129681047 -2.6236778329954786 1.4326130509775323 1.8871691897957352 -2.636770576960681 1.302207100658684 3.75604217653199 -1.4414893223276735 -0.600922028121895 -2.593566639275384 1.6463658404781703 -2.1099186609200835 -1.0283274198662542 1.9450099131159655 -1.7590312480510244 -2.3335497617687726 1.3442019499566942 -0.1279937204728811 -1.9332769963902943 -3.0931128715364116 1.8077644047176284 0.06433341074351256 -0.9560437973726205 1.8680731207404926 -0.8925101960464724 -0.3013840170832612 0.7484007923254976 -0.9770934793848943 0.08066353878615963 0.4141612984125384 0.9450213551688559 1.0264216889157134 1.4693211293682178 -1.757849288009131 -1.058528209068389 3
-5.201955527324261 5.174724379529911 -6.237822202686953 -1.0215606735128335 4.496417488970918 -2.159476652644596 -3.4607510701989925 -2.2812831620341636 0.2476964210034613 0.9530068230516819 4.522781068827485 -3.55222466735385 0.5677133607443268 -1.4712808739300252 -3.5396462847277115 -3.7364149930923993 -0.2358425975471882 4.728043439213765 -0.7321517836314968 3.151819959309559 2.398617762880251 1.479997519470826 -1.866667810489262 0.9880634586071578 -3.3430879009706698 1.408527478574403 -0.8588215897491479 -2.680155637473513 0.7356524461699369 -0.13721478281668542 0.38039762215444095 0.9890725152278731 4.244544286133856 -1.0336434510160346 3.188882502664726 -4.579361104614329 -0.43116504167327285 0.8429167561095057 -1.4556612367102646 -3.9225754406659927 -0.42358646597397487 -1.2056487078463067 0.7071486648140646 -2.4010973647239267 -0.7694987864280342 -2.2621416727739967 -0.9906999546924294 0.6184537980154363 0.21689373101443477 1.113166342986539 9
2.1705939930262974 -2.466475039391331 -0.1983991704586705 -3.2047629783826523 0.799773161614132 5.2275283739619836 -1.6787469341526793 -2.0636572166965648 -1.8270207750384804 -3.539605555199915 3.114852810902124 1.3180418377669674 2.6631847772804824 -0.4289472759937 -4.8468052166613 0.127733544836086 1.2937716006832716 5.527857710702111 -1.2816921951313596 -0.5618770203478999 2.156236693295484 -2.2165111675150775 3.2837808729644515 -3.5076422881656453 3.1992327181477416 -1.7967550086551545 0.3797668264568069 -0.3911967467621011 1.122906327048611 -1.012447542960602 -0.516562477649029 -2.2437487954433757 -1.5187493556092397 3.4925412064510293 3.2147488109326345 -3.4399350346890536 -0.4463811757042689 1.3863613327398292 -1.8333174603716618 -1.047907742718626 -0.40599763589995197 0.45775310569104216 0.19455482893660864 1.709088436865703 0.6180799779683348 -0.2972098817869553 -2.2746565676521033 -1.872852231568571 0.5782974129652725 -1.8556050969630282 2
7.222745446212017 1.8760854740135717 19.59886644415586 -3.302788827733341 0.40632915875627273 12.876782415525723 6.239910949730307 3.4681033900281872 -1.5774738915704969 3.732260300066962 6.632376356290652 -2.373822497402107 -5.294017724727197 -6.376585322432387 4.333319127581246 -2.739962040364488 -1.7200604364915584 3.9427681612043686 -3.9994286630453586 6.996459781808519 2.5671420657720727 -2.3972530495365345 -0.8920894393801849 1.2767197673240458 0.19974201122745486 1.5244626728201884 -4.134278951904704 1.6109944252814103 2.589630500756114 -2.2843645060663644 7.719178611549026 0.8015164160764283 -0.9428032903670147 -0.7347154104277918 2.908947026166899 0.6671832443122697 0.10930166146318218 -2.095558215690156 -3.544731584176554 3.692537838011425 -0.36479821854321176 2.3617187296044175 0.3900475692873012 -1.6764435358421492 -1.7702110220232103 -0.6754424485907846 3.399477374437674 1.0318600472355053 -0.6848193927722256 1.3305924359295072 2
2.799414313981453 -6.415486968766156 2.2449566606991187 4.763979038509698 4.382256388359543 -5.8500396209159415 -4.104880293777629 5.40429582661338 -0.3364560653166419 -2.229587036107786 0.8519868366619119 0.9943615314772797 -2.1330252242401864 -1.8881759894043406 -1.5465356527138445 0.2588418594875231 -3.2655398230535946 -1.9310316787716104 0.36081657776065346 2.0663227909217277 -0.6226725975507529 3.0792546099318865 -0.3354554850298535 -0.026118605235503137 0.7556303283266539 1.2410829551532676 1.4021367342409654 -2.709990972498786 -0.8950360113308805 -2.41735989481655 0.5850621669330479 -1.6448881802853945 -0.8064985572974717 -2.1386086989575395 2.073645992210713 1.1904719573307558 -1.5011386040658536 -1.8121348648007154 -0.29287472275793947 -0.7871093865372029 2.466924291787811 1.4906468330179263 -0.16298937996837437 2.1249755133786286 -1.482307511219939 -1.2431763522022157 -2.3213683092968873 -2.1857126154278084 -0.18492180593755214 -0.5588564666491013 5
-0.9142348292107385 -3.397291938256571 1.8619043741182915 -5.936214219872115 7.845803022157763 -3.5857561203332686 -0.34724059462710927 4.395862771454504 2.0770157185745703 -1.636042342258986 -3.3794483184505224 1.719525137498442 -1.1451498176502497 3.7248812846223283 -0.39261637970714475 -0.2674976351692441 0.07223402098260229 -1.5027861442711143 -0.6624552785546407 0.8298901188322112 2.096111225369896 2.979480807168535 -1.764483367851839 0.5778064066210502 1.1310891496067543 -0.2515696452185458 -1.5220045987897177 0.30671781324790115 0.3082472409476213 1.7530910693708515 -0.26834040405885734 -1.651481813210058 -0.24163447934881963 0.5323720709126283 1.7427178128281582 1.0683910740447378 -0.1032572596175959 -2.490948645184539 -0.6644141896995469 -0.7235122423527944 -0.06534716884313117 -0.026713158078212933 1.1030293200148948 1.0065434421596156 0.5557085916107924 0.3268561457631024 0.3292279734887877 -0.3257420242985483 0.08955312150835955 -0.8389177670964285 6
-4.009085951150583 -7.3249609538476905 1.0773745149222576 4.831102516516038 -0.987956563852189 5.196481876359072 1.9470772034893211 -0.021123320453733285 2.7735184924206964 -4.847560168997057 3.1427324572950233 -0.6594923699520584 0.17359300980226675 -2.1669190374187455 2.0441541035648836 2.3244098062370755 0.16130372081451902 -0.538200025613487 -2.176082819223603 -0.44867725261776353 -0.9921010369684762 -0.38031256023617305 2.4080720864751406 -0.048420128330568274 -1.007163531140516 -1.9249121693584026 -0.3509704076327101 -1.399706191935323 1.5139878951271293 0.2084049031192823 0.7874302421386692 0.6882518245332556 0.7819898836862149 -1.000130022667778 0.29944971101099205 -1.178713701957306 -1.4361400996689204 0.6406956135481403 3.7018017983694396 0.8053233500741928 0.9149405082127735 -0.0346691037396282 -0.7164550062227004 -0.6961735422611687 0.38295658159265444 0.5809719309581269 1.1929010102745259 -1.4291244127758824 -3.1665814345182195 1.513023253541761 8
5.507422328316078 -2.8966456499824003 -3.3501268422182813 3.4457166094615013 -0.7160602866313458 -6.527836821172803 2.140415932457887 -1.1020281791402446 -1.6947961032407768 1.2113738142232324 -3.8273353701020403 1.1582323326736952 -3.235210003535762 -1.5708657126261198 -2.5115177964209643 -0.8076886156947319 1.102795600010891 2.2276828621231717 -4.738651869119541 -0.01798553519302897 -1.8827193159026046 -2.2548281918470896 3.378091374850543 -2.1235486301085387 1.2128197620044427 0.8954542382270159 0.14792437667607336 1.2558805114628084 0.2469250298500408 -0.7521558549120493 0.19199071838753207 0.6753775715881255 1.2043804434742518 0.09111324071069359 0.13661930165014785 -1.7762424152861402 0.25588241155524255 -0.5969366395651905 0.3568833592338647 1.0147560371256343 -2.218175165138164 1.0226762854148443 -1.6646791944080281 -0.7070888614492132 -1.2646507579374429 1.3946153061585835 -0.891869325057008 0.23753453334995045 -0.5894315175530825 1.3806816039446617 0
-2.4694909800923712 2.130400953717396 -7.779456076682138 2.424216011789241 -1.6105569384193448 5.214544962281461 6.686949537575098 3.1164440133741045 -4.699865477665257 0.18370043744094164 -3.04239589314826 2.316874457531451 -0.5815368776708121 1.1244506596012995 0.5735068135562926 -0.9082092307436478 -0.048808421164836455 -4.521626969488585 2.0157607237398447 0.08753004511503988 0.7193755201696548 0.28883318453391627 2.2547588795092635 0.2075231870889066 0.9237446005253672 1.336403992283105 -0.5414105408360149 0.8437540201791278 -1.118911799014113 -1.5693565024849023 -0.04421870861435308 0.9754603692063425 0.5966309803686651 0.45531254214011935 -0.707439307834379 -1.3048669243314854 -1.1975356087321065 1.913877068248 -0.18090410058702516 -0.6944301881516343 -0.25268152541212974 -0.33658964558186266 0.35809231032566574 -1.385901749335515 0.8692372187887113 -0.7090872602367727 0.6033791079415989 -0.8161198188718247 -0.48195244771480705 0.025682753927958116 7
0.09365572649620235 13.024521624741565 -6.015091696114097 1.1215447426558887 -0.29397508148814244 -1.2155534642227293 -8.11223714370697 0.6155736387197791 -3.0113093286782706 -2.588814127744576 1.744237527786886 -5.660065389094581 -0.9116806937884875 -0.23032013714754188 -2.7818026933837885 -5.038007562316821 -2.31108849714208 -4.2447114015496386 0.6603507540781446 3.546972046958808 0.8074093959555094 3.021993294223122 -1.3123168863235886 -0.3560598250046548 0.6295038367095601 0.20302751244828096 -3.850020749649119 -1.3534982741431394 -0.5926347178188 -0.11018972975379221 1.5153727358687992 -2.6823321912189586 4.814069150386018 -0.43795744571548356 2.062694105462144 -3.4848906050068345 -0.3078650339713503 1.1829855229166266 0.03570945483667194 -2.597273494940741 1.0348622459676708 -1.9194090811027924 -0.3031826129333611 1.5276502027230554 -1.3879248053644124 -1.5123064532049233 -0.9365686535969726 -0.539332645361077 -1.3534075038794575 -0.5218368250871118 7
-4.8399992422915785 -6.524817470284105 3.934554551699798 0.761353128820803 -4.223890964442023 6.086603502353409 -4.249702784771839 -5.671895606765643 1.1082208471807782 -1.8274688007146707 1.4996466481707071 -4.7786387801821775 -0.8649167640456641 -3.942729079365306 -0.5758174063158263 4.863210739215774 -0.7261203106295661 1.4237628780996832 2.467288139141348 0.0326799273304471 -2.835699019294898 -0.5534649243850052 -1.3764419295918269 -1.6958662517696896 1.4758212405612077 -1.0057066029171229 1.8839536830932682 -2.4215227272444766 -1.5897610937311115 -1.8849255609626951 2.1397918464110726 -2.1193694080294807 0.003594400559733047 -0.5488040690116424 0.1362246175739671 0.1468977737635707 -0.15406547325825656 -0.204116854318174 1.3958386507485485 0.11436729979380814 -1.4012488391437135 -0.13269452355157946 0.7343570906164427 0.25482518988131725 0.0619094492834218 0.5373874405209234 1.6882233406729565 -2.302815382656809 -1.3120085399950945 1.0341397348688657 1
-7.624192165455372 -1.0708979862851868 -0.9771204393977437 -0.11841674382404313 -2.7391298545023504 -2.1481398084316723 2.5580123363170726 0.9123785826563933 0.8351022566066334 0.45249052139150375 -1.6183789050738595 3.567587480546174 1.1816231236287305 0.8894678596196698 -0.7502409746968393 0.6778186280438604 -1.2770271300428093 0.9195673592501105 0.23274860618961057 1.1970840194008154 1.7292484408281634 1.575255687358191 1.693193404261386 -0.3589517440843317 0.41522049036322034 1.6536293539190425 -0.3439305214436294 1.8210054566952731 1.195229536240755 0.09306553687488991 0.7498133709046343 0.021303268996050246 1.9514691723567157 1.1046043830788583 0.2863428523440726 -0.6296451620130216 0.005206995228954088 0.6211944288201708 -1.3281374235789813 -1.0451105429956655 -0.8014406099978745 -0.1443325050083244 -0.7199029653405834 0.11866861294767071 -0.4016904324605975 -0.6526722960407009 -0.9137578241726451 -0.6688658979939033 -0.7154307119106833 0.9716465098850234 9
-2.0004779474805585 -6.784610088079129 -1.7741740342931196 3.6803368047923017 1.8799691385016455 3.1070436834281683 3.1713400535311345 -2.05363204591548 1.2582285486324496 -1.9754703930099582 -0.9930732443105795 1.0820388313881415 -2.842915245060996 0.7997849043793209 1.747073944993233 4.897246121078076 1.0737219936951863 1.3865192360882599 -3.2645978266203715 0.4694961676406016 0.9398603355373372 0.762247525543251 2.3223470685129883 1.0757770419718993 0.8956913186424957 1.2473124757424319 1.0428254279958342 -2.408625488753285 1.7273597997869 -1.1654943111950484 2.4548003472222404 0.6162893989343053 2.624764551746346 -1.4389418254007684 0.9624119276484852 -0.4918399284136059 -1.4387126273801143 0.8057830717877359 0.5183123779750485 0.3486264436056679 -0.6130571119935774 -0.7258638199418578 -0.8967125584732497 -0.01925276079885799 -0.901741232553301 -0.1493524017064041 -0.6232321227383687 -1.0102423316906644 -1.3320560259636138 1.5234508767946078 8
-6.759314632411639 5.606956471773351 -2.8273926150211754 0.14327544226112515 -2.754546524450143 -3.056616320328407 -0.6459746137908107 1.1347321528362244 -1.8916779142282913 -0.8014487193991645 5.159025550479538 -0.8205013096467209 -2.2057270159733093 1.8902800154214574 -2.830402354805618 -2.2005457657382506 0.5629935942672218 0.5668222124627792 0.8795812853663858 1.207213769177064 -2.3997413403288603 -1.1381286797506962 -2.4422593451087575 -1.1203146678283071 -0.10644133120068203 -0.37008307205446256 0.8912745950180435 -0.7032641583577692 1.0619671228492311 -0.6994518671309715 -2.116429835163173 0.5888303132240666 1.7712578455978825 -1.514036591719161 1.490087176714627 -3.197949177318435 -0.011393429368995768 -1.2474228097644626 0.3373274414185185 -1.4615140921066891 0.32750480367647783 0.3143542893287513 0.12053433809897393 -2.6537384223273874 -0.19330913584669884 -1.0236213666018508 1.3347768166421417 -1.869955154210527 -0.532323997129116 1.8503344623088755 7
11.168063017087833 -14.254712193666588 -4.660300780514959 -2.055877113162898 1.0739586759666098 -0.21310610241258462 -6.926021864749301 5.692280140193595 2.9147045209798743 0.6697818716339088 1.5877124564489995 3.848863710552947 0.1907467536188107 -2.5448347400054585 -5.093396956580029 -1.6292351485129999 0.5465006939205298 -2.515745170664461 1.7786830341710347 -0.8818660684421843 -0.39377866710779463 -2.836347316682612 0.36641759677734353 2.5957318821612403 -1.9214160415777821 3.6185976532143327 2.3903846729121287 0.8063501850335871 2.415967090855786 -2.6379012667755615 -1.638530344157004 0.36459294652291635 0.5287362744774422 -3.179002990230856 -2.73728105547781 0.6789770760094702 -0.06837597471892315 0.8871283352952967 -0.8516604014074511 -0.93689300643746 -1.5051352908525653 -0.10622644649257915 -2.418396502992864 -0.7470007563929384 -0.25495529289392166 -1.5259638867261922 1.096405926296154 -0.5167357090108246 1.2098608714804062 0.08476403566220167 0
9.48020514490888 14.7378372066728 -2.384228083362953 -6.046964986076129 -5.810661005342978 12.243347682002405 -6.965725752638479 -2.813225302773032 7.868083855179697 -5.561656319219512 -7.601208478064661 19.07127798946828 -3.9275839036328506 3.7567337787928343 8.561854376958195 -6.070612074091242 -16.793332070529697 4.07872983680643 -14.540725451060863 -5.298249029844638 -22.042577032163734 1.363799083434798 -6.653584219104887 -5.491950414336241 7.136322032272434 9.907737783003297 10.27762701166673 -11.95788741369774 -8.743396552685624 14.067616711969272 -17.393668743258452 0.06928809938436065 -5.210013803475569 9.708643264121934 -4.742336800913007 -12.95821593498622 -15.876579519176143 7.289136919554425 -3.7803116627173274 -13.282385941349032 2.4782504893480763 1.6545702655032035 11.278296835260877 11.112520946821837 2.1529105589838853 -8.852161605924119 1.7155326981105437 1.4539724672671412 -10.228446304585438 0.8826071309301976 9
-6.183774238898573 -2.936566540257237 -4.277209097397443 -1.292837897390511 0.7864217014875238 2.2445099850101813 3.4034071208281405 0.16884691923335393 3.1249845181169325 1.2922364832910642 -1.6660095793513123 3.774888939343728 2.031723769742794 -1.9289806208480145 -0.7501954892426731 1.7452365571475872 -0.7144939043511349 0.7978859952916189 0.467215646129278 0.4281568337114431 2.5731926516847827 0.5062531658919629 2.237159884262459 0.8535211205369964 -1.7480377413182233 1.0068688855340218 -0.6024839059082083 2.3451761997510174 2.378645520512433 3.1377289972331925 0.5793419807712508 -0.8629322683431883 0.1979413549775188 0.32100141032441126 -0.08647525175862172 -1.6108530991278736 0.5612276566812083 -0.8875722690321945 1.0328175035558003 -0.7545352454413214 1.1025252985845142 -0.8560963550108669 -0.14169232731239448 -0.03318788097762992 -0.7813846780917241 -1.5491230556858313 1.2780575374370347 0.42418224508226865 -0.1310775973100286 0.7004545646163568 9
10.535207381216606 8.140067041036252 -0.1884350751997801 -5.832630892818601 -12.913462523777266 1.8296444332533894 -7.221354518006252 1.1430383813818052 4.3070680367309535 3.038019035364612 -4.333052870205951 0.8767598124126988 -1.8566167179088626 3.1537322763040243 8.280662218754156 5.241214426385783 1.5194790630187958 -2.5376518781799327 -0.895740970886931 0.35664072001481417 -0.6042882092804328 -1.9861053217392681 -2.6771816673071966 -4.708590730518306 2.273107318937647 -3.1372777128605494 2.027966568412132 5.33450357327543 3.3513387533880907 1.175823829051002 0.01853485896627861 -3.5720704529603697 3.856057675961779 -0.6786846219899199 -0.8480590566160824 -1.0124399358045557 0.9097542423526951 -4.03532645768525 -3.4428329309099457 -1.514594026466001 -1.4779711319873965 -1.2761589370681796 -4.297818800440273 -1.4787634592684393 3.8723289085967507 1.6197356647192918 -3.731885226567882 -3.525027753729781 -1.0067106823042988 5.527965011816091 4
2.48671529133054 -7.458977013056095 0.7572571521131324 -7.572845713802603 5.447984539765248 0.7345616504164907 -1.884032661857881 4.570127112361514 5.453729567933423 -4.3010607824606755 -2.3296790327976815 0.13382070039086721 1.1128019864502168 -1.8660305063262421 -3.4202647878048698 0.5319243450901533 1.7593365812057487 -3.3221586002328176 -0.7278179519398362 -1.523072576215611 -1.0050657406646022 -2.2687619056268513 -0.16513584630440295 1.9199410426483092 -0.4709092951767863 1.126327501332945 1.0358099951796969 0.5126581499033707 0.748664002213173 -0.49991149225012543 -1.7677725930282564 0.45139483482149273 3.0079951960368 -1.3374000117828897 1.2242407871727168 0.8016657484381112 -0.023793522456038076 0.36458745987932034 -1.7478526315762215 0.13494655274418982 0.25627391336272537 -1.1656518072209574 -1.7535062137829411 -0.35887701365642793 1.4211855099321116 -2.311612115940284 -0.40342868124384723 -0.27786877271862676 0.8990189882828792 0.7561994668818245 6
2.989824935870669 4.96307844810053 14.258760100726965 3.907579753931802 -1.6827377450956817 2.6745195484019004 3.8870991165229425 2.17193754292813 1.5533397789010597 0.25647533373652964 2.2089257493359855 -1.7383903933924478 -1.1690870700150557 -1.4536643565581728 -1.1599476146600776 2.747180207459772 1.0977498392444518 0.01734511920280405 -0.7549182279479828 -2.562824093596998 1.3158074274492386 0.591716461013059 -0.23324970489967978 -3.6248420730304436 1.3185501029688695 -3.0403448697530497 -3.108941759200561 0.6809319475607108 -2.0518907296461006 0.030960940519729453 1.9202214038155248 2.428880162539027 0.008579828884874012 -2.591220359140694 0.7620911034976797 -1.73069890256528 -0.8192596095333219 -1.9924839890647486 -0.036644870869829906 0.135884107851878 -4.216648240719544 -2.113701231336871 3.5999957269361613 0.6501516678864608 0.8282816919518412 -2.0447094273321005 0.34275033915743014 0.41672681814283424 -0.6919653804833605 -1.1114823562216327 2
0.9028002805966088 -8.417028980335449 -2.686873750792655 6.33961741592732 1.4221205585122851 4.18390015570418 4.776739545638889 -1.978272269247911 2.426782242604385 -1.9430450085953554 0.8183538390181149 -1.6628227006001546 -3.9747709099869026 3.0331545772526223 4.394787699789116 0.9940109988551835 3.375646171123727 1.1290109034068574 -5.009103509130566 -3.515014637307226 1.2433929043115364 1.5673918616472355 2.532984620675659 1.385265620083045 1.2378499485843835 0.700764678023927 1.6824721513515033 -1.489474950293532 2.3124318359524976 -3.5926686397331107 1.9173047818602624 0.6685514096211395 1.266663098082164 -0.3304645532279722 0.6536921167687874 -2.4303873256369872 -2.385398698118834 0.4663440530640788 0.5093197437143756 1.45640718547829 1.1944625838685874 -0.002716536580279184 -0.17825510220001287 0.6835787446585908 -1.2413415104370273 0.623049989000078 -2.887211023018381 -0.20987431879289997 -1.1622008160074522 2.463302834918972 8
-2.776900073958184 -3.2607182499792464 2.798116677069405 0.7879287341858968 0.9209024276866334 -4.35509934525628 -1.839320974011782 3.757354092332125 -2.4404497421738247 -0.8275885753303875 -0.35541461561166643 0.5741972024208921 -1.4932236973739783 1.7223901583706076 0.09113690377014791 -1.389480109253791 -2.551252528485202 -2.443350198924467 -1.3479050281693545 0.21841572160238543 0.21209055848280417 4.309781234843195 -0.6098212650255989 -0.9000866273407038 -1.0074950146643358 0.617073007644446 -0.9353300733886326 -1.7195892482083026 -1.0752241355926886 -2.2886110014780146 -0.7056068770821279 1.022831613777173 0.6277971744723547 -1.844456423012953 0.28592107400151345 0.9383812731971511 -0.5392323744125733 -0.46883852726252884 -0.38041252863849423 -0.26063912168687964 0.3012002585129664 0.6422506926072075 -0.0077205757163661785 0.8073434348582096 -0.39620117378362013 0.4060284909018069 -1.6465761173187852 -0.5739646440331113 -0.06717304768070487 -0.008236524739239472 5
-6.507814704537432 -4.547327937201587 6.42739138256872 -0.25349769888615575 -5.142551540849254 1.0218992179511666 -2.476420194243932 -2.4009141449146325 1.8171923670818189 -5.242125563044242 -1.1742240165234128 -3.276376738312916 1.4661920037157277 -3.334228464076665 -0.8492068204123797 0.2573694997689054 1.0158250251326646 -0.22586018164403596 -0.2555297051388722 -0.7663871453287233 -1.953583512296895 -1.4868626148956807 -1.0836760518316166 0.1606552313796076 0.4089930730504294 0.8885637889725322 -1.8720756769945923 -0.6559163292679587 -0.6087557002956622 0.8724344635289545 -0.7199992857637211 -0.1887552830312643 -0.9803527456396866 -1.8650423670817748 -0.41710793504482646 1.1815382617517032 1.3607137515300536 1.6938182192964226 -0.41655791870866066 -0.12190859444001029 0.12100146228649085 -0.050451984040583174 0.6561706127480061 -0.09647609721327062 0.8885695600585302 -0.594908232719045 -0.5332255929801083 1.0274410854788631 0.7435957997491307 0.4159621961313733 1
-3.409072177241468 -0.603519235220247 -3.307296986248351 -3.753582341393864 3.8381181942339055 0.3065570168702083 -1.601552151680073 -2.9524263119262883 -0.782879441214676 2.110229672801546 3.6803863690330987 1.2816515393658912 -1.0500458283365235 -4.373180454469337 -1.3154395694460914 1.4849624166297148 -0.5482617455943669 2.1493602551518585 -2.00537478650919 -2.278999502762782 0.27487039609548497 0.8487052172057064 -0.4828749767590716 -0.6710913911783891 -1.7104158921441215 -1.313239789331925 1.572768239817301 1.2987955139707594 1.0095475761333355 1.0754044667215255 -0.31423139037335 0.15201111142299487 -1.2083604329483275 -1.081528739704828 -1.7979576378403597 -0.982122831127672 -0.4760237349526962 -4.500940123176612 2.3231714506026298 0.8368962972363468 0.5832977192577786 -0.3033424752344338 -1.2455074838716742 0.04916577427255036 1.1838043329366028 -0.744395174211071 -0.8875934110642247 -0.9017599374114608 -0.9643068827793574 0.25396998865243425 4
-6.037927852645609 -4.460154007299027 6.100849280533824 -0.2629047388293689 -5.173240301065108 0.7426843191643568 -3.3572289760442238 -2.710851428452396 1.4731494833057008 -4.9013251544843675 -0.2349384412368459 -3.1096655609395816 0.43605324879690455 -3.5206455686809366 -1.639157538004237 0.322093759785347 0.7695202853861559 -0.10634159071720363 -0.8110552419519247 -0.7997014007811077 -2.19111765932133 -1.722352231161569 -1.1154640889403848 -0.08501967267323103 1.2399222687503206 0.43712648911327495 -1.1616968816916007 -0.43400401270444916 -0.04274432585999984 0.14878300527638097 -0.3282818434363466 0.1881362398136912 -1.097299154422443 -2.0792859534675343 0.1874246533865804 0.8459167249099745 0.9849109972440938 2.3317690751494538 -0.10208235712171236 0.021332078299055413 -0.11123240763792233 -0.2922939011022583 0.23200883789382531 0.026060090875276137 0.9471024918741483 -0.48920898990862677 -0.6918331317272697 0.40043099998257875 0.4930714977889661 0.8388429635793149 1
0.4431263838895674 -2.061737150740447 1.2657826474525615 4.552937397771134 4.291521759359984 -3.321447678728775 -0.32891014296596055 -2.893847874185799 -0.7307610483349635 1.6762324165311708 -4.931858823462058 -1.1132257981688825 0.19426307054472391 1.727125921772002 -1.7394851157424458 3.4221726273110984 -1.5757172531997803 2.361632934511044 -5.462380832116325 -0.12032727805841513 -0.7074213760633249 -1.2808264306066264 1.4754958554248787 -2.337725806917004 1.3005653847492007 1.6694200045343055 -1.0261386482573365 0.050559605074220415 0.9739844378461728 -0.7288357189653834 1.4755229070896847 -1.173808485543534 -1.3346730128849937 -0.01488734381400314 1.9984180205594242 -1.5797363016992225 -0.17115154662091875 -0.7459055469243199 1.0830853753879812 0.4938051641653474 1.290359792580822 -1.7490037956462 0.5512845413342519 0.2786401936381461 -0.7702989595462418 1.8353727716626242 -2.132070263675211 -0.1982364587769031 -0.06305322828259512 -1.0359855149564523 5
2.834903593833904 -9.468291094882563 0.9160097346324595 5.436886016435674 3.3149974410789853 -3.6523975977367864 -6.743504345917169 4.858670149850223 1.478938022219488 1.8596044946098675 2.982047195538511 1.380797141323641 0.2858664895103457 -0.07998183993984344 -1.2340701237115237 2.2280407179651776 -5.473560637553665 -0.873003463465658 3.602289237947102 3.3021897647000644 -1.272618708782697 2.227903425071368 0.31437763934514273 -1.630875727622369 0.14633956747708188 1.9928984402628336 1.8085949341779608 -2.869875192521722 -1.2621282136805827 -2.8498740635431 0.33328930306982046 -2.9448892851361537 1.4350683198836667 -1.292324761330202 2.1651523267712185 1.3603027307361915 1.8240635247005086 -0.9087299930122335 -1.8314794912561496 -1.1722466220400831 0.6221668693055454 -0.5215278176877133 1.6171055485590413 2.474041743986062 0.4733017429559428 -1.2079376707122025 -0.9432342056722751 -1.9892603866478717 0.049898122423550864 -1.6442365498609957 5
-8.237002530122794 -0.7374570082909945 2.5697022278283184 -1.1862912591800332 -5.923053197976505 -3.3323304952912074 0.8261279300926964 0.9566810426811427 -0.23883439090672645 -0.8676213608338572 -0.30224596368349377 2.66626639381031 1.4154672965543371 1.0490383975437778 0.8283068056879187 0.0635302861672876 0.7015335162630211 -0.6318307391524309 0.19053327752233382 0.33102210250702335 -1.9707787531980763 -1.5858208198459527 2.6070892744202068 1.1315646243453514 -1.6548219346676882 -0.22019286866265295 -0.5941117168217309 0.720734593427888 -0.6241798321326283 -1.156143123508157 -0.2877508851713458 0.5017205656463692 -0.004045217477591021 0.7908099534974048 1.1963947597379025 0.10345900632696571 0.24698668063980994 -0.0425439869006493 0.10592337713619959 -0.18731658550776195 0.26898562648870855 0.05959309474869843 -0.3817995724381688 0.5061726512849769 -0.5408988462994075 0.008551212824115549 -0.7275665838995513 -0.28426030330125923 -0.4100262708068267 -0.09443733371781869 1
-5.29128033844886 0.1944008397792395 -6.149241766882462 0.5995113040198156 -3.5862977211001517 8.614572196127396 7.317811275749126 2.2608439213962033 -3.77536212217673 -1.1844137717812522 -7.348078124822706 -1.5416001496010914 1.5969860671743143 -0.5646727554370177 -3.6535731391068125 -3.3819060773797265 -1.3690915668557473 -2.289388996312733 3.3748230043442042 3.444751871586306 2.321631662432558 1.5833236636002677 -1.644437373373402 -1.966527815159346 0.16883869533843032 2.383486568237494 0.37787512460005956 -1.387782639437901 -0.9130216193604054 0.18665970755188216 -1.1878913081546476 0.8938017929009305 -0.5544466800211904 -0.39925177943823015 -0.09560035328990395 -4.5955538054577545 -1.2898369611508553 -0.6455870488255968 0.30494963487859916 0.05005664185772598 0.41601543218923237 2.2109321661922197 1.0527070645681806 -3.3318693817610603 1.5306852630998427 1.2387142555488482 1.7000253167781167 -2.6986561297969502 -0.24374377852791354 -0.06714033559994399 7
-1.4459142439045167 0.6272324469430077 8.727224105157642 5.8927586133675 1.4847792582625587 -3.631856894891596 1.5308219674279817 2.597766554413955 0.459877439483062 1.6160339702019442 1.6493782976144036 -2.0621327031958088 2.185577634098864 -1.4490764723331453 5.077652268777798 -3.4878829803621128 -0.8499169668691307 -3.532460884440266 0.19057205802355356 -0.4638894746913829 0.23115738518020842 0.25655871773650685 1.139469124055583 -1.2395422524576871 -2.764061394527807 -0.3338681036496421 1.0723363697970048 0.9167907726013494 0.8222569763583062 2.8503032432004316 0.31694754653883134 0.9311178462833442 -2.1144092211757624 -0.01407877812802481 -0.983621803167297 -1.4040709093901462 0.17557768038027335 -1.929733429667407 0.7492983781674678 -0.3886101069884393 -0.821911114602075 -0.7685872850873446 -0.2292176817227914 -0.638306751457511 0.9850819901886613 -0.38853900646862216 0.4926313510066542 1.1944909555727314 0.32908580200046295 0.7114912518661866 3
3.546775034354018 -7.386231197188506 2.168005352315346 -10.15147028980404 9.265514662458603 -3.5002863741118477 -3.326364763222179 5.350198289018054 5.769757519608091 -5.617424269455662 -2.099102870262415 2.8056097998264344 -1.6344673801763672 -0.4554724288691531 -7.27781994891392 0.23174599392264583 0.13496730535123735 -5.4923573144916125 0.7281823310698348 0.4984731775676251 -0.3817951065681312 0.8335518920014292 -3.8029167973170948 2.707580190844401 2.201286170744088 1.4892297481495267 1.2826115412842385 5.928139368314349 2.0529927553633462 0.079763037128528 -2.3720002574280317 2.31095834210511 -0.6151923087147267 -0.3474032880242093 0.7557814635689608 -0.08004072018596413 -6.113701850348175 -0.7953158925026325 -1.832117389319207 2.1025808186670973 1.0243060156460888 -0.6917633106939809 -4.056870492858775 -2.659862733883013 -0.27242648648135925 0.4548100679226168 -1.420712382271005 -0.20766398256151336 0.561356070591979 -0.2124221122968078 6
0.34615684641204464 4.683989975262518 0.5198311226483512 -0.6728766361205433 6.5777839461569 -1.6114849099727344 -4.233277546180496 -3.359653082886 2.0247313529343 3.460899550020089 -4.027465388059209 -0.5440082666927915 3.991129538533327 -2.0805435171811144 -1.1600025980682658 -1.4443896629059032 -2.5587662565774774 3.54918947270886 0.2815039763846116 -2.6136333251584927 3.4432071465988936 0.5721731422518224 1.8932234945606614 0.5450291065403885 1.8390762364020659 -0.5173806992608619 1.2902309896613373 -1.7813486677276096 -0.24643690823898387 -2.364023777192098 1.8818097755021772 -1.6921442369828381 1.1537673173654555 2.3514879376931086 -0.592575756962583 1.9149460881334115 0.33336781408525024 0.2660952886772786 0.3691390810437859 0.03274797889009111 -0.8367937987884008 0.6165293648044863 -0.9248558129368679 1.4118601564183444 -0.26480351265592145 0.83400669633987 -1.8805342354232428 -2.3362522206169496 1.2059027119470966 -1.0962678309755742 4
-2.6847370101197514 -8.865952542128088 1.3304007513336906 3.14271015887035 -2.827148585620369 4.103647213585071 -4.405424473052535 -0.9620630660312136 -1.6788105746944901 2.4958065751534457 2.7921514702968717 0.2698987907366954 1.387381193869748 -1.1511115655400803 0.49936481680110756 3.4458491444995154 -2.874017995561354 1.459374402214015 3.1041221065952116 -1.8925434010253401 0.08573072969612465 2.6528851070902104 -0.49707812088593395 2.0033929651769604 -2.970140517150459 1.4856481364754717 -0.7993481555690992 -1.096563104003749 2.03000335899826 -4.001181483990026 -1.7034611923045537 0.024963286314938223 0.2951402617055437 -2.3575373696945046 -0.9988095679326671 -0.33334917258903685 -1.2488766985713087 -1.429124890625247 1.6118805991930167 -1.816875633329041 -0.8179670712654474 0.9357120183138322 -1.5876746566747066 -0.21839046753041644 0.49278132584203277 0.7917658628284868 2.440875504610362 -0.8940705748405001 -1.1208909465672054 -0.19074862154247257 3
4.961334022827611 -6.933891617798295 -1.7375543875792305 0.23736706620787856 2.0839069865624973 -0.6024188669084335 -2.9587065348702275 0.8391915060998395 -3.053589918546587 0.5816545569630173 -1.24856576082956 2.5570122665962978 -4.560833654342412 -0.12719976515816803 0.4854014771319925 0.24742801271429524 2.0344336304235844 -2.7304278662579375 -3.4849511603646035 -0.7665924955061243 0.012602438852435376 -0.04344524866284208 3.4828833518967364 0.3486044216947727 -3.3372119125759157 0.7574734869039711 -1.6016521225662357 -2.1107800887618136 -0.12635570149921566 -0.8922579360798517 0.14451483734338483 0.3780612294936458 -1.1181647809748043 -1.9877743599366706 -0.2642761020596223 -0.9570804886619748 0.5595289909388951 -1.7365378223499663 1.920452633004405 -1.292253178228695 0.2579907788209691 1.111064819966271 -0.1727800071115261 0.5670347124301729 -1.4411968729852211 -0.20288254757995214 -0.09862785510753386 0.13611739634555786 0.066717133939596 -1.2979522815908988 2
1.2834233112342515 -10.394724302094682 0.48350590495344664 5.760057293389892 5.242153889725255 -2.273029177344311 -6.912431328379558 4.0561006885268105 1.930092253387872 2.8251385421525126 3.4061740533285945 2.1278804774985636 1.5298429028604763 1.0565824547865001 -1.952793231245462 3.8432719263958193 -6.709432884922905 -2.1316193806775625 2.382996368956284 2.0980997660281977 -0.9691788360296605 3.033105393245297 -0.5436535290297103 1.2399183527257618 -2.3951135899819223 3.1183742690903737 0.9098465345875507 -1.7384708106434745 0.028950498236254677 -2.79412507116289 0.024861347257696807 -1.945797909961768 -0.20421943559592154 -3.8186837551507637 1.2071014071877106 0.15702204604048026 2.1833583859611543 -1.2953838845926697 -0.6971218405828364 -1.6146902974389048 1.0401914006311872 -1.4382405803647496 2.0147366040985384 2.1043313319381 1.5676329545375396 -0.34941594765470146 -0.8456708453511619 -0.6398312933783032 0.06134664720314206 -0.4757262829430363 5
3.511662986011124 0.6102629002744345 2.398580811473351 0.91912137697421 5.259227113945945 -2.8294823439018644 -0.23113386555211715 -6.880462002936694 0.7162979693449999 0.0998371393896741 -4.284089362809009 1.6693243391040113 -4.459952098061032 1.0710791930675734 -0.23541622627496234 0.22093555505499762 2.378492646377453 2.03036247152671 1.3222998538955297 1.8136633346294722 0.8559425485663003 -0.42845868789748476 0.19314881103892484 3.3114783078570955 0.684788772324968 -0.44368630821640853 -0.47964979973395155 0.8332362726107133 -0.17486839083056888 1.5739361258168096 0.46021645201926625 -0.4154661965691976 -3.709472618485923 -0.633124111501858 -1.313573085676714 1.5159284773830117 0.73115553665431 -1.718197943911872 1.259417748403414 -2.296732507065919 -0.4622293063555194 1.917829317513308 -0.6066558303982342 0.3780573607412318 -1.1631487445142072 -0.2491956308530978 -0.7538002220623214 -0.8365972006395648 -0.02025281316981759 1.519033014566006 6
4.525229303705063 -0.7238484510567199 -10.691168541525053 -5.762854305301625 0.3669386751521887 1.3305541671161105 0.9299537107463761 -3.704899140197811 0.9203713605911427 6.10202312522766 -1.2595739164913407 2.2807263786616847 -0.3139308117550108 0.5037497827239513 4.317368270358355 3.7037095016027166 1.2342185915032087 -3.1079570028738197 2.64021088080048 0.9794214204208286 -2.87221794694895 -1.464496799757128 1.6159268616365088 -1.0656530231914674 -3.596285092183522 -1.2925083602708871 -2.1861323882103685 -0.6797877498240542 -4.354087437362261 0.38310371567742213 0.26026771919380226 -0.7045540102349384 -0.6230382848502405 0.9044188022368056 1.2709978464339713 2.493864601204677 -0.6074588670750083 -1.1299928070298362 -1.9547939630517326 0.5482113099134736 1.0044458782614234 -0.9263291538931818 0.48015575914967795 -0.4616555974601341 2.157301625060068 -1.6199755944282899 -2.522115517188514 -0.37444250752728414 0.9141461794905613 0.12552536661715616 4
4.6272608714216465 7.3636722231856755 -2.6767852377546593 -4.646912325443798 -1.6793862669651023 2.1776729886070103 -9.521091392093073 -1.618377212091032 -1.1199269997585424 -2.752083745220257 -1.550307702614718 1.9941836171806606 3.8461121890087497 -2.5406073311779838 4.521879060183815 2.174979623866482 0.5971785820162744 -3.579832305582098 -3.354332406251092 -0.708260924017068 3.6943693343369963 1.6534509030881592 -3.1905083158663436 -5.953575331162034 -0.27782231290709003 -3.0551795163088653 -5.363913849603159 3.3078111348271344 1.7639267694790464 3.2249981222874973 2.4786313778830023 -2.935176418169018 -2.429772927034749 3.811401095994937 1.1512881982326602 -2.29286286459632 1.6142508311821293 -3.1973761731599994 -1.9480792873885275 -2.01143669122818 3.8639655914477546 0.6877102016820381 -0.9461291534852456 2.627545807464878 0.8369872035731892 1.4522540001789608 -1.3548218070198526 -0.9173157648829411 0.08704235778978285 -0.003421028585957851 4
8.174965653169053 -11.57924031756203 -2.9372341072617263 4.765599542765562 3.598352342489767 0.027814509859268977 -5.786715044909505 4.862609231509745 2.8137990854384447 1.355178044908551 2.3086252118774713 0.6032987684042793 1.0496939358535884 -6.8016383705765 -3.19840074876609 0.5165385496386773 -4.792180219099527 -0.46726444965936814 0.057644132838819404 -0.6646697395852968 -1.3534139534689256 -1.6582416738742098 2.1288714883051845 -0.23845100544058315 -1.7757713363612193 -0.6817556038910643 0.8596028743512291 -1.1765788481808517 0.36514999453669844 -0.8995753338181711 0.31350238666560903 -1.9483726750393937 -0.08883582135266262 -1.4163113089701704 -0.0359296514896847 -0.5034603916420529 0.635127985412639 -0.7712886336470849 2.1497579564118148 -0.7772229792747071 1.7842093520186637 -0.198466655453979 1.2070642490670647 1.667183091097232 -1.5409893511340373 -0.4756004952379728 2.837036675415895 -2.2631772335218576 0.1827950203894115 -2.3467357816929053 0
-0.1906283698883882 -0.7278698932788621 0.05072371381005116 -9.634342384890319 2.5395520319648925 -1.650957967552824 2.139874992475687 0.9195957138594621 -1.5477393726655093 0.2873751123040193 -0.9381799305518431 1.3394590548993497 -1.2196605644697245 2.6367316245502384 -2.796848558902813 1.1661802235343661 -1.7888605111356513 3.544309030524799 -0.2636347204137544 0.23011402843659254 2.951916475640552 2.581600504994519 0.037521257353329625 -1.0311826313180037 -0.14191838154335204 -3.2407686825336874 -0.4772126892388188 -0.2806567161213907 0.21098967123922965 -0.873445179449252 -2.305630202188789 -2.1910554705381435 1.7981106492084307 1.2834673800166745 -0.25718379589633006 0.4522229312273213 -1.542838069407723 -2.429021554939857 0.6270483979946604 1.3694736204363684 0.26018869032458364 0.6256362995285609 0.8437942684073337 0.7795569907775612 -0.8559855698374185 2.0878177449144455 -0.05388246511384077 1.5883597111197743 -2.73075846694258 1.3895782169344817 4
4.548157999978297 2.3233121186160477 -10.544937679002492 -5.190624316753522 0.8559847805483266 -0.7487899214586032 -0.9292161530529004 -1.6794815393107536 0.17058755854164262 2.814591239097759 -1.7760028298830448 2.5048130323193005 1.570261595441885 3.3614622313758877 8.394314702839312 0.9913737485761327 3.2002792607237946 -3.657294822789275 -2.431404852177142 0.5502600626513255 -0.625472930744187 -1.2931661320123438 -2.3712421953869915 -1.4957231637004356 -1.1724502097251186 -0.03622524281956542 -1.3860436065450699 1.327181129910495 -3.0525352048551437 -2.2339620016152795 2.1395181323211867 1.0862382573678249 -1.2493503639271721 -2.9474208998462736 -1.7126554450305576 1.6179027201021339 0.3136523205781107 -1.0146752857375707 -4.1237818667147055 -2.0488873427840035 1.94511078548154 -2.3468261068614322 -0.5139545469951755 1.0576412581706973 1.8222276299120552 1.7001213160731707 -2.0258594330285504 -0.9572915773113991 2.232951703291788 2.139303747632804 4
-5.159983741343379 -4.535059411226197 2.196242952115885 -5.687441277710887 2.842388072633484 0.15294443558811907 -1.3494840085333997 3.813299553982377 4.000776987546698 -3.1422130393505787 -0.31261203502589857 1.7747984299879773 0.185819660506783 3.1434638820288154 0.10414672851781259 -1.271787370790037 1.0415400966052124 -4.549639411171321 -0.6679723758705984 0.29452823184812776 2.236907267751707 1.0654289999666684 -0.20584515891173177 1.1055334784377449 -1.1156517610463275 0.23712160088933779 -1.0567681874115684 0.08161627523679149 0.39720359705974617 2.233606579428447 -0.8924602778646535 -1.481596686590029 -0.6051167887969034 -0.6046977817921286 -1.095161731457416 1.9708319706325217 1.3398535071098732 0.26561537023113063 -0.6185653509364134 -0.8411037089775055 1.458218739957513 0.07991967829574105 1.581961837057594 1.121512546002351 1.4095222669498386 -0.8425936714550801 0.5126446110928913 1.40607844271591 -0.08434463813866194 -0.29103840028471706 6
-5.101649847496937 -2.244002993036389 -8.017762672588468 0.34901592008869836 -2.4323234684800332 6.680650329931561 6.697213121891422 3.70991632389332 -2.327469076066515 0.8550676387066175 -8.1907745351564 -0.10984807050470853 0.8837556306505908 -0.9305177093940632 -3.5130913559330734 -3.1747954030061303 -1.0976045484978116 -0.2978108743055616 1.2973706967467395 4.406093951419111 4.554483651132281 1.9315808229871267 -1.8405823013265348 -1.789365288711878 -0.649721106751183 1.828633001718885 1.394635032250225 -2.313069926642775 -0.28436597096844174 1.5853136480731669 -0.35983463903708507 0.514474234732696 -0.3275402429653677 -0.4702312845600911 -0.8574826631776263 -4.051366754683162 -0.5089626103696787 -1.1839219210157212 -0.14830510805147512 0.3117850617988215 0.3037874100004743 2.358431902842969 0.5384292393080975 -2.296018084842262 0.473799030250237 1.2812861435083474 1.1505207060617544 -2.3140484692508565 0.1257816203674009 0.10315802628535173 7
-1.5811604824215026 5.082501842537501 -6.745601654833966 -1.7280388645376916 2.335919688527206 0.11264400893652554 -1.4815042170620008 -0.9827184446706115 -1.2101101310771687 -1.3934498972258824 -0.38578421000773044 0.9450992593437394 1.2657320066460556 -1.5617152566717047 -2.585021970484705 -6.926312980046016 -1.8571739185880676 0.2184217792644771 0.9094144581467479 5.149725578671145 -0.2963644450899339 5.0479903456933615 3.6267381700379797 2.6903231685670335 -1.4053652030152484 -2.671481621131417 -0.323740066348661 -0.14771773269239064 -0.4848653364813822 -1.3054078344507893 1.5341850767275516 2.49541609369053 3.868244732170517 -2.4178943507786146 0.24569808918845973 1.9328640612395946 0.6492698946764532 0.27893922840584884 -0.21407771227408695 0.3385003920499654 -0.654454519529192 -2.601572841155509 0.13087860755223077 1.7195525873770618 -0.10348088662205282 0.44230950782445405 0.990167355170549 1.2524385193562877 0.49256059439874167 -1.0128261528074007 2
2.0338225975858846 -0.20222046442143063 -10.377101004075014 -2.312163816988112 1.8396899934822275 0.88531398532869 1.8658879124462429 -3.3081087657501533 3.1678166362418545 6.207626099857845 -0.9672699659097268 1.110207098246851 -1.9079581492005242 3.9457463297772226 8.068784016016124 1.6350013576152564 0.5338649003124601 -4.330733715440851 2.790914211174403 1.041632265489042 -1.0052759997259932 0.27215740294600776 0.28385196111127375 -0.037008188907904145 -2.030186109506362 -0.4694913916665304 -3.901630801915926 0.04005839004744999 -4.1270564382090225 -0.5722294036677072 -0.5401404502278186 1.4031264379618278 -0.7926072001982506 0.13538172144626925 0.03987086466966275 2.030854294620472 0.6415143098895731 1.4656405373665602 -3.784742811258842 -0.19397027440233583 -0.06940370995089212 -0.7193062025698123 -0.5448484335203974 0.4855552017974389 1.5485428486412136 -0.7694068832266363 -2.8614097400550187 0.8211173799591535 1.9422287101308398 0.4571448957427803 4
-5.5423893232843415 1.1837075443116554 2.297833337573164 4.745979500066048 -0.7096161546209936 -4.182877264459141 1.4960178962739945 0.09952011720699928 -2.6826527528298416 -0.3223699279997902 1.4789106549911768 0.6607979369456292 0.5022947325027439 1.0565153516409158 1.267567080230897 -0.9388018452008506 -1.1679228220027593 -1.4218272173609745 -1.9815052386916256 -0.3703973242933659 -0.34833945536519645 0.7739419908633871 0.8885952265410265 -3.069889844763806 -0.6291779754287775 0.9941175547997151 0.30682267833531207 0.2924105313534628 -1.1443603005221241 -1.3122460314281201 -0.4571656446169609 1.525274902337682 -0.1609170300606825 -0.07741304758944126 -1.9670241805617354 -0.6378818844748566 -0.3664547009391688 0.7009300306368471 -0.06809668406557277 1.2669609460801603 0.04299921216272291 -0.20219776865240022 -0.3228020147280767 -1.3075220649065988 1.8480406670809546 0.19572999261113397 -3.05365560275125 -0.04356568955465106 -1.0808353037346679 0.624885465644945 3
1.819773709388449 -11.266963512719592 1.9276760878641934 5.790481950206179 0.8302978821709288 3.9937527785454097 -9.245262161447306 6.048968209470802 -6.3017254642135 2.638754815579996 4.3117196723557845 -0.06506096022887711 5.017959536831579 1.3072126156182369 -2.284908449402732 1.004296632170241 -5.17678140549723 0.502008849428573 2.5886788895315163 -1.0025319104309163 -0.7533115887561188 1.9054043718456561 -1.1385842967426598 5.229848268365188 -0.4759170565483187 0.26766400167681853 0.1002945092971278 -0.9925597057475266 -2.5462192190733397 -0.9943195380571445 -2.313005059127466 -3.846303356227513 0.4473170570986618 -4.237668351859437 -2.826849929467748 1.0471130124944887 -0.00319035787292581 -1.8534487215060245 -0.8409423127865946 0.5307856232033761 1.5006662536924706 -0.6056537542170851 0.19538006217378395 1.5676474952795416 2.453635173535397 1.453268575016449 0.3800541714748773 0.09489830012472418 0.9777220588278303 -1.4287265242186917 3
-4.6894842297597075 -1.948652819145139 1.783176816266284 -0.09932150825309669 -1.5399248862605313 0.8192628815213633 0.589716511100884 -2.6073753684671197 -3.167797610099116 0.3665096702463214 -1.9900542978264326 -0.13632451046136096 -2.263081033667345 -0.5681133282196081 1.2501827609631269 3.171289907411975 0.9428056810570379 0.496527879460495 0.7984257841481304 -1.1419873693301257 0.2295296489155986 1.4401774299215104 -1.4353396525105162 0.8443355808639492 0.2623554297003872 0.859436993683854 1.097171718749195 -0.9423854217367025 0.2674360171974131 -0.3627012982069601 -0.38108459563622366 0.08788634526196788 0.3298025559951818 -1.3088410322060327 -0.8819550449433177 1.7084833411605416 -1.8553263037698728 -1.8342209022020368 -0.32878007151026434 0.945767212766574 -0.12437273770649064 -0.5308623793143227 -1.0774877036587078 0.19048376953988272 -0.6549564788889534 -0.06564600891243139 1.7889320021180326 0.5819491350939516 0.8147891632879541 -0.9112765588176256 8
12.503292121673061 -14.342802510638782 -8.907175616111276 4.197872864246451 1.2337214505258924 1.863830613783969 -8.970259240957168 3.383029554702196 0.089696087846588 4.630416505736207 5.801542819708093 5.917641321369514 0.8976991711737993 -2.35492073938952 -1.0097658788962711 0.9186604806538026 -1.9369828663649582 -1.539728181205819 6.055975339565271 5.527758838965829 -1.1594109509232526 -2.1265114436348718 1.1698567072349373 -1.3355719259921015 -2.497521300620095 1.0865474927749685 2.0074651877179277 -3.5741811022174126 -2.1836977510830557 -0.36156684333251154 0.9315213609502659 -1.5848350223082248 -0.9657988435237491 -0.899605318805333 0.5774699616932697 2.0428847090164615 2.5198680130781077 -0.9608146916120182 -1.721421272508344 -1.906879926644168 -0.37453069285342777 -1.3781736630610506 3.008245561899683 1.0069691537134164 0.8532799032909476 -1.0637599719112951 1.06731962651106 -0.6730154850277464 0.0654223583370348 -2.863786228859705 0
10.318404519200973 -9.256403400844755 -1.8983834492631544 0.4418732281410942 2.327860377534116 -4.994692245344189 0.3697173052643088 3.32998208779399 1.3644980052922195 -0.03887254327507946 -3.2557731367055043 0.6849376478865556 -2.4671475213558476 -1.9490718351047078 -1.7954139085800445 -0.577171478229613 -0.3085997596569514 1.2005784738900687 -4.2433744580092085 -1.1909987571433127 -2.0040700180894837 -1.0353252719621668 2.9146317056398656 -0.5297032871019831 -1.113230943912614 -0.12728192970523686 -1.1135384972681606 0.34249058918781505 1.3319322788700059 -0.5112068942606213 -0.7018248852793906 1.431160488582373 3.829281039672953 -1.8782445811153825 -0.37907556766862543 -1.1190153783573018 1.542187112720398 -1.7516820501652393 1.7849496729772694 -0.5969325951894788 -2.6381214807679303 -0.2926565566944475 -1.639257335748019 0.00022539797840225056 -0.7746148701364004 0.5426160078904291 0.9615243923929543 -0.37782510570498296 -1.225763292985068 2.1140259091057256 0
-0.6675778248908023 -7.993371271076121 1.4396707667021844 6.948867487580822 1.3153752956326175 -1.1422359802839193 -4.291483782826973 1.7744108609045237 -0.04976593678131721 0.7760773734686911 4.15465859254562 0.3106350919843693 1.5477524145538144 -3.6340158240974523 0.7561985912911281 1.5539280893003178 -4.462484164166312 -1.4745489721900236 0.9342157612442402 -1.1414386003869172 -0.9124539195696533 2.962834810346185 -1.020318212548638 0.7909024113413304 -3.7601430276719245 1.6337244706031624 -0.8086752326340807 -0.5421479944243424 1.0188543886775092 -1.6176026475949892 -1.7363097394273257 -0.01602192764599278 -1.3830379116053428 -4.194561132120343 -3.018964199269021 1.497393894928667 -0.25774802768303623 -1.658077322009671 2.740233766617358 0.01094811838700545 1.6629095316013738 0.26431646541656517 -0.4458038648881939 0.659491969423235 0.1393229466531999 0.78719848923834 0.7842841460554555 1.0805024425245378 -1.7692711747198289 0.1797850191856421 3
0.2814863260698353 6.654117991359977 9.751172683884539 -1.88570811636273 -1.4223600136608319 7.990268059393751 1.471880840551417 7.30119574980325 2.125304123254491 -1.730758497752319 0.9870742127277702 2.524250149829045 -3.791501615576258 4.01165806011836 -0.6496554639095415 -2.1078466912018103 0.4368158876021035 -0.10952589322654689 3.1526646025967273 -1.3778622903817555 -3.657440560770917 0.7906575405765136 -1.0213364695360303 -3.1517582887989364 -1.7402883925768091 2.030699965908097 -0.07625786753689973 2.8380371202099863 -1.1632103735213306 1.923788319559791 -0.4852230919779022 -0.10653250629467684 1.7923409301647997 -0.5045063623817031 -0.31931699786890244 1.5521082260768175 1.3276215456473404 -3.726507544531189 0.7296031926489338 -0.304202435804208 -0.865602667938905 -0.7159784088785619 0.2771875941769177 -1.2211039141720637 -1.470464735314059 -1.020287483126626 -2.917525806347478 -1.371323957651636 1.0861413517449736 -0.9550718635555505 2
-1.2496062002966526 0.6387886936523361 1.3060992043631003 -5.336654029745091 -2.3946864679571793 -0.5029169360210253 -2.2751508999079846 -4.7601435817434 1.848745993174493 0.04428913277445256 4.686234148347905 0.8438759445964713 3.294655020111159 -2.1144344384376144 -2.775167584630307 0.4192936770763343 -1.40493137282137 2.021862742605807 -2.758256034811389 -2.730353246453181 2.6678545154332522 -2.8053481644503884 2.95571892791111 -3.8830601470987167 -0.9822264149031565 -1.092570133454172 -2.323461580911023 0.8033555244901419 0.6418800075905494 -0.18921300945300099 0.16042082050795664 1.0735339407060898 -2.576688584489992 2.745990396436069 -0.6298596343198011 -2.491093859516242 -0.3235200670558168 -0.2603306633482461 0.4087759172176994 -0.9131933753782994 -1.787256756732432 1.6391143855750494 0.5379179766307323 0.3974972575637338 0.7392765237178212 -0.7675643543227895 -1.8358189382688859 -1.4897029131655124 -1.368956426786798 -0.572308091580401 2
-7.626297322536019 -0.5381071410322906 -0.062216573994259644 -0.4671069163467588 -4.60659428058383 -2.548280717399744 1.65934315760634 0.8147187421947317 -0.5842163182762289 -0.11730919691064622 -2.00243352677542 2.07521864914619 1.2955670766112375 0.08789037634289708 -1.1065373458561323 -0.5179328526357947 -1.1201784543737026 1.1822587050150841 0.49445764944611426 1.3040739182737604 0.25023180576806797 0.564621186936667 1.7277845542048034 -0.6897200869105626 0.28261980388708763 0.9623018301549172 0.09895008288878034 0.9183144192477359 -0.7243417249942833 -0.5125799591894801 0.23405298440139954 -0.8975410269944347 1.2747148138844413 0.4536535467085215 -0.6953952958997641 -0.5199916442298037 -0.6123201802915436 -0.47895984831276583 -0.5811293402937209 -0.45710685988633937 0.44079091311168866 0.2206108265738692 -0.4751384236394137 -0.4280855074835968 0.007350059507822068 -0.1090900979531113 -1.9749637927752046 -0.7829037053108244 -1.0046146300570677 0.5272654603742704 9
-0.6057262747755136 -8.906378782598498 -2.288687697030658 4.265336449893403 -0.7190209365645187 3.9338143455941954 2.5174358676868205 0.00200072101517354 3.541449439362502 -1.5951178409083202 0.06274959593804615 1.0826898446782498 -0.5655562543860009 -0.21981872978918077 1.6148150882464365 2.377890088249439 0.97870519351317 0.6370507286380301 -3.572105416228885 -1.8106746925745494 1.9703251440981746 -0.6337176120717976 3.982276700242095 1.4910765374605113 -1.826385331366705 0.48877409261134985 0.6967013733034244 -2.650732642068803 3.219092928228468 -2.023863615408572 1.544212780710557 0.552852565007101 2.5285369554210453 0.5917180952410424 1.1618425983601848 -2.770949783310776 -1.2674694609934252 0.9184625439938267 2.1885081275516307 0.42658383583765735 0.5630983012452736 1.2579051014614304 -1.2044139417872053 -0.07804928475298908 -1.4232098784571445 -0.08747908178222064 0.5152648853664243 -1.0801664845067551 -1.3952764676159861 1.196210044085811 8
2.5088589452589725 7.039963676002093 6.609923839212579 7.683145037129532 -2.6378081527575588 6.590142747657561 -0.130520418424634 6.716835992245988 4.179478798630685 10.250019322646445 -4.974088112542985 7.860290637039283 -2.127933876669783 -2.7016653535308137 -4.9305752724983405 -1.5978525931906429 10.71398080456717 1.0984328306028597 -6.952377002339389 -1.0980483365698568 -5.026351582361661 7.4939931810245755 0.28226613923943367 -5.319664384278389 -3.438550988276287 -2.7934669805567016 3.3112414007031146 0.3090088924353479 -10.614097763372783 0.703024292419573 -1.7752583588453625 1.9951955503623957 1.6018962573968152 -7.8154194286142165 -2.860780142263619 0.12793967485815214 -2.9314599839085194 9.704160628223235 -2.2405594395563213 1.1889294435129205 -1.7407635687023568 -0.3343359006346422 -1.0163807989665712 2.547544222258679 0.8251059819517977 2.921671183822426 1.5525640443783433 3.0035815156739574 -5.047760515945873 -1.5677136501987623 2
1.1160062726768265 -10.2596069420398 2.1176846974256858 7.021948798415601 1.6501315450976366 1.2620142475209035 -7.773592972208209 2.0273984611280977 -2.8748147883884503 2.522729551833195 4.15531921329413 -0.42247481070848103 2.6594975331413773 -2.0872799554052865 0.704224293297145 3.017805456371195 -4.842946162246392 -0.19385597592572382 4.094103515501243 -0.28879483190337285 -0.6238252135888693 4.122496803241533 -2.2495903278391176 0.9585783171557799 -1.6162868213518626 2.7920395123878605 -1.1257049931709004 -2.0036879055728285 0.19596233114956554 -2.041816818673962 -0.9459836576834515 -1.8648342995994684 -1.3603668560874804 -3.86084511145022 -1.4673313056130806 1.8023868034145096 -0.7149518571974952 -2.259362806926863 1.3666793799110282 -0.9851049456882148 -0.6232972255154811 0.16441339043689754 0.3655127948648473 0.7182192859541365 0.555615641749358 0.7354750786867725 1.0864912908443247 -0.2638668685763374 -0.6121721971750895 -1.384346514177813 3
-4.265007871257211 5.610497848831268 -3.069882593638756 0.5356105954094008 -1.8846851019275366 0.6202311032768243 -0.10967965449569651 5.444075550134262 -3.094682263236747 4.1870457160387575 0.2895755951549247 3.2456081758424022 -2.3732233986515063 -0.1198250347083383 -1.6608193549165209 2.1417819700207956 -0.05096787418972428 -3.895873867779713 -1.0163679899051128 -3.6934437343401614 0.3468049070404306 1.62095732719899 0.9091267653696316 -2.482185871792048 2.308111572825214 -0.3708475889907594 -1.4170757604558106 1.5380777183687255 -0.5200288611478449 -0.4838474084623773 0.8993763875447501 -0.5892245148065007 1.989800815460237 -0.5023030900778584 0.6959928973723174 0.3782914165379262 0.1794413879663875 0.3213037242709074 0.8714558162550763 0.6943213869624665 -2.01539753157232 -1.7871535991493865 1.2613731435849387 0.961300101148549 -0.023685238525091884 -1.402717370978301 0.013672984146352669 -0.03875220515757207 -0.2612454888627674 -1.6530582714093052 7
5.349014512225313 -9.61447121666292 -1.8788818624260386 3.245067562394927 1.4012786640029302 -2.1090499784285166 -4.918999912944219 4.969194263591936 1.2340488870176214 3.4350547609741535 -1.189984029176946 0.033982237878079226 -0.8698593176162042 0.11315369301383074 -1.5742992306926775 0.841204209190162 -2.172452706806106 -2.9092452791744075 -5.121790783025932 -2.4787451936175335 -1.1189706447731924 -3.393222745463322 3.0094875487634463 1.7095288418225403 -1.6609234498383352 -0.07634809744682293 -0.8661544665372995 -1.0002238381094084 1.6917771234825203 -1.1621199019674466 0.5956059959589531 -1.0852435259801436 1.6265561500344343 -2.57556679994954 0.06866083926660368 -1.1934822418491586 0.5469782803588891 1.1118736337662276 2.4252025380933584 -1.248435265059544 0.1128603735725171 -1.0660549211857706 0.6196955637136596 -0.5877304202041612 0.9671595409819618 0.026968005832765655 0.7573470181315447 0.07126044031323046 -0.0447506704260513 0.6045753010912887 0
-5.106407997398545 3.0698548001144568 2.7960053442853905 0.07544781240806639 -0.1062243672225132 -4.79919060793829 -0.1885492974654804 0.6573361521156709 -1.2660862851189505 2.3185563856958886 2.8170980042830016 0.13491654297892663 -0.7856001879691806 3.4581182414983007 2.2033402783169507 -2.3369523699935555 1.092265752935051 -1.7733466698622886 0.23377378855423836 1.8386921152437692 0.8254122019072161 0.2831131586205206 0.04270702227795139 0.24301808106980358 -2.03664004530262 -0.7739166450008859 3.795540741082631 -1.7520107720735467 0.671768474234357 0.025320961350739867 0.885151498583227 0.03696382878943098 0.836593853899582 -0.5109269287502431 -1.5455556273335842 -1.2387762438425085 -2.740377839253051 -0.9995087182327587 1.4316014289493135 0.6254822575044846 0.2506564939578864 0.48747529655644745 -1.2045444628998996 -0.9517643708999067 0.23922023907718787 0.34619894323948935 -0.07139466050333583 -0.5815679732536537 -0.4562978837594803 -0.07960968957472675 1
-6.635848366957516 -3.725835573420738 5.141316478507948 -0.21428066000183107 -5.949815532077898 1.6038293155188459 -2.6135840716217698 -3.5683862666696005 -0.14488360992427055 -3.612458497226633 -1.2714621235265142 -3.537911016991425 0.958489510263725 -3.6605015255325957 -1.5111059838984242 0.7857853865606256 0.6301671579737631 0.9467264610007049 -0.21392313489848874 -0.5496814213146569 -2.626074976540172 -0.8054029859395639 -1.3763113100438633 -1.1135888345043359 0.713365782476069 0.8228897590204606 -1.4572877589869924 0.1521969974840183 -0.6626490771038557 0.5345653561366217 -0.7411778793176369 -0.30749826269787045 -0.7402228515582495 -2.215709712356704 -0.6918849855635918 1.237234747278709 1.3350586532080768 0.9006006850134539 -0.42695237599898184 0.35373645626769434 -0.404533151751991 -0.6601687913656628 0.2091903025411538 0.18771127762329726 -0.03957505638537134 0.01585487979194078 0.11628229075575472 0.640320047352979 0.695656014036691 0.44343572105649176 1
18.998483907578855 14.52307385041025 5.831948052634358 -3.519633159149219 -7.497082903644985 5.073017979648185 9.242491498062506 -1.2227975648257117 4.412347225324286 -1.7994715144690918 3.329947206311946 4.721249926599487 -7.109513413465122 -0.6228505791389852 -1.78448354734812 -3.956687102553683 -7.9713014398943285 1.7158682324620478 -1.9084361526404783 1.2066103258658523 2.2527371430129732 -5.762381442727535 -2.201667518101328 6.05676828723004 -3.144799973004623 -0.1830509842369572 -0.5825636764441366 -2.3099399244851795 -3.3319668408583745 0.8905778199907097 2.629343613986853 1.7704363915264192 2.9565672232598184 -3.666841411459047 -1.2144641897100472 2.3868284243423696 1.5427615768482394 -0.7529945035562331 1.5986604019938357 2.8360071617498477 -3.865740751040553 -4.198919171894986 3.4157283541075447 -2.4620372398397476 0.8026184106199855 0.33608636532360264 -2.250450334424418 -1.0232398314013604 1.8387525237196363 -0.5899190657403637 0
10.277051368039766 -6.11299430401444 3.68030523073054 -5.088240215799386 3.0873553738337938 5.391587781841725 -4.788629088441251 3.2988044978917226 -10.211577916951217 5.131781714793233 2.747497596355045 3.2636581134606026 1.4078060109334167 2.0604408219602086 3.5137506210052765 -1.0969939648847413 1.4315046117700048 -0.5782647918692029 1.2128763115134675 -2.755216953816225 2.063782220586818 -1.938117713689572 3.8449713918322117 -0.7722073201208018 -4.077494571296936 -1.2320243782823639 -2.149420254985499 0.07203748879948968 3.0424722228853005 1.8367781441830417 -0.10807542437137438 -1.7983088357699257 -5.706358913404427 -0.5042676483514775 -0.8887088985892294 -2.8160156626478234 1.5239644105358632 0.1506455050994783 1.773097900587168 -1.8110923390617812 1.043522127909358 -0.7189128519014383 1.789873623567757 0.009595875622054613 1.0948887439656767 0.23919465266919038 1.8920367573108892 2.4191633816149825 0.9664320020599096 -2.4173665422605795 2
6.169216321792085 -0.053406830933926834 12.371343248532286 10.510312227996241 0.8611020041673864 -0.2445132582342534 0.2394937202658298 4.110759109718774 0.1402714045572581 -0.1319215229360479 1.1078445010565996 -0.008646557731320259 2.2963651795427515 -2.428094560985496 1.3356733655381838 -3.1426201707762504 -0.8093445800625613 -1.2110599044093906 3.011130777253194 -0.5239432209636576 2.3433734946078775 -0.03522205564993742 0.4921526981838124 -1.013038430544955 -1.439786566473923 -1.9361777964151627 0.8801930768523272 0.899849205181674 2.416073724018089 0.37385299082095025 -1.540309020894206 -1.3590754245757288 -3.3519086940508354 2.0589167508711816 1.0662381673983132 -1.2282161685082669 -0.2738211441080916 0.24584631035957755 -0.09078322235989698 -0.8867330073444791 1.5743000328843721 1.8328730098643282 -0.3629995446310182 0.5345467885326355 -1.203478086506633 -0.24491001622251923 1.757913578455189 0.23565922256347765 0.17157403831758342 0.9740316585359681 3
4.712268307357411 11.48093631879956 7.506646426694468 10.609862523791566 -1.527072519607508 10.190439597956587 -4.844881656970488 1.017636823381195 10.811818669734214 2.954559530242032 -5.119495195410868 4.475019920762054 3.2424197998491366 6.063840063566043 -6.91489544237932 0.30468358599184975 -7.346165025433549 7.567437629758988 -4.207360531998774 -8.348002146359999 -4.5831006396704765 -1.6057475622030717 0.18222148543836178 -2.5247205187738992 -4.475624647100568 0.1539708962879616 1.0587187740275028 -0.11147606647617794 4.318034806723157 -2.043905591864705 -2.5550942874188802 3.454667318327802 3.3122189715216854 -1.5078267788535304 -3.531888311255462 4.011109985334892 2.7859102633129815 0.7321465279755109 4.314911196970072 0.9217026752086586 2.807193035427129 -2.223540369146247 3.424203296277909 -3.3046065616434332 -1.1568325609768082 3.4685858757235843 -5.189967617291764 2.3867586622990373 -0.3042236488166645 -0.5552597392058793 3
-5.316048893200729 4.210300693386777 3.0844626321672375 1.7532296442273698 -1.008410636538706 -3.217683779553193 -0.6958786747130156 -3.2412783182723066 -1.6178406191315717 -1.2777769159945656 0.5573551253121444 -0.2385644772008104 0.2594061784229585 2.1641783275686297 0.10981551334132146 -2.686374159162997 1.8068618229175117 -0.765841210851881 1.761079042564586 0.8216240399120993 0.041388094128890635 -0.12171092118345661 0.8136320688992462 0.4481668383671712 -1.2538053488044436 0.5935504096983018 1.440503741438528 0.5955912643289055 -0.7715823681170094 -1.4764289718636912 -0.8898918535464937 -0.5958232453626925 1.9499558438900793 0.4870377751342628 -2.583333759574336 0.9324020121886146 -0.7288239914232039 -1.0215581337076745 0.2832169889623259 -0.37137125675915833 -0.39598811344148954 0.37294367296435743 -1.2619630736127294 -0.2789892042678504 0.6568107574336731 0.230915426450898 -1.2607519890007493 0.7075216732618225 -0.48176923145014233 0.2635097325139041 8
1.405794789753511 2.3567785491710764 -7.20552971583928 -1.4871817939411667 5.323784279092624 -0.6068794984769466 -3.7562250073531125 -5.6866549313454176 -1.3570224298960727 5.264355666813915 2.000765163258007 0.048487738137770145 0.3044026918257623 -2.2788433014401077 1.1984758693270465 2.156779739618665 1.9343640924105066 -1.7598043613021603 -1.7654383526452255 -1.8540541775570514 0.708743793500009 -2.1139568138838145 -1.920881687400984 1.1134481883216063 -3.7018591851110263 2.1777012956814352 -1.2117296201087513 -2.6831780891371144 -0.7088363982698841 0.45547355218571356 0.28341891553211007 1.7903644433194927 -1.3656041691030154 -0.643726177501597 -1.2097439276096589 0.6945172159525911 0.11986291964987512 1.2140880267130443 0.2350338577280568 0.7589289130244461 -0.827241969442716 2.204678916202117 0.988015570518517 -1.0081581204112988 -1.6767852702529509 0.033118593147270524 2.8559555624298953 0.4518252657408304 0.24973250688877746 -1.1039680922406205 4
-6.731420473726602 0.20574736028295026 0.29661038846022625 3.063268500160197 -1.704772887113062 -2.9788093325397362 2.051783262276051 0.3295395379516159 0.3697394532279318 1.0258104522701896 -0.019904530496266302 1.3167856942892442 1.586735632047869 0.11329643449455311 0.5731237691880017 -0.3870147228489983 -1.2935651419042702 -1.0156819439188918 -1.6991207692165338 -1.0046687169964763 1.7045475011537108 -0.5733422846313224 0.5261673394831984 -2.1940317224292882 0.12140623489504136 1.7341503446105315 -0.023764376241906613 1.1552932706634627 0.4708370479509216 0.40416814594046924 0.19637802129525078 1.4475679169131432 0.5535562426186358 0.15966065434991833 -3.6606555213946774 -1.6751577003971032 -0.2794154291612196 0.5290040128218672 1.6575790831313566 1.3713368675996847 -0.7543704920952229 -0.42520882534035376 0.18161099239601095 -1.9385155779059289 2.4958736174666414 1.285885457018509 -0.28023037131439477 -0.1191320554409356 -2.0131263553085814 -0.5870656785616525 3
-3.3785832952165187 -3.2060832600260527 -0.6638875377191482 -3.7380365223608987 -4.011017130790335 -1.101947029257909 -1.0372981319418644 0.522142853780134 3.0912321479920064 1.7094842514062336 1.4269462177904644 -2.9209470994723588 0.363941589261461 -0.4976301179771117 1.373697531354158 -2.8902909799597287 1.6499644327937604 1.5072349151652218 -0.8463873889143875 -6.351498709939124 3.022725122004688 1.0409867576344076 -1.2116316312293156 2.192017183788823 1.8843232939641035 1.8277426690197318 3.75031269179972 -0.7815857945011626 -0.3453908579303031 -3.586376584367166 1.845794291285976 -0.6734473477090737 2.8660746432640156 1.625018766190443 -2.1015885687132796 0.7977472233474692 0.6429790080375061 -0.3115120219195674 -0.9225660932340461 0.2202129830852029 0.08767924875801676 2.0561893198445422 0.5317301488096805 -0.14277127005666207 1.7607888210905038 -1.0096492878519698 0.1545482668837809 0.29380902497590217 -2.605216101136477 0.7671924307902201 5
-5.026279656059196 0.8119898060846369 -7.974586508814519 0.5456905495020463 -4.156415019500524 7.307444479395594 6.065703089462138 4.388046833628095 -2.521020826710131 -1.5457963070079512 -5.004989791416327 0.6651073509940212 0.7361592599410568 -1.3973514490834782 -1.6645293252181925 -1.146393733136149 -0.963407867719343 -1.9484797337042752 3.360087901814707 1.9356562964425967 1.8200698936905646 1.0425136987976262 0.9659866737171967 0.4811063689464988 1.2219514385100811 1.5032624510643877 -1.3687050155290206 -0.3639015902807813 -0.18682472438985345 1.191101019345223 0.637862775979112 -1.5025363365567257 0.1871114143988479 0.5856764309810484 0.0936587638652015 -3.2029667598149025 -1.28155968505463 0.5852825301841746 0.4010642861447901 -1.574241565512215 0.2781810017085643 1.334080686359117 0.7246110677369839 -2.3500679526695443 -0.6102313085953306 -0.4481589909124316 0.6954997857859312 -0.4830506032954919 -0.37845658015917344 0.4056172185001361 7
-0.6460120588614494 -4.670261927211653 1.2757499732588873 -10.299789037679213 8.406059284503344 1.2675049722918645 -0.32534826192795074 3.3790547541159572 2.869355129169763 -3.185502985661358 -3.6592393525104923 0.44478047293869993 0.5881230546186657 3.4609886322168224 -0.977253258765278 0.6125540049745101 1.9199214518524348 0.5973995124518534 -1.0456859599429789 -1.8985302451138906 1.8623528011956054 0.8136733972650738 -1.088439466869447 0.29642229399486325 -0.3177161843459229 -1.1215320862286817 -1.9262407163749733 -1.25491420182344 0.13800919899392877 -1.721366958571954 -2.6363334262124454 -2.7677852548088957 3.765883752965117 1.9985811436959373 2.6113940984129447 2.006037631683127 0.4823986626383112 -0.24176698815439823 -1.4068000730063304 0.9959398405730044 -1.0462653328916716 0.4932337516065603 0.5019602111140298 -1.1321817731328117 1.2726328718657434 2.1424331532590717 0.09223749130417501 1.7934754154296124 -2.0525228532554967 2.4961312282423074 6
8.225167246210969 6.045303726054338 -2.3584436358741194 -4.851373583826044 -0.7403916844192601 1.398344684719738 -4.8206095401691735 -6.712259952398082 0.09268065263763062 4.944744531367269 -6.074950376569394 3.132208093627814 1.3801834386712624 -0.8828239295502298 -0.4111616383644145 -1.6608750375389731 1.782822151881696 -1.3432617112641185 0.8546186125749257 -2.876621119717945 -1.7796479511562815 -3.790037903348303 4.260206945102365 1.8915369166144185 -0.3563348644860766 -0.6023884558923256 0.7234451882438249 -0.49886973498106835 0.7087153610965 -1.4157980879000416 0.8049659253927004 0.4081717255289111 -3.2869683574002115 0.8410881946402183 0.4288526287116444 1.7150225466634652 -0.0527913610349367 0.9203868366115243 1.272071966225685 0.838231692258293 -1.7195277128379576 1.4669664840395154 0.11261739754959335 -0.9437288323589735 -0.7580966992231887 1.50956569313476 0.8592910018257204 -1.6301791379939556 0.5524169214763971 0.5418821282063246 4
1.1456375643998955 5.857067352843027 -14.38183291247095 1.8958730487678206 -2.262091982396822 0.8978864168087696 0.36595767721021194 10.821247351075366 -0.8985109828495536 -2.5308557041620547 -2.5438723301209323 0.9121955532335485 0.2086629624899797 -3.4405507352518003 7.587168252414286 3.5271558783915906 -2.9248461908607912 -3.3449961189104003 -2.2373145766673 1.1908552915799908 1.4130552955783868 -2.083112927255881 -0.6982976940362464 2.4350859125712216 2.2422637339555638 -1.4333460923105847 -1.3752610712686428 2.13196644072492 -1.3520073438676805 0.5513530017520346 2.3196982562260016 -4.621787193069034 -1.4203028492290957 -2.3323163522997086 -2.626269500327826 -0.7609625801935482 0.5208734112172042 3.1445513946161374 0.49503091644277963 -0.6345038362338558 -0.8122525150412472 0.46636228510464023 -1.8200662177557037 0.5907869091564464 1.0235038784310346 2.0258135560563773 -1.818344090538014 1.5655890727337167 -1.79633291113682 0.187069665435792 7
-7.448046442963371 -0.7913416220498576 3.492909560658631 -1.0473547072883034 -3.6108696236506885 1.1520545096265369 1.4321167406603945 -1.4771399989432823 -1.7783004363082409 -2.4696902131342005 -1.5036464506169385 0.8054892455327537 1.658734984323181 -0.07140207524201621 0.19323694376720907 -0.9841963794067653 1.4149700999799284 -0.7396250334493895 0.4513712968488579 0.40791467769574724 -1.0307647230974077 0.4035100802494065 2.2342282589708957 -1.687505765851469 -1.7246066205205663 0.7955374835939208 -0.6978769667849669 2.3054570883003973 -1.9528467395766678 0.31942093747220435 -1.487363066461038 -0.6900181151258552 -0.39247244332791165 0.7650987419990202 -1.4201571481818136 0.3856549530496696 1.0732389973158296 -1.2365323631313765 -1.8086623497240442 -0.2548856692879134 0.41575558437165583 -0.16265100111421207 -0.29698810640655143 0.08396078378874137 -0.049200881815394046 -0.5081662292716926 -2.1940705649528374 0.9308586624191972 -0.12617427269520806 0.6317494057240776 7
-1.54571519536855 -9.79680874959834 0.20106272630410363 5.524420260749265 0.6977084451285729 7.2575018168065375 3.1802571132683255 -2.162261148047239 3.9728065473808987 -5.096994631887078 -1.9891103553743634 -2.965772046484909 0.20257470718985304 -0.48503301807646626 0.6868993802934418 2.834176637529164 0.7002145789452514 3.1421841791050293 -1.9784167052062334 1.1427238765663255 0.3691975992709793 0.6823263132236739 0.13577395067183623 0.16169946443031658 0.9018934662681102 0.013110128129639336 0.2204493739284049 -2.3155160680608877 1.2012343401479226 0.2333883326312265 1.4814983121585414 -1.0810649675057658 2.30601735954349 -1.2358776869904873 0.5054127522282058 0.5842996040056515 -0.34153326883844964 0.2155618253138497 -0.10758055930331811 0.09446506478538622 -0.8602696705200832 -1.4139736461073653 0.22672113269315533 0.41220214019881757 -1.3521840072514881 0.4915195139681363 0.8870896055583112 -0.5656130265872361 0.17127809216276257 0.8515151382139842 8
7.837074047662396 10.262969904018327 14.163566464364406 3.8358761010013858 -0.9853652406254756 5.942186793580308 -0.6888359408767343 1.858447135138611 3.8800763082406737 3.9072171519564396 -1.7370875342461425 10.324174740257533 -7.9430195994335 0.814103559535428 2.5576723175948004 -5.459089873311278 -6.1556687537853705 2.5190013743632744 0.4338429287469228 -1.6178967810145988 -2.711859862462525 0.9908730552539724 -5.827545201879339 2.132488919748098 -2.4427188956423036 7.701839421418609 2.883569379053672 -0.39896365286003943 -1.1413088524847979 1.247187766298344 -1.1561468286658234 -0.7688967420154246 2.734925958528623 -0.09098022654498121 -0.09830419046965595 4.804875702643218 -0.2796322962864638 0.41306276146289017 1.801395391158512 -0.07877521666554473 -1.4647372620388865 -1.3174676154820253 -0.7474251170951182 -2.051147813344729 -3.8301529898148248 2.086840281126856 -3.2307255363441993 -2.886164288362904 0.9621090728148861 -0.11080062571463223 5
1.6419950704655741 0.21238081413948182 -11.544316694237413 -0.853289707520879 0.08804989041699983 5.528663674890174 4.873494947294944 -1.7919342642168539 -0.5090488966307605 -1.2961069469709268 -0.03871984540291876 5.004125111501618 2.9570109345037667 -1.86127643790237 2.9642384553243355 2.0608908671970103 1.0979997720462091 -2.7161644236663283 -1.6932233276796065 0.5054549865249682 0.958018232509836 -0.03155645049428261 2.2563421166490505 1.6285794048644526 -3.056490452509494 0.3398692534693719 -3.2716556603803375 -0.16173097353833996 0.1587477028502758 0.8114516204156375 3.181990541923246 1.3523235755307006 -0.7681648814940705 1.5309678265053195 1.3716567502280992 -1.22058257232945 -0.7306678763116022 3.5322585178152908 -0.46118322492920866 -0.2590236128683431 0.47605180508425293 0.8226059279317335 0.87463207030038 0.054756197471602645 -1.115388681409907 0.033121213507681255 0.2244195454840544 -0.7521040773126879 -0.6789942001555673 0.6392199121777401 9
-6.555143837468754 2.7526493202387363 -4.456016892310509 0.8329944762619427 -0.8542077629646591 -0.14236997210975158 5.749229000512949 1.023248782369404 -2.918463714614259 -1.031925531042359 1.3952274312276276 3.94864540377729 0.6358362154147239 -0.2679373655074197 -0.7194783445958814 0.5571038873325151 -1.8128035023108584 2.2629950666612078 2.618832509323601 0.25160769081640005 -1.5980024471313967 1.327801320246419 1.031918301914097 -0.16320829592712993 3.067907423301562 -0.49891544845742564 0.7573384544572878 4.0726790582366 0.6677887407835256 -1.9514433355485241 0.18081392179161274 -0.032861354463210694 -0.0034849569106940987 0.8680919071831315 0.54651811443564 1.9031328680570505 -0.4223032060704226 0.12057837315143848 -0.39852330050261686 -0.7814305727213615 -1.1520416663740514 -1.0298523842524097 -1.6287840546926253 1.1992693487332435 0.881863673269285 -0.04422115329480383 -0.8021462982270233 -0.8484659349431907 -0.4147672847458813 0.6227428255511213 7
7.349352827001534 -13.52966123481199 -6.490758873836602 1.0714768108696675 -4.706793006098059 3.389200600880969 -8.446051563437734 1.0635398391008961 0.12199302156054134 7.716434224030787 3.4912650214508854 2.082276743442158 0.5822560271480736 4.094424822641159 -3.914311623724362 -1.1183242586324498 -1.2067024925353755 0.1362573354373089 4.334837979984146 2.6575949662411693 -2.8578826584500683 -3.115029229482968 0.938800650343704 3.1020036514660276 -2.083478134165744 -0.10564625508420367 2.097225172474845 1.7781379928400214 -0.9950042997048472 -0.4854469217501716 -0.8477490061090628 -4.483174084402516 -0.4926275957543825 -1.6336166840747117 -1.715959697576511 2.072022882587681 2.1257258316946843 0.007495527671935613 -3.6466558429085136 -1.9092290881846732 -0.8461806095652964 -0.2621927105106923 1.2116131911714623 -0.24560814195380634 1.4501783331418727 -2.119752558204836 -0.010581281195695636 -0.12093610318762849 2.194207778783063 1.7571277479132021 0
0.17553329412078666 0.672271174015365 3.602204368847227 7.353461728319557 4.838998968985228 -4.507113356528223 1.8688558847968542 2.4899939286624275 0.09488082374534766 -4.13803430763782 -0.7043605230509713 -1.7381078686210174 3.3775550460943 0.13896126096311615 1.7929339425529685 -0.14891407081894872 -0.8576439373911064 -1.9925913703692257 -0.65059681111982 -0.8449987160675682 -1.993655800332707 -1.1885946352733692 0.6465371661111348 -2.5777656067716577 1.6652192920432416 2.0091307274785253 -1.3026447291367382 -1.0791706683691906 -2.3830204056150817 -2.033885411630494 0.41487114916636336 1.24201327431484 -0.44410260977232396 1.3191648344080202 1.425564552942324 0.15579833772618165 0.40913029544939744 2.7655301682308084 -1.6332912667716188 0.09146336613610007 0.09389929418013625 0.04453140757650683 0.09030375906467371 -0.1479671187550956 0.45817648381472115 -0.5636450122048976 -1.8124728462394284 -1.5426346708323595 0.6962592412425448 -0.7738963212331876 3
-6.567828731954525 -3.6532957665384593 5.131489161839355 -0.23892646544981752 -5.688694627538402 1.9950803464181635 -2.878428360275059 -3.5831320399307978 -0.6776740128556572 -3.973414624515621 -0.7801048896729237 -3.5022872088429997 0.9402156247781208 -4.106441284506326 -1.691527341823004 0.8268008156194894 0.5815396737154894 1.3856664002153367 -0.23478777261841277 -0.7799836420809102 -2.6445350498153393 -0.4646192283386774 -1.6795525362162453 -0.9674800786080653 0.8626564377665902 0.4327031879535191 -1.2520649214216408 0.2317317184154768 -0.3907313234245695 0.21500208421014738 -0.8734729262886326 -0.37593552083873577 -0.6378575208626093 -2.081619935745696 -0.4854977161662591 1.4308961716204238 0.8731330075604634 0.5741832565177886 -0.3432527323349393 0.500449020713756 -0.3024293785004646 -0.5833868217254774 -0.0735974373890562 0.3095572215252836 0.0135256834545657 0.21881787602368885 -0.0575233299578901 0.6460892118731864 0.534785901197949 0.40642330924842385 1
-5.836578923551986 -1.3696563948546123 3.3025588760260534 -4.207560849029586 -1.0176098123658928 -0.6778652180539452 -2.583041297554172 0.06071091595073817 -0.9951220548660629 0.33824706539783667 -0.3880241942893937 -0.46710236750015355 -0.7202635263682929 2.3931007076576196 1.067335517367257 -0.26539211559756376 0.49154735914264497 -0.8317260718024294 -1.1878138411904 -1.0633742214958117 1.0717284745948177 -0.21423810906056087 0.5747209256672302 -0.835055753447782 -0.46276840442723316 -0.9302354753870262 0.06031338411496756 -2.77946810893765 -0.20651375064137698 -1.8131780234502408 0.46306193817725877 -1.3442184491743432 0.07249622879579083 0.6944709858715711 0.9534903881672339 0.17424193092846504 0.6793350477317447 2.8717342812014155 -0.05626751977250742 0.6478246695666103 1.3724020281410438 0.3795046263307274 0.7538757003831271 0.6608325348982578 -0.4907092071444909 0.20824785016281222 -0.5166352474532553 0.02680564214407991 0.18826166263208358 0.8280154321464253 6
8.166427382825333 -12.67865576199206 -5.216291811649082 3.968723442553406 0.43813740420790187 10.57367705818628 -3.1395803312549364 -1.4301718529030834 -2.323739411206708 5.09415739589397 -0.8453364959530495 -2.9651276666546726 1.2353049980123343 13.155830070042033 -5.12493415857322 1.6322798867798163 -1.6694480913956065 -2.5920621242728186 -4.945053922671346 0.5826524446275153 -5.696815224043001 -4.245447967894634 2.5924853938890524 2.2798133757136667 -3.4357143646268993 -2.7829665183966483 0.15574070352115593 5.524609050442603 -0.16673538656118725 -1.910697370320614 1.2911045886390036 -1.480520763126726 -1.7529006970370908 0.4725314180787238 -0.3334704162123894 0.29603306059357354 0.2958782695121489 1.5938539022820524 -0.5008462027083768 -4.839551924911865 1.118006060866453 -1.3972511610529066 1.0908167901024233 -2.8141465257373737 1.1928891060215236 -2.116849918500414 -2.583741567161284 0.000547959395160893 -0.22190473656543913 2.368178860296071 2
-3.7971122019552634 0.275920126959355 -1.9630321275151807 -2.404144586604239 3.335189520614126 1.4708660227652277 4.71376846539179 -0.703045276720701 3.291878694076778 -1.5209209519202649 -1.3789299174184266 0.5127704598488277 6.275202613713967 -0.8097280686410991 0.3517979672885023 2.087558609145861 0.18371263620120315 2.30025033478779 2.726369109639161 -2.2482427700091825 -1.9540596876882061 -2.3426689331506982 1.810241030186453 -0.8225861015342859 -0.3843944656544762 2.3297964241090945 -0.592613197046027 2.9076372738683482 -1.5229227584269471 -0.51394456831474 -0.21811328860656512 -1.6738665264750943 -1.5106625741287165 0.22998466019513222 -1.2044516897526465 0.826215320234654 2.0026222021407314 -0.4455049108326212 -0.6363072939365345 -1.4189637781874003 -0.6591434754223586 -2.038093111104616 -1.1536679072833955 -0.33111395036482066 2.3300052561129974 -1.855649601780017 -2.710276594141106 0.35539015151623854 1.1497082915177637 0.8857162686858994 4
8.798681804302648 -2.8273117835390993 1.2375748921001346 13.792492483226049 3.6849289466746957 0.4858698894840835 0.38702177331063814 -3.115858201191752 0.4101012085059628 1.519197536797424 -0.8793152969077229 -2.705885830453023 6.898533904258442 2.559376838953413 -3.2117276641030434 6.58175693384191 -4.95022443930349 3.262089320659083 0.1766419615606384 -0.1408307986538614 -3.2838281296632736 -3.2111994041550878 -0.7359439599326385 1.0053498170379547 -1.3431145597987821 -0.7556319748861557 -1.4826441636431784 0.9016154605267338 1.5745086534204498 -2.6240920462626067 -0.732113799615141 -1.699942991886019 -0.8073241067354203 0.7346060544390554 1.425268575025906 -1.4414891278562798 -1.9382772561827315 -0.2504357606500987 1.340242068906726 -0.6350879039090335 3.266556579730231 -1.2275389411420135 0.6614909860153327 -0.8975673861661065 1.060001900840131 1.0096264593271354 1.7412104348104491 0.038032116644574995 -0.5934324353683421 -0.7943352550114503 3
2.3129307789571896 -4.021345413167667 -8.836427676803119 -3.539623210692828 2.307374625696354 2.293115681104867 6.520778028623928 -3.3845223095736454 7.458191935519581 3.53129335012956 -2.299787559832439 -3.6318279068023562 -0.5499637783420849 5.7349596330132435 5.480055374631608 -5.076032023925485 4.8885739917637965 0.3668959067877156 0.7267433630543374 -6.0745709911578825 -0.07395590073667022 2.841250181218033 0.7314367197043746 5.012571891345711 1.395821121909247 4.886283138310801 -1.466110517822414 3.629120861180978 -2.7517435148193883 -4.091120253403201 -0.10193874300963815 2.815327486094144 -1.6793181449266257 -2.004397197370105 0.839164734215568 -2.174315109286334 1.7217706141419413 -2.0174588476625845 -4.434039694833114 -1.8179914452384858 1.84163038894113 -1.8227017496854838 2.2678106721695688 2.718852573583325 -1.7595850498408643 -1.1871453511727603 -3.700914914730518 0.6177760848232432 0.3088432436869417 1.660260875305172 4
0.7788185739641559 -3.3691367678498643 -7.648449687330658 -4.935510447119385 2.6491090091765117 -0.12098489979918796 -3.210779512321482 -3.3419070442452723 3.5340872332474706 9.336592030344264 1.8292116968944183 1.0164175068263523 -3.4027137346308622 0.5070817457353886 3.316572411030179 0.825237397521142 0.061008518592517644 -0.9191746104148965 0.924824352959915 -1.1815212485983293 1.040780436136305 -1.6013654226872587 1.553325781248918 -2.33784730468421 -2.4903822304889056 -1.7043026053902899 -2.431061799159868 -0.8583618981136871 -1.4502540209285413 1.0895672853945881 -1.0926816539215296 1.198823163515574 -0.7380590082735409 2.4340682964509446 0.9181542291378314 0.6995609799074829 0.7492971041168641 0.055841724038948916 -0.8943455193570011 0.18196243138716275 -2.012466530305713 1.158843231337967 -0.21726018173808648 -1.636013055473507 2.009057940459165 -2.296324540605843 -3.003512206812164 -0.029095685720815976 2.088656843251232 -0.9293576429782111 4
-5.506630683199798 3.969556573360097 -5.3948181249929785 -1.872702747592231 -0.12286551168598724 2.9657835258582224 2.571668839124471 2.1552339485022216 -2.3650014315530985 -2.176452508660512 2.3462490293715783 2.52797674912606 -0.30833759588815685 -1.0108298358713277 -1.0102209033800928 2.02286775338489 -1.0443616614886917 0.02371973179505256 0.396591491492297 -1.8802229859564208 -2.3711366913927767 -0.6642827761545049 1.5326567527102923 -0.5672919532739508 3.801120605638757 -2.451075627929817 -0.6236876860010245 2.7801819883848378 1.4918903698502173 -0.6820898562366728 1.0103891524404511 -2.4114642588662565 -2.370871345436703 1.3685573679061906 2.8688053367984407 0.4497877212785093 0.6525387710585251 0.40731310705395274 1.4980141652481396 -0.2796786318996037 0.029632879113933013 -1.3904840374850316 -1.3027513677984952 2.052878491766123 0.7257166933130229 -0.10041272394638101 -1.1211966159344475 -1.3741709048407815 -0.49627116648059366 1.226980753723035 7
-4.418846873607814 -3.2960244117754707 -0.883553597044895 -4.090696418520648 -2.972694411262704 1.532345978823134 -1.465132112361746 -0.926068202125045 4.718467215710008 2.023702942323974 1.452187712579384 -2.0716739989433015 -0.3200256581824899 -0.575671951766694 0.954845969756206 -3.3266659998714068 1.15565369227405 0.45781341643196816 0.35038884498708 -4.5371682073921935 3.352097395799637 -1.7970693229649481 -0.456188544852063 0.4646390151903431 2.226378941237523 -1.792307994278074 0.4197862898418284 0.39338404050922743 0.9529090917632566 -0.8367860865515308 -0.48392240241232026 0.05709583138142794 0.037176431346275275 2.6070760958363413 -3.122770802850793 -0.7847814201257217 -2.3657327160801938 1.3997002514140149 0.4388751155769006 0.11167285046204557 0.14164375987252525 1.6969523174045251 -0.7002140165658711 0.26150281593359836 -0.470028071309513 -0.0021826546697885376 0.19587954909228453 -1.0545335107231202 -0.20790464692785132 0.36759078143229773 5
-7.3812850820159115 0.5342195715850419 -0.5926418773512678 -0.5105722600157315 -1.5022314421127265 -3.432415292221951 0.7134722248011481 -1.549741700170518 -0.3785502300222882 1.122635310911112 1.236902930343944 2.5298925758033572 0.39006613013874525 0.34849141078135937 -0.07240706828165226 1.4281762535476654 -0.505555609499806 3.191053840564683 -1.195289303090289 -0.5460626231312773 0.033524230078112054 0.3409932868270409 -0.17557450641103858 -0.5296677484090192 0.51788758645308 0.4420670213800232 0.28845261787785015 1.5284184767822033 1.636216231130157 -1.0574034521309181 -0.06886256468214813 1.1844237769494939 0.5514260917437438 0.41885335081112673 0.3132116256894374 0.49398964928411343 1.2414702670990048 -0.27234629873009397 -1.0748677009397039 0.01246109191790094 -1.8580132437885561 -0.43886907529430463 -1.420873595420797 0.6959831927486997 0.2555437854158642 0.49260459376805193 -0.5982246048759512 -0.5134595108110441 -0.12623241952207812 1.0347753841174763 9
0.9827970380489349 -5.99993147085717 0.19418035057146704 -9.690028107640853 4.986814894469028 -1.5499051770735404 -1.4465187195261275 5.251787604907822 3.4061712031785905 -2.5634310221490795 -3.2525908740730127 1.8486056148641647 -1.1600935184406382 0.8341373525302543 -4.264964538987236 -0.6495519538612128 1.2799536672170688 -2.7157974557170936 -1.0477332381036821 -1.1729998335643905 1.173393700632813 0.15741252227334676 -1.7655221836171293 1.9994062733778164 0.22925153765434414 0.15597329696956697 -0.5925063376731236 2.157950205563505 2.427210772562358 -0.6321477247279537 -4.041427690546708 0.3184275223995062 4.2033889804850855 0.27546575876096785 2.557198590983267 1.6538703307022309 -1.6686505565987773 0.3994669541589112 -2.2374399325944125 1.4031098959293689 -0.41267938839594365 -0.07681863236609933 -1.9756727110477152 -2.492462106585569 3.066145969962286 0.04433268300730189 -0.17335445755753315 1.965901446994872 -1.2042567231181016 1.9893160775707828 6
8.32810137536644 -2.4328597595679375 -3.816454225425565 1.056288427868826 2.019867995119459 -4.655615394283567 -2.811326678754857 -0.9124273582118154 -4.889433745419906 1.2245514251838934 -2.008811208626576 0.9767060572466274 -3.4684875681939142 -2.4824999481525176 -1.0987432243317248 -2.0155955896317432 1.2390564762703675 -0.9136188805302408 -2.0882290813062756 1.0109736342611408 -1.366122084809248 -0.6794631189854432 1.139117471508858 -0.0016572555370830007 -1.8178399054673564 1.5304864335599302 -1.1585936297477988 -2.3181643703370813 -2.4896568492794606 -1.7677043929947551 -0.5234792027240783 1.6015034834638129 0.8685935364129101 -1.0142670009914467 -0.5410497526556131 1.2813421265128557 0.04021237883609442 0.829938506247598 -1.3518547211058767 -0.47772840197286176 -0.39764938062215494 2.5496543949274546 0.28652500533911357 0.23588561703758842 -3.643309077200931 0.6345007577085068 0.5395250761867079 0.05796640053124987 0.33127939967381026 -1.7508527935370528 9
4.592947436843354 -13.416924928895531 -4.786695761193337 1.0033467643044691 -1.5194840496500182 5.086533728449266 -7.268235677262803 1.4590485729466924 2.3101720456370325 6.916473181285354 2.188671736224421 1.6310368607903192 -1.917068786502978 2.3137119448886385 -3.672445196315644 0.7177600596043249 -2.498770873069705 -1.027136804670442 4.457154059919662 2.322592224389759 -0.21534351828958984 -2.616876589455154 1.808137874837785 2.1339742748683497 -2.1208039860021213 -0.8864884739894318 3.160388904588294 -0.4246325396285141 0.5003483651270675 -1.5209773964044386 -1.8968979850603163 -4.031888116271218 0.8368937052777072 -0.30931304337489146 0.1810033383786135 -0.033071121509367765 2.636675045754845 0.552451248850534 -2.3960379144697614 -1.92007486274615 0.3498139426040465 0.5195526502045804 0.42806920571527973 0.3362597592665564 2.7415048885015487 -2.8697686331627517 0.32005948045029486 -0.2677581154535922 2.033744665975216 1.3738353891753314 0
-2.9464243043139784 12.16231728060364 -10.815393816246992 2.2415716822300205 0.11450723004173967 -0.568162036511418 -6.323674923715104 8.363676627015609 -2.7608228653849656 -5.812912121620729 4.5280045144323156 -3.734963809020623 -4.734249069972172 0.5608129048707379 4.1946692892695 3.13650891269571 -0.8812631215739989 2.4186674761217164 -3.5407715894148306 3.0059522886107404 0.9866752542832987 -0.9379296050548144 -4.030133782882736 -1.3279666712831972 0.42284739387488784 -1.7373378969921236 2.6437367252446693 4.643818483947816 1.2281586913834535 -1.4222105911135485 -4.214534730207187 -1.781948906166431 0.7679004560170237 -2.2709576069953896 0.801935351899759 -3.562612714542972 4.350901381040444 0.6424823135341897 -4.175138550891189 -1.5704048320656903 0.3007804473696594 1.5825090122584553 -3.6123694042326795 -0.059414020039880076 0.22260049754807845 0.3239767913586916 -0.8599996219422656 -1.5187448982883778 -0.18779658189456777 1.136935100300319 7
-5.886060990141709 -4.740479768869286 3.7631733428678347 0.1333204161054906 -5.308436685515287 4.646041775696332 -3.1433155109825277 -4.31165494253779 -2.0829562123472334 -2.4655861345298096 -0.5735381251357567 -3.7323816400166567 0.17997331477977882 -3.959876847383774 -2.222218214132576 2.675382008050896 -0.12251142445332086 2.0748535151155405 0.9151075935774796 -0.2393410743809616 -2.8487914387616113 1.0178727344974745 -2.2451886090628506 -1.105881527422257 0.7297227018106301 -0.018684984624099357 0.4428922365882602 0.07612160465321477 -0.2466745357423711 -0.8931687724329327 -0.33250085275197855 -1.320676919079518 -0.1146720880058314 -2.3232779980968385 -0.2795801247498836 1.1686038348080925 -0.550175051159479 -1.2350858451054292 0.14445561568689202 0.654172915701261 -0.10595083447112762 -1.0944950659027182 -0.5339420698601586 0.7430209479543837 -1.1650159526166393 0.7067936602357272 1.4145045842435942 -0.5081785229735685 0.12089491758859451 0.3685655624994272 1
0.8575453853182575 7.669144213357636 0.5195469471888534 -2.936932082812777 -0.38690427789977067 1.1329021460975564 -1.9690177603024386 -3.6411812431993895 -1.13314704860617 0.12690692883148497 2.8138261385688517 -2.2185260569106084 2.153999670676589 -2.284563074171775 -2.617426286320907 -2.0730710008615234 0.6011730265067897 -5.095287238158896 1.1474682687763549 -1.3340133671676757 -2.8032630575826083 -1.9065712080879356 0.5038120618583405 -1.2266054969785352 -1.7930720204986417 -0.8032001764611143 -0.1999584025632298 2.2978119139350586 -0.678156882510868 1.3561080520771756 -2.6510181044084167 -2.373851792754581 0.769959204579722 -0.8172050054738378 -0.08296715628262011 -0.049957728297167055 -1.6526374329794071 -2.4531654403885996 1.76222047632895 1.940796284153868 1.2196210105871972 -1.7279468529914945 0.009475913739844908 -0.3501498403814561 1.3518979197775762 -0.6165780761473412 -0.9800875387465677 0.42647449587163144 -2.489509304584468 1.8693217523650196 4
10.231036324495918 -12.946404557157795 -0.243915938402212 -2.2809117146752986 2.6904673029101067 7.241340418111203 -6.223763183829529 -0.0034282774944000556 -2.739390208544169 0.7039652736320471 2.8044613638756943 4.1360657503204745 1.1403360162105185 4.651027855817732 -1.8939684796766332 3.345153539961825 2.6247278345787106 -1.0491547345710874 3.0909119238683553 -1.784911013409817 0.9006758381702308 -1.1227835373853097 2.367733701051558 2.496004647557667 -2.8055481928811017 2.9493452133323506 -0.8352063960768186 -0.9241190231898467 1.303858853203709 -4.559179911130272 -2.8542969974199215 0.687191560632146 -1.1280793290171924 -0.4624669318562818 0.9615099730916724 -2.2303841486410483 0.39964496122982646 1.520886364275427 -2.1552100026127774 -2.946908576793866 -2.794001159237182 1.2865258652333815 -2.0303551156570325 -0.3379766552412032 1.9213234631200455 -1.5497587637883903 -0.3087736392653754 -1.6187710574006131 0.7043733731254275 0.20809581901391952 2
-1.3617939491792506 11.085678964571455 -9.200622522180426 0.36987650214190826 -1.7580724597687518 -3.9005534061341907 -10.14279171741192 9.03600246996957 -2.0698356411022263 -2.7376912267021054 2.3755954249883144 -10.077085792594147 -5.625066752716902 -1.7763264321954026 2.6539218109489724 1.9919913546674723 -0.05346801952892564 2.711959691256234 -2.0960503190431603 0.6582200695369367 -0.021008538021785827 -4.5659233959698335 -7.171385301266802 3.008959178391283 -1.0070945991820692 0.7772380530354348 0.7691072956267914 -6.2992930798331415 -0.6530639599044044 1.249052162636257 -4.15739313603332 -6.26687338545409 -0.5870278490254657 -1.0680910558686254 0.25143179428902057 -3.1030472437028878 4.217477345280372 -0.13076137950003502 -6.393987446747821 -0.8146390585688048 2.9550900177068478 1.7589687097027662 -2.007770642664883 -3.653451035962109 -6.528658265906623 -0.5060404353476191 -1.9534849853608198 3.396919512124577 -0.969092892167791 0.5779508133923064 7
8.095365029711944 -8.761837121575658 4.091056902873274 12.52948188828339 4.887190237326987 3.40977842036987 -7.197732614997829 1.4740054668942015 -7.212444288143845 3.6764184818493795 1.6247408874482017 -1.594448901272513 7.597041986218324 5.906977539908417 -1.9364631947365292 4.565327985889882 -5.106870311480657 2.358323033274812 0.9147856671718181 -1.9878433983054424 -2.720157055620872 -1.508354657305454 -0.18360903267736753 7.808194771494378 1.7050519428669613 -0.3917233032200692 -1.6679222253078985 0.8181875254481743 -4.0921289735353525 -0.3118215409457429 0.31001299448852154 -0.947948289555125 1.5979291319543254 -0.5356762517901177 -1.1033999227410753 -2.864394179115672 -1.312069872662634 -1.2696870276741896 -2.367208090984636 -1.037119693521739 -0.8225962766313006 0.9656011655007883 -0.39597063576397756 -0.3643008998645736 2.124765406167491 1.0402349881632094 2.365677624810257 -2.59672431731439 2.45428289289036 -2.141507163369158 3
7.4591212606628075 3.9367079160496488 4.93058479697076 -5.004260125902327 1.245136504450786 -4.496563884187878 0.3080363687412876 -1.184566553134063 -4.621059774679081 0.78650598633311 -2.9696104455200647 1.9600345298268862 -4.782632740708978 -0.9521052390542013 -0.8650352376720453 -1.0994692463346891 -2.857245754702548 0.13155513048112075 2.2929197671746837 0.3679481234024008 0.6636038089799248 -0.34024822744705785 -3.361420267879645 2.289803655378647 -1.298668312424295 -0.971399244105885 -4.772613916447802 0.7357272629227392 -1.2646799575866803 -1.7400924141327543 -0.07671916792536038 1.5931169644326997 -3.131051322081499 -0.10250287448850542 -0.20485341882854105 0.5264082065832835 -0.3853079037465427 0.560986832929527 1.644279705947514 0.37702597809784305 2.206797243889238 2.273614810496223 0.9415082574458822 -1.624250233734633 1.788731637168061 0.1663274448874901 -0.5037059821446789 0.7192314607442934 -1.7955729164585763 0.32281919455080765 6
-2.4200827653258785 -3.9640370652619517 -9.429156318846271 1.6423019571470643 -4.645346687091751 8.669371029443202 4.898144564263792 4.8284743201996925 -0.7729296653866164 2.392867658257633 -10.68463105928535 -7.537065570454168 1.7810297422384556 2.7703878400202426 -6.774813641292218 -7.927194322504211 -1.8561629001856792 -3.2158578616530193 -2.9673557125377785 5.593970950639373 1.4342918850143596 -3.536144676671781 -11.152561256158714 -2.270058589892361 -4.609310174738082 -3.295346764396435 5.753440543489579 -4.71944985043154 2.5896150504090154 -1.4315007673479416 -1.9585222771716957 7.164196002180514 -7.662004388351384 0.6353885086215406 1.44259011908531 4.147297686762304 4.438699617392934 -1.351003675476234 4.120027884078515 1.8168274790258816 -1.2073834780753328 0.8763771788340927 -3.1723819277984293 6.14344404190879 3.0078425767660897 1.2675781706391442 -0.18278885072879364 -0.536666921787168 -0.8840777231222096 -2.3830912200588776 7
-3.131135521620666 -3.4617825269401483 -2.158195645474488 5.254931693130565 1.680363115529422 -4.197215450309599 -0.22891013850426908 -4.755908571816574 1.3909743066460227 2.6859021316203138 0.5564332336216216 1.8656999318373146 -5.969702741315809 1.0595387295144243 0.703077185060395 4.912490845539988 -2.392624114788534 -1.3551250187246624 0.862043837875307 5.650301896113348 -1.717560938293131 1.3153490786292785 1.150937685900168 -3.1034652258153352 0.10272632510154436 1.6038255831734316 -0.21215174680674737 0.46881297803204824 -1.3608011153762887 2.2081246684915303 -0.4469963664423979 0.7548152811850791 0.9792916563816721 -0.956610331713329 -0.10078147911285906 1.224585234389069 2.2568383710611455 -0.23547682324255578 -0.6919505508432305 0.7294927018395039 -0.09192732195198956 0.9307211237590679 -0.5527824929835794 -0.9548701920809805 2.1295723225188197 -0.8498568640112162 -1.15478755797945 1.2953189701852474 -2.309003874982228 0.4235413344118071 5
1.8791626863364659 -11.293001433889398 -2.9932038287907723 1.8103250729380091 -1.8920023091791578 7.938476014269262 0.3754322916555103 -2.202137357906803 5.105305348121844 0.43609802776245843 -0.11988965818888224 -5.058774418379285 -0.9025852259276029 1.6754640092628035 0.8589809713692026 -2.041759112105737 2.3046804369959415 4.602325893281892 -0.7819650648898772 -2.3584727507541463 0.500833327744888 -0.6371481691515375 0.5436468485974084 2.876676122540882 2.338431509772172 -0.6053613639398503 0.09200363834539549 -0.2850468053319409 2.1478481983154767 -1.9123037114715746 0.8210411888069744 -1.8682034281862951 1.4016431139323529 -0.6383456976262862 1.9538803876990707 -1.657134067146545 0.16532008899057063 1.9753339712591074 -2.510651552767991 -2.095041457275438 -2.375473457473183 -0.7191563943996211 1.1759177951147521 0.8626595295524729 -1.2231394323698352 -0.70507968289215 -0.17081341409281084 -0.16028083484980898 3.3554364559140373 2.5358611947597867 8
2.296137297147138 5.006121978204165 -5.398909717609308 -2.807479850028519 4.211559651586451 2.6657107151245207 -4.947515690106886 -7.498292840432471 -3.3441847252840806 2.323857322232729 0.5816361909218009 -1.9112116152148206 -0.40702622908787606 -3.3288162609794107 -0.7296335890581936 0.5339608875822291 1.3484736226370087 -4.181586711247315 -1.0625673856693587 -0.8856004175920893 0.2588544139270253 -0.7380537888307529 -0.1531094245319578 1.403142168179533 -1.931245068554151 0.48924666235526104 -1.7783936532549458 -2.290560646995905 -1.7099908474872327 0.8826265159655251 1.4825512326400068 -0.887879659147668 -1.1115178390622502 -0.2948849988344349 0.38847230940013455 -0.13793994462988368 -1.9186863582550047 1.004863066023387 1.971103864085259 0.6438104784134875 1.2024002777674059 1.4864916586280936 1.8334596369990064 0.35630502114632073 -1.1153529499067756 -0.181292155447569 1.334655985560522 -0.24105861050362717 -0.3838594689759106 -1.6938578777296882 4
-4.514080184695296 -3.9957539170967764 -0.44917023772923176 -2.148898450818983 -4.984173252632167 0.7461881767428058 -1.2749573597859625 0.3394870677680133 3.670826580846949 2.796700655418947 2.147302690003342 -3.2314022257991764 0.06843302495729758 0.24321319412012146 3.322099719164416 -4.392653524475354 1.4611063165293188 0.8420668574556541 0.9599286724807378 -7.073055365766491 3.152040993941993 1.491933430892115 -1.3654408487067144 2.7594788722254537 2.277528731830207 0.7981678885429914 0.37137974817097774 0.3606414687364918 0.3047815322068484 -4.440630655971197 1.0528337357600541 1.7375437241351677 0.16561817724918493 1.2943474366419225 -1.3267482037940812 -1.6670032240681698 -0.5433365025353885 0.4354051330570223 -0.8109002384977897 -1.7408029162957392 -0.050455333558001136 1.6387170557856303 0.9326077421929969 1.125590756015361 0.060926950137971836 -0.3158539167656204 0.5691252268641692 -0.917073194208272 -2.0012500733454734 0.9264240884727936 5
3.710994277664057 2.8107076606958623 5.828491960462762 1.406993294247045 9.694846185928396 -2.9411403275844568 1.4190623157385347 0.2906795280335022 2.548721916267747 -2.3110882438011386 -3.8312283841531216 -0.9690341405545334 1.9977906618646313 4.289137777708907 1.524420972009489 1.4000747271262428 2.266720191796098 -0.7328135941340882 2.1355017926016227 -0.04915532046329776 1.3219483993013632 -0.32935782524187457 -1.560417003084439 0.29780098584990017 1.8317161051556015 1.174796481309119 1.0180271808789532 -1.2621165156573055 -0.33438832517651235 -0.5704254376472607 0.9220449662621331 -1.165693549072818 -0.23585282168741598 2.359498936857465 1.874636653550005 0.38118113519348445 -0.7190058296566584 -1.256164837208469 -1.9794638806144527 -1.2642127779537742 -0.8181930657543945 -0.11408302324178879 0.13949006829332863 0.9963622806066885 0.12720028240297235 -0.9441303658512654 0.2666034036675439 -1.2307489221220764 2.285795092962751 -1.4487404938968418 5
7.779450945043356 -8.715253793166132 -2.783426429531398 -4.019675661371281 -1.4503170001833683 6.267079293002086 -7.830153783500671 -2.2233505238723987 -1.3564388750391072 0.1839240569249271 2.5487589327546263 7.1029040231254505 5.6506662593004515 0.2954413713794333 0.9553576465224789 0.650360937355164 6.958162358480261 0.06650452252603879 2.6895427813236736 0.9999978826442296 6.221532241386736 -4.724193423831604 0.5734525282831062 -5.337125563882107 1.3067009403704728 3.9634488677426902 -0.4721985817751498 -1.7395643321177858 1.5595522400624204 0.404455201317827 -0.21097037467227323 4.9680340004318495 -1.1637737712299316 4.179335329922636 2.4474184088368696 2.7092258459993928 0.4329876588728587 0.9888114764785578 -0.514775204326605 -2.8683109956134496 1.487123877436733 -0.4573259344083579 -1.274807700654326 -1.4372875265647842 -3.4572566978595614 -2.7453288209117077 1.1978303414671962 -0.3172599572721783 -3.091729061757049 -0.7027273098575862 2
-6.217175211154804 -0.3532033687093714 0.4517884349139127 0.43093627409171237 -0.5261777609642068 6.502148721898674 2.6573415616243468 -1.8463459260555688 0.3387422225721668 -3.068651458925039 -3.164043478864797 -2.5707984845358878 3.9834827791328435 -0.3402883101089871 -2.0867516782960727 -0.6945550457907563 0.342965838069608 0.1925225452754467 0.37329615607015726 -0.06828657529925776 0.5765336981760499 0.024600196187766505 0.2629989860845635 -4.145801764000862 0.8579841397200755 1.648794062668856 -1.0570670012451313 0.3781149832026255 -1.4195861298225132 0.11259101920150429 -0.22352356182539254 -1.005280724678979 -0.9334611581678124 0.8513673319101046 1.1885681283807203 -2.438660949397982 0.4155091895233192 1.0102788869681103 -1.820311812195838 -0.05869389919588719 -0.26147767504941566 -0.40121325814732683 1.2413354233647411 -1.3273398886758179 0.6470368834451148 -0.06947329188610987 -0.2705522169955105 -1.410773039878287 1.3535769865648135 -0.3361079204722134 7
-5.989067950058226 -4.367419302712022 5.2962358372327385 0.37095843638601417 -5.63641944881749 1.8222763239464994 -3.6334987571111905 -3.765836998384781 -0.0055704366804596415 -3.215599948504831 -0.5052328608137475 -4.178642594214524 0.5008314279389603 -3.8841625360010577 -1.5424751358714162 1.5035884421648362 0.00795369778370596 1.1515403377940643 -0.5169548137889662 -1.111246965535385 -2.609705616182362 -0.9046312521011617 -1.7732369192702988 -0.9718764353631208 1.3935149465983783 0.40085516417183803 -0.9521005098910774 -0.48778604087110794 -0.4638372669434306 -0.15395268292321437 0.04848499692495986 -0.6404835205665057 -0.8157979702404262 -2.5931975596605334 -0.9084763270935519 1.2685170325159727 0.7662307533374678 1.3066618724508186 0.5375019127792533 0.43711670113270884 -0.4967693827773832 -1.003822918302177 0.36606938963187746 0.22240249763026235 0.23435163930869005 0.44167531106427543 0.4305280628087886 0.14375929809643495 0.2693149065889619 0.41591735520683704 1
-7.820600065160045 -3.3615965050431162 5.139862746349731 -0.9796519286258909 -3.988105122515388 -1.4922001846463382 1.7692076157562564 1.363998516727711 3.213362517554564 -4.68185491911975 -1.0327471308709568 1.2925321623818404 2.4596609360340977 2.1891869219055193 2.0083801684433067 -0.3064293435829139 1.7925511473960607 -1.1316546609654132 0.6867381539401176 1.2620538118402975 -1.0742721619961095 -1.1972851688571569 1.8346268127907992 1.9930516700809515 -2.50152508758716 -0.16891205928683975 -0.9627316306266062 -1.3806664286789 -0.9619985056401044 0.29016465316511686 0.029654888856992294 -0.3898558178722496 -0.5317852191190927 0.8397237479655058 1.2834391526467392 0.08712405097188934 0.9081767866927762 -0.03875821221573965 -0.3516397982857452 -0.714916681798248 0.6405493863244515 0.48546206516657836 0.8000761645698165 0.7227546275079293 -0.7607386129743633 -0.4561363641093731 -0.2378971560725245 0.49253065060922796 0.7967237145867094 -0.368310709111075 1
-3.2504468088884537 -5.50097414497164 -3.0126416931126223 -3.3951901322646845 -2.7646785659025146 1.126118787976628 0.2842145002761798 0.3678564126557975 8.283822748541398 4.279925317334653 2.145312988892206 -5.3583089890205295 -1.9238813777980857 -0.06550423094546633 5.376969569581349 -7.458071613293143 2.5180357765050827 2.1474832354674738 1.0747482833086777 -10.124698864700408 4.0466358665740625 1.752730298618735 -2.269567628242969 5.204078009513415 5.659165339969331 -0.5571194205474723 -1.3165316928116384 3.2604474396238565 -0.4847464807358329 -4.239971297877768 0.27190199804665033 4.792196484305954 0.2984315137700909 -0.04075029806754491 -2.67112065802912 -3.8921234201636 -2.0720329749029753 -3.071067809362341 -1.713085096220322 -2.7984792177313373 2.301127077071692 -1.4623626138019516 1.8661633754626739 3.693874475745908 -2.2998702208567607 1.8926263150598353 1.0790412269523273 0.03607924502521717 -3.3446313608288922 -1.194043270256564 5
-6.379684174718359 -1.5493550889748657 2.195316792421652 -5.131554967844711 -1.0838745271766934 -3.264832282640793 -2.378270726968523 0.6381059164042471 -0.0979388779024861 0.3460209004982442 -0.31665936100100184 0.6393329638842222 -1.367785877497279 3.2213982714298632 0.5237506461843405 0.00788242369164513 0.4153064689360239 -1.829467885069212 -1.427749142713995 -0.22908219236874763 0.9885609523707645 1.9277414127924497 -1.4219354375169289 -0.38970588991345445 -0.4548140063438033 -0.1357848051851184 -2.4086154581323136 -0.4351251140997112 0.48649703496231333 0.9781829875543462 0.15918134994455732 -0.6602596142942786 -0.03076806528268467 -0.08382234603514581 0.22573231335699187 0.49729520942513966 0.2952933396027988 0.9427522644120112 0.8611659629584896 0.7012731319971112 -1.4932553975320535 0.3152827702664643 2.267966055258337 -0.5783094732757896 0.48607343732882385 1.431999702434795 1.2369342431432937 1.8744594861332138 -0.8486327442333749 0.4398139105972837 6
-0.2586387862772129 -8.981848290674503 -2.443945423239424 3.1502278241940624 0.19064366521779294 5.448050563558794 4.396413571603346 -2.144259290281405 2.9104086048557867 -2.1682230956360775 -2.7911297253411766 -1.6186995577778895 -2.1990611061636343 2.8388874698823825 2.440223170586856 2.530413300931261 3.6442809072955433 0.8093512544463086 -3.4020503054275864 -0.6801492460625606 0.7379018478811613 1.883218740623219 1.0988797612217407 1.4067110074078415 0.6302436054951379 2.889216541111112 1.5085088381892593 -1.371194705256318 1.9559253676775648 -1.2017360763160754 2.3546581946676057 -0.1069526975734397 2.2316123118749798 -1.786160942339661 1.3835946919231377 -0.18990654208382424 0.21063116112314198 0.542498170893457 -1.5681761058674641 0.7741954961723415 -0.46178158259148616 -1.4322398298556525 0.3503153967457832 0.7037625683781474 -1.172637093706901 -0.9937207061273543 -1.209885320015668 0.35981157317558643 0.06427258781820405 2.9632992714653374 8
7.717168354500436 13.53947445955451 7.853064313619251 7.299135186837016 -3.2251637796765555 1.5060863133899312 -3.0173811286565093 2.7137367756219355 6.234562390374249 1.8464646641227573 -4.2980000326898375 4.336695331989839 -1.9225933384871643 0.8225821910184916 -1.1689781710749807 5.892431807793018 1.1853793095295395 1.2739896324534774 0.6940030995591151 -1.6904783290287557 3.933615390897453 0.2749306322794505 -2.950932800723276 0.5986616034374144 -2.689393092777568 -0.09285580220766733 0.1510093405279759 1.6277747293621563 1.137049145129139 -2.3561583819740903 -3.374867039249505 -0.5948148278219377 5.650664621881882 -3.0431273253124385 -1.0593346700318338 0.2467678492864445 4.121870442582784 -0.48681923673848715 -4.218799276750124 0.6152915504010987 0.7073184186666338 -1.826829615468594 -1.9442493215907968 1.9008980486262783 -1.616018260074025 -0.7378204333654553 -2.835005215127689 0.4974446061017889 -1.614135572311652 1.4199432132113379 5
-0.7401129514010424 -8.473544763888695 -3.0784278779198626 5.815095706495059 2.135295381978762 6.596177320552762 5.547166384807989 -4.477065333828732 2.558843163229567 -1.4256448731967564 -1.7209727603325755 -2.6241291775767555 -2.6543676944861456 3.312725985635857 3.7491495849419034 3.0067919860758456 2.676559281501874 2.4716136889436786 -2.120913360109883 -0.07253042664722943 -0.306878227411466 1.456566500508029 0.22371723643846464 0.5696004767164594 1.3213959116375407 1.4241288300578134 -0.03543288489640762 -0.5824145933095507 1.5107494824458314 -1.67404666237319 0.575783412264309 0.7257390287193549 0.9440985734417067 -1.7696390522316485 0.03051808741779529 1.199999334974421 -2.3568249645215547 0.08044025186481205 -0.8766841326124472 1.492289414440778 -0.6068445436168445 -1.7940418963757605 -0.5925548005988367 0.07426187437947337 -1.945958627916215 1.0172719231803082 -1.7193370652406035 0.6955572399980936 0.11398007304106066 1.7076150121966764 8
7.22837409028021 5.0938313555437045 -3.9067397220766877 -3.068963051782339 1.8906241744345202 0.6286564374937299 -5.796528591223902 -7.119521628762746 -1.4159908050022778 1.804739632867766 -3.2928846190197376 2.2012979236075485 4.653517882385426 -5.269264363204834 -0.7283132709090464 0.6719533988724702 0.623953825059269 -0.08198654197356434 0.5182029825191038 -1.7524072237851382 0.6877264051238831 -0.5290377371618727 -0.6581023145898593 0.39252253866163905 -1.0289753845758187 0.7012359015496434 -2.8132574634304994 0.5354219171154737 1.0365051015907105 0.7183931055690052 1.6938501586203591 0.2880994200538971 -2.553776320418135 1.9497506714092585 0.6510473860185787 2.3698172277945107 -0.019588319902958725 0.7055159158463834 0.4733595400146662 -0.427627317326738 1.1384603965604105 1.035930512355697 0.3815228030815256 0.7293172312629056 -0.9744728913726209 1.65365303241147 1.307264430181469 -0.8237526655183617 0.5873609952409534 -1.5112958127222136 4
8.73667891898535 -10.815440208008763 -3.364519067264637 3.61537358722286 3.5306205599186917 -0.8707768171631467 -5.187999549437542 4.960695024779381 1.2864266653219298 2.5902731515608726 -1.357130892308919 0.34483189275720494 -1.7851765199694405 -4.669602782020814 -2.7915601568080852 1.5010186370241194 -2.3872337632924916 -2.081304010640482 -2.0271638596626573 -0.8926391255335031 -1.15065134539442 -2.296234580567226 2.1154205397382118 0.41993399643082313 -1.0379177682188228 0.49185555600679903 0.759606185113005 -1.791949182833587 1.0656482378135814 -1.2860217453833138 0.5090586551971888 -0.5619026991380855 1.2712144923455972 -2.533328730039829 1.005688785482564 -1.08311218180567 0.7766034753679486 -0.04412403277741382 1.388862517422323 -0.9647863932009 0.35963893174266826 -0.5261746761547209 0.07906972192756247 1.265203627779815 -1.7224769266386286 -1.0751131199134012 2.505631678422144 -1.7774603246607417 0.8188145581055049 -0.7462665999170909 0
-3.579207773814645 1.5798133986304286 -8.892749559416346 -0.08568955679661193 -3.858133921262548 3.3121158218779074 5.1556110287717685 5.080651893831471 -4.359010351196731 0.9096577931560653 -4.140987565552315 3.547509163202084 -1.39016020788933 -0.7935977867112687 -1.1238979527310469 -0.374975329575005 -0.9588278226631256 -3.637617577281782 1.5327169297158083 0.11738155663857373 1.451977945332363 -0.3055149608847424 1.9969745021183127 1.231101422163148 3.097610777438362 1.5827841865809997 -1.7574847398163904 1.4577374251281279 0.40361833202306535 -0.016171582075633115 1.849460362070801 -0.4494005533293667 0.252831855587778 0.456547813931807 -0.2694655074356137 -1.0045151966509782 0.7677499927024937 4.34881779074563 0.07352876386749545 -2.3470691521610094 -1.514405843347822 0.33021183144385535 0.9171282446942791 -1.1842390783815646 0.6800338850393073 -0.6618011930028463 0.25795390993285433 -0.030274999154118312 -0.38226425886964766 1.1489924850584674 7
1.687852659894158 -1.2833382002078315 -8.941503275339915 -2.1843627623879867 -0.7644567434392572 2.6749966885029943 2.9728444715558267 -1.9535475163936382 -2.830197033331188 0.1200397159340294 0.46421324939963227 5.6364688046503595 -1.327893847963669 -0.4068379947034397 1.1626282703770194 1.3023074402803898 2.46140514715053 -1.9502167974725333 -2.120789112247199 0.8573849975069994 0.4186369991924091 -0.24169127974315113 2.9417876766712907 0.2587985113330727 -0.9045401763267531 -0.04559333890078724 -0.4748648596626848 0.26592303698575454 -0.11973502993950884 0.05988031157706213 2.9793458955392236 0.3209620066734639 -0.9385086111854685 1.316087246975213 0.7170603361846435 1.2599356387091571 -1.7441510751338842 3.273309586784875 -0.8840512227506632 0.5432997314882615 0.4181845732545548 0.8410834906885356 0.8171821063477389 0.0724474855681006 -1.0229045640984296 -0.6189790769444666 -2.07391758275825 -0.44291232710766026 -0.534279035621886 0.8571274656761272 9
1.2896324740257985 -0.39450929932038487 -8.917149950862134 -0.23400455730668349 6.65105198906241 0.3012923432143219 4.557796927240367 1.3715827522689732 -0.46445748104890394 1.7172894859442325 -3.4091303841352105 2.87334699391316 1.1726417690112783 0.4262919895028123 0.730196137870255 0.830684834140255 0.52164193561387 -1.8541819078232504 -1.9793606068441139 0.38619337432522266 -0.48971191465410496 -1.0236006460518288 3.0525539133651645 0.1487087471052379 -1.303949423782145 3.528866412709138 -1.9746744002732246 1.0983479936537774 -1.62207325762286 0.30707684063861973 1.2013170139339961 1.6273512725083228 -0.4354624195602486 -1.906654874290288 -0.7711301176147244 -0.44946397345035494 1.7912870372454408 1.315729315699734 -0.6933908630586784 -1.2209365284868179 -1.5254592548694232 -1.2523047438568202 0.8489374608954169 -0.649918506231189 -0.3671590800873878 -0.1919535762469499 -0.6112705003752854 1.1273306119253275 0.3725410766119027 -0.16498225237352698 9
5.0094660353774145 -9.749675265572082 -4.535954333907982 -1.0701035270735366 -1.8456916972753554 5.404483158975081 -6.847150280097424 -2.4475699295309026 1.0783545432667891 4.606058074757435 3.3450291645394072 2.3499950731148402 1.4818672946535567 4.626021484007675 -0.7818018483872298 -1.6504710766963493 3.357011054281945 0.6509748285845667 2.878463225365872 1.34571430367413 1.2828100898667227 -2.8183445688220448 2.280672384205416 -2.4252138871621063 0.4989024462662329 2.7029368300574874 -0.6709888471723625 0.04751264864095703 1.9487434079555024 0.27400798817165867 -1.1488392144399138 -2.0279370116484925 -2.4315280053300428 1.2923407486226135 0.8166141834723557 0.20435437603354262 2.374538251238619 2.500003469431011 -3.39200395199264 -1.6229665709286274 -3.109808337033376 0.7668684364694803 -0.10766985531056004 0.7547326702334928 -0.1549972498342471 -1.7950375505370588 0.9826242470526418 -0.5214161965325846 2.0420814041611624 -0.370040915359646 2
-2.093861060162459 6.900819200083216 -3.7426840247874624 -1.433342089090329 3.112602914322313 -2.9703863072278076 -5.612568097152806 -6.429772414348577 0.20429840284446535 0.33124959025627937 1.8283343967199321 -3.2480747437729325 2.962900301448648 -1.7736342804511325 -3.5231559875609166 -5.230172261749809 -1.5097250315813386 1.9023716491136058 0.1455367105211342 3.596718449632617 1.028213136191068 2.5783827318996746 2.6571723569131174 1.537939006964272 -2.5461164161641325 1.2674748688356745 -3.2353466636891306 -1.4904782735586841 -1.2110670869076812 -1.758188284997574 3.3741560311271925 0.4196200155009537 2.357356498773287 -0.3386119483195652 2.6262075070051716 -1.364263215825104 -1.742938918528427 1.7417702653707436 1.5109338856463688 -2.346748329335667 -1.390495090128446 -0.26251398601811926 -0.591448504485852 0.16237982536994028 -0.4752622061738193 -0.7982923534940564 -3.332165205534695 0.32710291429706395 -0.9268337348460669 0.2426514132125753 9
-4.351901274217631 2.264289178776619 -5.087038503139652 -1.643586665187814 -2.452389342719407 0.2427312037444905 -8.116474426853234 9.62711792718139 -1.942785263375326 0.4887403861596477 -4.498003712245011 -7.568845422616628 -1.9367797485295093 -1.3039867068489488 6.103839839300179 6.178835401413574 0.41126726558670684 8.603382404168341 0.5913406621622269 1.6032214199823875 8.93782970391896 -2.5495047451321704 5.023932482794592 5.972058127136134 -5.111581432306115 7.869834275083619 5.048329321710408 4.906778956954358 -6.07836657567301 1.524774925975731 -7.4071459733450045 4.560998469367782 -1.9424550020437064 5.433822144188798 -1.275424601410582 2.1785208280071986 0.22093659765332446 0.2553148089538811 -1.5508254476221797 7.757007636130513 -4.472217952858012 -3.6416849607730577 -0.9959412672153608 1.6606281143771249 -0.7686508660815634 -2.854300387336214 -1.6593081445666265 -0.49849390775988583 -8.424764088084734 -2.697946448448882 7
1.674526863308994 5.915470873337746 -4.003481912399161 2.719341054773687 -1.3982276793361488 2.5410196259236133 2.8030887235102835 10.842049814818617 -1.0729751468313964 2.410871231846297 -3.3328721326628488 2.148339614126362 -0.028146411134378733 1.7899985618431025 -4.8283702149919625 1.8089111501778563 3.9094469267212175 -3.6527264394780006 0.681858815427071 -5.266554692248666 -3.7261773771214957 -0.6088769012583867 3.984677386951602 -6.354158222728883 1.4419638710055864 1.1905793519545749 -2.8392818290250155 2.234015194808563 -3.147318453321229 -0.9604254213005113 1.329752284366171 1.595191692620953 4.594734884062647 -2.6567531356836023 -0.7097471903966156 -0.587432811518011 0.38484350405409895 -0.40476903105265977 1.4914343668407144 -0.9657918320934873 -3.646705786815497 -0.06338426898245443 1.3926976082135392 -0.6711269607051071 0.4946771593671445 -0.5737953418493563 1.1571280138935323 -0.060241343155729064 0.9759101436639559 -2.3911659735114283 7
-1.7014531401322581 -5.058352254959291 0.6551167305613868 -2.4048470863038136 -5.651749454819714 3.511646273318333 -2.8796813661362237 -2.250767327491237 1.0951371914532881 0.497897017865245 1.278575730764735 -4.0797088608168846 -0.4812075653970172 -0.7971173592866255 1.727592489029322 -2.347167869791954 3.678309546193034 2.3654378336813977 -0.8949026668208888 -5.747724484637065 1.9767332615931437 -1.5875343991287394 0.19630246327046846 1.603990757039123 2.7176083816266328 -0.2626975095892054 0.9187956777477342 -2.8529144116469207 0.47707609917141414 -3.549107844456687 1.8242332519772884 -1.4361611663908154 0.2826556792216862 2.2145063372941056 0.43128921972817214 -1.5093817304800083 -1.5976756380584645 2.331560800074591 -0.5365717192733727 -0.2715026072435713 -2.653479786446334 2.1079176271256883 1.0913243606431366 -0.03539720134677345 0.4726761483485005 -0.5411991736373462 -1.3380123100248762 -0.49854925832871877 1.4336685830056979 0.36281365764275 8
-7.421445657568234 3.5271996435608304 -0.6064324693152843 0.8813285653315894 -2.668913102184202 -2.107502035940765 1.9571463407101088 0.2756123916782514 -1.7767844619046553 -1.959905805815125 4.64022231884591 1.8294371904866074 0.055464112313496385 2.262771929972963 -0.9085909461402217 -0.6678639113541067 1.017891379897973 0.14386001173349172 0.4457071878546569 0.49548529472791125 -3.353561734341976 -1.4002154388576398 -0.18914116085242277 -1.0330018928122953 -0.2749939286908365 -0.6984835898032496 1.2804654385796823 1.3081138000991466 0.9784443944196879 -1.882904069056253 -2.1132431313461866 1.5190422495056817 1.0921726539657484 -0.42065200472206055 1.52610957750148 -1.0937257103681293 0.3050179119435423 -1.0451376991329298 -0.06618770529705195 0.2797733394780128 -0.19525333733798322 -0.030311275668407633 -0.7320317839845362 -0.7873330376220066 0.4801398520608391 -0.05600282842508596 0.9313732953779668 -2.0345693475168 -0.5713804535501513 1.0435834715205625 7
-0.9759419380317244 -3.23950612100183 -6.556988412806694 -4.698971617134167 -1.748499330766515 0.6576403603499219 -0.3772678250279845 -2.6814539648958617 3.754260038347765 7.1206709645206585 -2.8916296068368 0.9974948358721126 -0.08385116239709235 0.3541506594202803 2.7393547640545584 -0.9323379021340712 1.636540521401269 -0.2538394758362056 2.3399468439714233 -1.258580390513278 2.5673517632123555 0.19395198457046525 -0.3955803002337564 -0.03863112835578703 -2.7785110289704082 0.5675622689883596 -2.3333432599415653 0.20541595305227195 -0.841624179963791 0.9048118116163321 -1.5464499244794037 0.743470326924631 -0.1977573493578494 1.6279938106467116 -0.1252270678446917 1.145873539927853 -0.21491936534752878 -1.3614163473510397 -3.9160950233982113 -0.45627668321749926 0.06745256560476924 -0.05156218077167722 -0.2707380816373098 0.3431978668003318 -1.2521878176873906 -2.007010386487139 -1.4073489806915893 0.5988729488543499 3.5018673023552687 -0.12200080277092543 4
-2.209456742859273 -0.6190238197633974 9.111133137560454 2.286901450271587 -1.8120909273287877 -1.6980825396813826 -0.0805902066527651 -2.3330948609866824 -3.782600315162617 -2.6711879354357184 -1.7865589154296897 -2.1515860625366754 -1.167268027753887 -2.7922689563266436 2.624394206951982 1.0263552912456226 1.010494289192575 0.1936836442962021 0.20956968202303788 -1.1034462750371217 -1.2669538628214534 0.5159385045565259 -1.240481675350357 0.2087268137881172 0.5631146591555397 -0.716008924390512 -1.554313479138603 0.026980860653288738 -0.8763214034594661 2.0994071816895064 0.8966116512822896 0.375103404112517 -2.553438031831282 -0.5662943260018237 -0.854143310497031 0.43444523871692764 -0.1466696381616613 -1.568239579787867 1.0213344982465604 -0.3604649459346577 -1.1106184623809117 -0.6657126363998135 1.0900499592950432 -0.22497637134570755 0.6646387821208923 -0.1432281258330837 0.06712207064761495 0.7429672369375675 0.7950324989109773 -1.136430259841576 2
-4.457745516290025 -3.857229383636332 2.135830118972438 -5.126909667760797 -1.0243521514849852 1.8910238466913067 -4.434003052845464 0.573910402160563 1.285973857837974 -0.57302633751461 -0.41739054656380953 -0.3969641889011906 -0.9539905939982375 -3.2382131466788264 -3.1304199422757653 1.509187624982463 -0.23629897368271027 -4.393331612150629 2.4644133109352593 -1.0932862232548106 0.2671114875760582 -1.0839523715015849 -2.060808080755609 0.6903968529570881 1.1135186479105275 1.1786757643713428 3.890652952150961 0.6674396189562534 -0.6330642095690506 -1.9875245423327608 0.7477269358503158 1.2437200272530218 -0.29568635607318366 -0.31811501886093335 -1.6565622914839755 -0.83488594735026 -0.2807568226588052 2.2208136478376352 -1.5305640883017688 0.08688334073595572 1.5700464941298133 -1.6046601062862575 -0.8423308605274612 0.5386245368724751 0.027557775417360254 -1.9277615573267546 -0.2151319491700718 -1.5302857064861082 1.457691666673639 0.33361204381368054 6
-0.8556526985225046 5.952219708341999 -4.2235127196739235 -2.9003145019774257 5.860402319016535 1.087139620420045 -2.8370767038585196 -5.271867391241354 -1.4161769752508169 -0.1234150223326864 -0.7466864967698704 -0.9252948695900551 -0.01678854143126071 -1.157875428336377 -4.221388679516671 -5.910659712623764 0.8428305206753206 -0.08023502164600953 -0.15588414584866753 3.7125419093885643 1.1446501299002219 1.7170290461852846 3.278094545412836 0.7893117178270186 -0.2676565264659312 -1.0483101288003334 0.6296476247348457 1.1084604718908166 -1.4926111871844765 0.11756380167866765 0.8566369178704282 -1.114485785821793 1.9930649273489904 -0.6752537665732876 -0.6472588398512378 0.805700844863984 -0.0966980857442058 0.09833492508376285 0.34273463607042637 -0.932243389987466 0.5805823237380594 -0.8955426509581472 0.2296894616808699 1.8602599543595189 0.5525633267483105 -0.06813078957683165 -2.472537300514058 0.8326062068703398 -0.028823915122634103 -0.8255504600786061 9
-6.643306393858999 -2.2791412396771915 3.83763773855431 -0.9935454960838609 -6.176691003851682 -0.40402567187493565 -3.585901222990016 -3.6014099051428214 -1.6460027568550475 -0.7767658764872564 -1.3064443242638704 -2.5769044623791397 -0.4010573599265446 -2.824690004469041 -1.8910278126896403 1.1428061466276929 -0.005871018318337348 1.1655725147945928 -0.7505917033702293 -0.8134609088234717 -2.0724033389752954 -0.5092766471286659 -1.4422676830814039 -1.2741230517068989 1.2641313839545478 0.6231232738592327 -0.7088509069615168 0.12394511613024718 -0.3894513214517005 -0.26624576570483316 -0.1913311985040216 -0.4106009005178648 -0.4749871621380986 -1.9924341701174157 -0.6254239301023938 1.0609088394865616 0.6202981548341202 0.5260336616138105 -0.0969005348410676 0.6306776352727462 -0.7196643724622879 -0.9186089344569831 0.04692806041054531 0.33599368325615075 -0.09525157254611477 0.43690931152445706 -0.05778804358322025 0.20489794770403888 0.4661346735351799 0.27822347519290735 1
3.768382768742799 3.1909606493109948 -14.159923139346205 1.9109957164832947 -5.1579973599275055 2.466724171973729 4.1949918165379545 13.463708920221753 0.9204548707438923 -1.5967067402047472 -10.035412898735254 -5.345871789519391 5.790038048922708 -3.095127767376883 3.976184283153125 -2.22809191599174 -4.108569101260668 -6.472728989485143 1.2367951466061826 1.1800800208278417 2.3276550404798186 -1.4549081239824628 -6.712524069523212 2.062669585608173 -0.5902325562545899 5.199291209188437 -1.569598141301406 -8.763747947437587 -3.8949974636921443 -0.5311747570863738 3.367927932890913 -5.160059491294465 -3.9432955785137938 -5.589225051349358 -6.286759202905418 -7.698280691825348 0.36611379928777266 -3.7855533470815836 6.544278658804538 1.386553095951805 -3.7142580220256542 7.014540868977962 -1.3677968489867833 -6.460871744807748 11.071205674163373 5.745207039722249 -10.925400617912054 -1.9673117565248888 -8.613689850075225 4.822988512081447 7
-0.5113476903990546 -7.100777269260261 -0.4139584940090078 -2.5018534209353103 0.46941003838795947 3.957404495316578 -4.187699505936593 3.515664248764705 0.28947959524092476 -0.5587538232628937 0.7125172364296334 1.022445542360744 -1.1330715769030713 -4.737908282715365 -4.353986516795236 -1.7799085023437997 -1.5872564414280028 -1.2048932738224598 0.1806017093949343 -2.7068791334857054 3.7926565727975685 0.20155637214732883 -0.6056928099994989 1.948397839955626 0.15308690363755412 -1.6132871649893104 1.5036625970199289 0.6462620537085082 3.082983679177212 -1.023822944975767 -3.052491556257255 -0.6848819093872726 1.3734551260084886 0.3718924338715035 -0.6827585497775567 -0.15067511376441342 -0.6840542892565362 1.9981131904249714 -0.5550158332801217 -0.427613942558 2.9309701449070924 0.7767783662321538 -1.123052964661274 0.5725314145538127 1.8140092615660968 -1.1860466659011302 1.7815463145811805 0.5614395420891566 0.8147557142029294 -0.8521849619945708 0
10.57022241442257 2.807413770538081 0.1703525125071487 -15.38208876796632 8.785096051479513 -1.3720132485411949 2.149323896112797 -3.0919578613786025 -0.3299081996445201 -3.7711776110221873 -3.0856485731038266 -1.1966792274895088 6.05803651110542 8.18608973890225 0.33651972000298996 3.9358859221192932 0.6473606575746995 0.7267944581196916 1.1248650252257126 -2.908083661704735 -1.7042633384199535 1.7364283936653857 -2.8074812799440103 -3.499401434913482 -3.0195892038795313 -1.337135328632318 -8.017404410249075 0.26829299864111644 -1.565922360788689 -4.255669087529523 -4.829363960504765 -5.470917535754869 0.6579343152560307 4.772460924002987 1.6406466321786268 1.2818799286970155 -1.4852999061993017 3.2794071635926074 1.8923673566652828 7.400579974221618 0.4587045786918867 1.8929997783283692 1.7432397691476154 -4.164790105670063 1.0343121682254417 8.702761452560974 1.6914922429380406 6.638579880730653 -9.560503614761123 7.899852948599144 6
-5.0140239710256385 -2.1177398710151643 -3.9378597135141016 -3.4021290815777663 1.5631298456346934 2.0962762825853734 0.25251405093324386 -1.9384319202596418 0.5802734917969298 3.5094588440934786 -1.2046138054252509 2.4929124502547655 -0.4315910011455012 -1.683787162056992 -0.6734796466836135 3.011476184413883 -0.6916165920695727 2.1214451265169894 0.14913455640265122 -0.8717968320111626 2.7328822629443468 1.5185919731938187 1.1869067632528392 0.5590534363027291 -0.8981424438360305 -0.35288043068110186 0.9829962144684588 0.14135921279777774 0.7557744572624525 1.1737841279774615 0.9506055343455379 -1.6914632416305198 0.8959872509152712 0.7074686299515235 -0.47471110488510954 -0.5381749496722288 -0.7757721760060659 -4.008197394222213 1.039989827007584 -0.6783202999908241 0.11675379550946044 -0.25501496917025324 -0.7459787869738295 0.9163063330984094 -0.5350797244759705 -1.3554973222971483 1.1618118422833452 -1.326289948293892 -0.3371036314542457 -0.6122594537622554 4
1.8568923863607625 -4.813190960344978 0.879897213861934 6.538190799629694 1.7188057997275616 6.474165415142821 4.017009094393114 -3.410330478054653 -3.2124553284988187 -6.0579352848353265 -2.300846073616371 -3.691542754932585 -2.4917246882645867 1.1272264871740876 0.6935147054253605 1.9031766202477685 1.5123587418200062 -0.315202961463844 -0.1847603668901608 3.8890424543147675 -3.0240828906798973 2.204404847538602 -0.7375674525954117 0.2474433599889818 1.1354946089936846 0.2438927599007755 -0.2978130647511949 -1.470649207617852 -0.1059854756040382 -0.4651113087686731 0.6357781158324063 0.9091927714248101 -0.3613264794504693 -1.589024787012685 2.597808433426091 0.026472335073793454 -2.0068750032755562 0.2096515521291573 0.05003275854336818 0.3371771859470589 0.32169979541420013 -0.3768623302338742 0.5577187837763933 0.2318219325336044 -2.120560709969169 0.5997325963578356 1.3044926060125985 -0.31444867979315355 0.5753295701159402 -0.7312740167180737 2
-4.4279887075776365 -3.264345506406191 -0.9723566281327329 -4.280257011324653 -4.49192316932054 -1.71160649513025 -1.0157727942419377 -0.36991608643146423 3.9291382066502463 3.074907734049429 -0.6480508984449366 -2.1354682198424966 -0.9904810766191934 -0.4862217511731689 1.1321074001856628 -3.187926377854441 1.680430919926932 2.5340430363960893 0.15381195663040872 -5.187477191223555 2.9984692759266527 -0.25647091530524846 -1.2043547499403167 2.7496723234202816 2.4327911659511954 0.32334104794505114 1.8262916437237935 0.26514735964913366 0.06020727781985238 -2.432818264864598 0.8018984056478894 -0.05607342910287499 1.6045837342571112 1.168065205588578 -2.4326739265753243 -0.43162766681451437 -0.8544791880677123 -2.0762230170953275 -0.8328274621321001 -0.49162130210519417 0.13827129560150425 0.7250813053938513 0.45674030035475693 1.1875192883876948 -0.6126493556346526 -0.023591562003916114 0.817888767114287 0.16161353402441786 -1.293375456687137 -0.038828771856001885 5
-5.666763843217635 -2.1430367982622136 -0.5816102336994643 0.7393812266762293 -1.1053788916385985 7.431947354940077 3.11880889210015 -1.3635345787095903 0.4799272081581133 -4.365869249824052 -3.157207323943053 -2.0396066637697605 3.3738079382977366 -1.1004765722966767 -2.3432899677057657 -1.0176385648129835 0.8488584749085318 0.11019373689867869 -0.4218534494230814 1.2754624416866407 0.058808195906384836 -0.43582645726324093 1.2344863978676401 -4.193053788892772 0.6342091973704986 0.8085254119295996 -1.16029684748254 0.5712709862208406 -1.5335937608961023 1.8113896624769217 -0.04672198107175646 -1.2735318321003268 -1.0099236886977803 0.1997230018862107 -0.504010168950004 -2.412126230472945 0.3456616253167232 0.12938639285280396 -0.10774888392985557 -0.023119301239654923 -0.07295046758943372 0.3001991139131331 0.9708384792244371 -1.2533896317011117 -0.3129914620780003 0.7712057611486051 0.8267290477772709 -1.905501419941305 -0.05446135135756774 -0.3688184541754691 7
9.188859188812637 -10.032043156608903 -6.362461261409438 0.7248544980080187 3.275249575118129 1.1760653272300086 -2.49435514557362 3.1650492118313127 -2.0113544121112863 1.192881560591505 -1.2157622856993442 3.439725625983873 -2.0655724998772866 -3.0403823074611984 -2.195132261731232 -1.4756355183250394 -1.0594782441299042 -0.8860165824911965 -1.2651878570490547 0.627165715929482 0.09462343178110552 0.6744996065076276 2.374366735511781 0.7318351224127819 -4.2020473850935955 1.1453295298870334 -0.7092234322478297 -1.8819262138557633 -0.33325604017272376 -2.2299051046465697 -2.4008338487760246 0.23230157018148437 1.319686781931892 -2.6017788985927535 -0.6905593331784573 2.7354430765712414 1.0196594844884248 -0.10972452582122552 -1.209317110165383 -0.6031039245147638 1.4293188162459318 1.4925563405231963 -0.024040896452157182 1.236090509153209 -3.2258821522018715 0.10436436584224856 1.1093113910826373 0.5747513567239539 0.15477297531537934 -0.809069172846057 0
-3.696139202978423 2.8531295754959776 -3.9865781114425825 0.7648767779921655 2.117778790566651 5.0968785384594835 5.571017358927721 3.003663037645726 0.12169437015951592 -6.669596612404236 2.7336359995809167 0.943180486447882 2.602594886428873 0.6450962587881048 -0.3595096358428927 0.8280258664401141 0.5357833916769997 -1.4919067172845355 1.611941809815997 -0.1549031305265156 -4.102346887823096 -0.8055125778323978 2.2017529349497145 -1.3208649481087205 1.5580037684204875 -1.0335636153549788 -0.7165552315873598 1.6344766002027307 -1.0431067721818446 0.171437524337082 -0.3352720461851154 -1.9892659111473412 -1.178525075323537 0.24036219051617397 1.237612741028108 0.7563181867770856 0.2112304970855709 -1.572525064756855 1.195361615650111 -0.0044193269979045735 0.7168748861960669 -0.9972460734812995 0.12277489898272381 1.3903725530079816 -0.32208602060313324 -0.5302443392246671 -0.02927919409889899 -1.1726978528323508 -0.12013891898101278 -0.6547468152732411 7
-6.039676430894506 -3.993027110329488 4.4228681196984345 0.20701676691768736 -5.408586554132133 2.079275117574633 -4.1088878596409675 -4.730111377628761 -0.5586264369188642 -2.0453845366280277 -0.13216342334078968 -3.8616700108752013 -0.24168935402135164 -4.049934445161402 -1.40704081130236 3.0148647275877627 -0.170734157206165 1.4823138869800878 0.09380395054259018 -0.8689787302994784 -2.487700875330143 -0.5699620258079564 -1.958173457813326 -1.285365565134487 1.8008954958142123 0.3766489112916393 0.09903047870900661 -1.1485647390708018 -0.9091720127561406 -0.6266663944210668 1.1382101310589863 -0.9529231114424972 -0.564312439510566 -2.2492597998691743 -1.020736960614819 1.0800415292927548 0.1371959703199364 0.3784904150505523 0.988105241376411 0.6215865298582088 -1.1587552674163826 -0.9266026511169495 0.32613476324439306 0.34567305042868623 -0.22624276744419008 0.6305966628375174 1.037364400655504 -1.0410191961389514 -0.41148639093064326 0.2896020297237486 1
1.8272092753601197 -0.16850197894274252 -2.4289412351504533 2.49616073865925 6.707119814564626 -3.8209101257220905 1.5055526478209131 0.15675744240667544 -2.0826560667621137 -0.8445355534228204 -3.502755969133367 0.7637390541864151 -3.782761410508947 -2.2264154306419925 -1.5372257965721519 0.1826538617310669 0.7420633832559319 0.11032339730744763 -4.516844260467 0.006226497994125743 0.43268393697078456 -1.8315984964591852 1.1165971276023214 -0.7087073279631457 3.288946324164252 0.010738517589605456 0.42111212055644354 -0.3914493960178133 -2.0224105931904544 1.4520307927351142 0.5368709990570665 0.5513192989489759 1.3854918006658128 -0.027643352975703382 -0.6544646376147025 1.0023182801857282 1.678675743344867 0.7160701159485966 -1.6525538537667022 0.11993988886398008 -0.6224411790468489 -0.9498882234522821 1.127135489383207 0.8331792322271014 -0.06334388359241803 -0.20249156295253232 -0.4113220268565373 -0.3304025776697953 1.1659255269455386 -2.1123907218962907 0
-2.3770253694898025 1.402642984315475 -0.5551124276734766 7.371279295980843 3.4968085887562395 1.418895241484596 -0.37173336093966325 -1.8969493173397778 -3.229009973861104 0.1487351502396767 0.9394694881248262 -4.054853279192433 4.578597694205428 6.678154477162123 -4.308966621977549 2.4509333863900733 -6.048108773887821 -2.3064690397089964 -9.686179202086683 -3.1480751619398233 -3.7953995308001973 -2.8582966362207025 -4.114877260919119 0.5775164941449433 -1.9820060048733927 -5.869120305902932 -1.0342848075076105 6.287681347991633 -0.6112125265882964 -0.06357615296893464 5.670980279536077 4.786459781718546 0.6202449363988949 8.151989050410661 -3.8037291712877743 6.927036952420904 -2.3328705070979794 1.6148930961159083 3.186492362718153 -5.823437279707843 2.349608780705826 1.2167405271619318 1.2914087251618447 -6.295459469363182 -3.5131940405338247 -4.388859870600212 -2.712608862815242 1.3290402029130088 -6.860135713077982 -1.77007324240276 3
-1.8260859478707052 0.10212532473886875 -8.259176630557894 -2.130582038099471 -0.07224886501707851 7.411404026543662 4.550838343348822 2.4802158306879343 -0.6915439352943057 -0.03369061913042523 -5.324697966990143 1.1813314917782427 0.8572541739639062 -0.7266086629351829 -1.401603765266744 -0.33222671037234663 0.42689797973925475 -4.000562221162484 1.131049000401474 -0.16706742982555509 1.6762181367839994 -2.191188789180405 3.1249750704411414 0.2582861585681704 0.3498609221172554 1.517932399491765 -2.21953383013578 -0.5012975320296457 -0.8227627966862886 1.4580205489699725 1.3572104409670347 -1.0251385502781984 -1.4782912904015595 0.45511264714147853 0.19396316753080842 -4.851006272309759 -0.193485468970237 1.1702872517283796 2.171670626649575 -2.4120552696515403 0.05371700692364704 1.1635728159557608 1.1310192408126112 -2.709404174726809 0.7629022645259299 -0.9150784437607067 1.0615246243489662 -2.1586410128626605 -0.454384420281694 0.45534301010621714 7
-4.353452405274534 -4.435249720715171 2.0284905779782703 -7.4775858724566495 1.5275719345478729 0.9190791682718293 -3.213531938719274 1.9773376032930303 2.9455675469216382 -2.070152952886826 -1.3864864757016893 1.3919576591126461 -1.4424170071420965 -0.3301432944802695 -4.062285248932596 -0.3872230654275244 0.8750074421062133 -4.357451032139366 0.10996731144829291 -1.2974591940595745 2.885972847865679 0.5509493884749485 -2.3802934482178792 2.108661826881846 0.8044019267784649 0.4370300782796814 0.4764596393537214 2.0489846799775506 2.561938620348755 0.21437376398709002 -3.057008599999219 0.37517368345257096 0.9354888516237151 0.4877429506137802 1.6384000376248606 1.268733667114932 -2.4586589925470195 1.918638810989344 -2.5947039050480085 1.0956138820439651 2.0853762199984365 0.3047164916271062 -1.8757911453122178 -1.4746128950360333 2.5664174027728706 -1.9433190132957243 -0.6903068285242656 0.860695003000687 0.30527285744940463 1.0457268157147674 6
1.907525433555488 -5.5853281862435145 5.741678443283116 3.837402588681237 4.023511883972329 -4.847019569769496 -4.2412411407271025 2.6886176386878438 -0.4903154025139003 -0.5880231050396879 0.4295042180178895 1.1478926307847825 -1.5080919438488192 -0.21750937256262262 -0.35945890448206963 2.031708616119332 -3.2968452532639962 -3.401985498550912 2.4930164378785453 1.6989969840894625 0.3947275279935533 3.8978375394018534 -1.8838052771014269 -0.816084219984418 0.561138327855796 2.9113577428604174 3.5066004415548075 -0.3370298619245044 0.28542562272546174 -2.5982969377366283 3.094191024753421 1.5456600385660715 -1.8228162722598955 0.5017466487583101 0.2149261533955395 -2.102627048083297 -0.8171244918205632 0.3070290989738374 -1.563432811553811 -0.9439566247546698 0.00827553313149944 -0.01863866001685794 -0.7981636746163359 2.1967365623705115 -3.9672234652478466 -0.3258421254948289 -0.1858131082404759 -2.471097281438569 1.9767496527594133 -0.7283611132544596 5
1.591598931044242 -8.55797465009687 -2.6033193509854793 2.567099335671229 1.5196259928132754 1.289516541881093 -5.110795148933479 4.818578313774386 -0.05774539718257874 3.7139735769413016 0.8212604549417978 1.5547581417500609 -0.31410626221785415 0.20563256698244795 -2.687276682298865 1.5554773956099448 -3.6493793169913262 -3.3778309421924106 -4.249894852076735 -2.418913242776868 0.8009647071267918 -2.4632525135563257 2.1887963219000985 4.770623619155744 -1.612794141228794 -1.9018776995857642 0.3053312233148964 0.38790653953956633 0.9869984256332072 0.026342946965403066 1.438205963821338 -0.6774776471536099 1.9039373314483128 -1.5152929052563904 -1.8001800474022684 -0.47504285367939103 0.07216628253735607 2.4959141604962545 1.3040700753874481 -2.5378543915360825 1.9675306314459526 -0.7264495431414074 1.254756480890467 -0.8255694212017112 1.3843701911539472 -1.7096616444733803 1.24239424033455 -0.345158355892852 0.2237514494862432 0.047070748731633826 0
0.1206394981542649 -0.6242818963850346 2.8652480600499692 -0.2057570808373457 9.607401290946127 -5.459840993283711 0.23267454230894655 1.129836241353319 1.0286287833753711 -1.402120153843899 -0.8425659499919728 -0.7215665095026789 -0.0873409519539834 1.4803226062471722 1.933049079017004 -0.7380829378524499 -0.9457946925358685 -0.34990810863853555 0.10384906778579286 0.3229753607544227 1.6997519438194673 2.7492317466974323 -2.4662793063414714 1.4240637821970357 0.40001144812013867 0.8210867941157619 0.11722186194921881 -2.2363885754675805 -2.0046636414584706 0.5100820429603413 0.9215345184173453 -0.6218688109708582 -0.7315993664114692 -0.6358262646818306 -1.9132789748906727 2.412268998134284 -0.5233157160671537 -1.7599014100903227 0.06455188612593282 -0.7756505602736794 -0.3515348133371126 0.6157672908636278 0.8971560922201041 0.3418361973193148 1.2748466562684915 -0.8237667334372154 -2.918273425201162 -0.14109716336116843 1.081557619328101 -1.2194095498052109 6
-5.026537345098112 -6.995701369225494 5.375025505509086 1.5701781568548403 -4.235747924543833 6.472266050293678 -2.9721997596969527 -3.7083052652235238 0.35389242588306935 -4.879088099163391 0.5142357349886504 -4.782927225598386 1.4332503897486042 -3.922816394055717 -1.8688508713610594 2.3890156010117667 -0.32840424354210507 1.4058400040856944 0.08548365774956686 -0.879213843185489 -2.99131518497424 -0.25190444121513456 -1.3856234660589797 -0.040865769461943265 0.40918224590928687 -0.7213962038147095 -0.06987340371889747 -0.16296521152611207 0.21418915234267374 -0.798986547476546 -0.11511285582279747 -1.5144846679157251 -0.5102754220856384 -2.218356953235794 0.023998238722760072 0.6630240169527633 -0.33909462787787836 0.6298467631273925 0.8257674054608739 -0.07153266682162256 0.9634616448559166 -0.9386645883334975 -0.025165155684630826 0.18317877469984284 -0.01387282948858905 0.3576385443627965 0.794323445661255 -0.15812548006089505 -0.08988577078406766 1.0050971058642406 1
3.783608477311746 1.4352080570996268 -1.5933492921449168 10.10510829342179 3.593598462133134 -3.2562879728676255 -0.924627941270779 -8.453470695583968 3.2734421767953235 2.2015244178251017 -0.44610115984953047 0.2641153601425983 -6.428588897354588 2.451222371580497 3.257955431777097 3.6481374517363725 -2.837148089258964 -4.582013383714506 5.645551806699046 6.045103685077854 -1.155792980021358 0.8965843981103783 0.5308204320574779 -1.0176876540308017 1.8830715610703375 0.44914358087997586 -3.3304382527129675 1.4253535540567523 -0.7953505162634448 1.8005899771889036 -2.825195992052855 -0.09701672098520178 -1.1280962350570456 1.4550718243519738 0.48510250938824884 1.8751193271965785 0.64991858968561 1.9367831833473672 -0.39535470327586103 0.5666380967895421 2.142308220216203 2.783011935352791 -3.052462791673683 0.21442740807724114 -0.2975230515169803 0.03023434933264364 0.16282701677604663 0.43218096013080753 -2.30338080267129 0.49551555847550716 5
-6.264970890502179 -2.9764905145350014 4.578468351161964 -0.4976274096600771 -5.836172356010538 -0.13835367102321433 -3.969793522489353 -3.6408810985825233 -0.580080258195514 -1.6991858433743803 -0.6638100417033209 -3.1479344381112293 -0.37698785259554934 -3.1556543228590117 -1.6404267379956634 1.2025977144145918 0.020793579325088747 0.8415181151018363 -1.2165783224905757 -1.2250298360570617 -2.0841441085501495 -1.256502055121474 -1.3794926713288123 -1.030322612687259 1.7740645695204862 0.41511417678452994 -0.8587708352558698 -0.2854380391967011 -0.3120630568089245 -0.16071733019112475 0.33350345412371846 -0.3761223177200042 -0.8746794563823758 -2.2126164945422855 -0.8337459902684244 1.0951351606932582 0.7734464723284489 1.7011680525819284 0.45654622136364253 0.4932910799695946 -0.722134786740014 -1.0351823090963335 0.4117351185909206 0.17034680671896069 0.5299158126556109 0.37477060912144106 -0.1858858052642908 0.21820327120850413 0.2889028582356886 0.39311973642274284 1
-5.985935289126762 7.8802396755507775 -9.767900156744913 0.20543718308281692 -3.8865119842447466 1.4534807979543325 -1.682270708389669 13.748957164489862 -4.575949117249769 -0.43340256588333936 2.72577329077447 -1.7275796035242297 -8.122783931401672 -1.1034023821265175 -0.9085399943823076 6.478456877347784 -0.3052572250500374 3.96662488546585 3.7349072971649164 -6.130791654136631 -2.070191782299895 -0.7924654494297778 1.2580466527141054 2.3356077411244276 3.0805100503284817 -0.36844409022610497 -1.7656139656710617 -1.933325656365474 3.2730335100243244 2.1381586741958842 2.6823202794470618 -0.6805992265987164 -6.9867070624517424 3.8613215763664814 0.1144973961669569 6.3406241899469835 1.8142794060338763 1.4021611563891856 0.5312462302341734 -0.5669669181816126 0.533981990612353 1.0891887373522586 -1.563210207034915 0.4364428417377309 -2.1934841381488535 1.2626607732164743 -3.3858207339838744 4.846486726067127 2.147782295547158 2.368997966619106 7
-3.70967486777201 -8.51075732164136 -0.16818651810977178 4.715866740524015 -3.550837105657356 6.189801266860782 0.7731153245619162 -1.9828789236200983 2.8475328601917402 -1.4459475838759723 -0.6644370060967097 -2.6666369942871664 -0.6196945924631683 0.2605300868691879 1.0330924689546428 3.958214917669591 0.25752906223388056 0.10337077393818365 -2.424155364271507 0.3899595959865934 -0.6839934032480219 -1.0853732787644668 1.0646878331492196 -0.14686781169102994 0.15584946857060167 -1.0786414156697057 0.27028602228981485 -2.4619072971173863 2.1179989292351187 -0.10480585748482465 2.1996818166323338 -1.2431911498079997 1.2964545278864639 -0.9626940981300024 1.4519475480125204 -0.19999915342210559 -2.5840086597102205 1.1540946448589833 3.0472581649853847 1.625924990553014 0.5600994215299322 -1.4097827118567405 0.3285371078097649 -0.8597765443212494 -0.761732339300673 0.8256265909616642 1.2247724096946662 -1.2555495120406779 -1.7972798346945116 1.1811156774796527 8
-2.163309753110018 -9.651082322160455 -1.2538471878954291 5.522452859845508 -5.245319720519537 1.8406822330717925 -2.517921177302107 0.493907656226034 1.797763427331739 4.353060308702032 2.1058894489748856 0.29440407995138124 -3.001899769471112 1.94184962568808 -0.5706331427492936 0.6953316287635694 -4.67090837835233 -2.5336672541059655 1.6755185714573324 3.338785042537342 -1.3599226255498422 0.8193125308367837 2.4298387115231783 -3.1858047253012685 -2.9156957654614364 -1.5722017940152648 -0.7540729119122318 0.7536096864965983 2.294417293195162 -1.0583676699005735 -2.9117892998431456 -0.3709607502901706 1.1307490480613107 -0.4479382774212988 1.6132859791329446 -0.16040091279727284 0.13295624418918284 2.4616253143925437 1.4799741842870233 0.6853029701958352 2.98686293068328 0.3546692168002618 -0.8848188737705717 -1.034998730911179 0.335238011047729 -0.24185351868401672 0.3515654024520071 -0.8220080872541712 -1.8395953475459703 2.0956176052818143 5
5.5563727447862785 -10.623019214414752 -4.1712566681914724 1.9367921148787801 -2.5133685407138344 -2.251091208721729 -5.5137184986637 3.2245534913433134 2.4936329563227697 5.884432652564833 0.7177192603034078 0.3948414263892684 0.295117247920794 -0.04800633607455466 -3.216134675197369 1.125929582288251 -3.172910756196433 -1.9007122624364539 -0.01820596338452442 -0.5010623423524673 -4.138225201388673 -2.625708568563387 1.9773145925116273 0.3707889086879664 -2.7250933943260276 1.0924170274277536 1.3108128730556332 1.917012083300191 0.43352749752967307 -1.4632464694019234 0.8999384537034418 -2.439612859323575 1.1325116529384935 -3.0756083194158625 -1.6957846796350189 -0.4279698112231982 1.8392494469439535 -1.3077010853532414 1.2795224374196679 -1.2835039329659526 -1.4071517693457776 -2.024978528186402 0.6241005226548874 -0.6978389194353035 1.1825872933512116 -1.3771425531724717 0.37215985591000755 -1.207398849621592 -0.09321195822252738 2.5912414035698124 0
1.2822891893599624 7.364310749755308 4.552980031975867 -0.7839381111250902 -1.2176858903616525 -2.2326655352681466 -0.5217443615144604 5.875706067449139 2.8098899312967562 6.6309013704856286 -3.2207876805560933 -0.14832984312738762 0.8652846863706084 3.3407419764590682 -7.945781455602505 6.263445278206054 7.51544177249913 6.041544923508305 4.39201097233162 -2.758686392144119 -2.7321306508004986 4.248761591694264 -0.9162683889028632 -6.486713040863638 0.1941559858143096 -1.0275874083468262 -1.1125514943415826 -0.9643451615761813 -5.195824123865292 -1.661486469458009 4.200021284083523 4.982753346151417 1.3781627432865837 -6.448690583364997 -0.9648587465643431 2.3899730649551127 -6.063686544689762 3.251500828558946 -0.5428731683116583 -0.3952759659562108 4.022070566053229 5.754816665146919 2.085793926481953 3.2033479668316467 4.448658867832107 1.9561931815677722 0.7034506693938218 1.1739699779684891 3.717182572089245 -2.9851090213983866 3
1.915255319817904 -4.139444270846658 -9.351969422004903 -5.1030699590637 2.3573234544222497 -0.8814533772428075 -1.525174438031558 -1.4567955493556954 5.013151583355296 8.019982645787072 1.7345284592020531 2.6569492895492104 -2.8809022234147257 1.8149891055333618 3.098140178045762 -0.32127556715563593 0.6226392868699799 -0.8596063627195005 0.7134913794989103 -0.13602894531615156 0.7610802216820813 -1.6425357036489179 2.418739341314279 -1.5496922298072133 -3.0550148941829818 -1.9030067474774461 -1.8249673370458022 -1.0752981750248982 -1.4542437852544563 0.7429480194649026 -0.5701479192794594 0.9049358511081049 -0.429240056829745 2.193968724451959 1.3645114515870738 0.7108601918671861 1.0169728083164924 -0.6569518885166697 -1.0589738412824483 -0.12127117177729971 -1.7155324415555795 0.8461465463284908 0.11933115663458178 -0.8015698435553077 1.638568809315949 -2.135243892064989 -3.05169439233374 -0.12168619139739159 1.944365070122352 -0.850761603247003 4
-6.7693028250545835 2.49711072185888 -1.5609706275856405 -1.052355428676119 -0.28958481731314956 -1.6821313781117446 0.5519354312150873 -1.0762601096490825 -1.9751000566893362 -0.47839263774515195 3.084426373978134 2.5929341142163143 -0.42635138399437383 1.6593536167324074 -0.7896351723517642 -0.09271281564574732 0.932447708685853 0.07298522130792037 -1.4677871418177926 -0.14059719076039515 -1.9404163502881553 -0.6954012995685219 1.1375341445550355 -1.854151727914514 0.6262432236165568 -0.5582096181379066 0.6970718542976639 2.3287054135364507 0.26974614180355333 -1.1461120756965735 -0.7619484712677543 0.551218296079406 -1.9769762246015965 0.01411557139894362 0.9916996496482058 -0.2092803587635507 1.101155052185758 -0.5053552160478343 -0.7730967940503024 0.006331856451713194 -0.17838393371274466 -0.15613317352905293 -0.92476222812597 0.6408808068749895 1.1660880395642386 -0.0018312033207315297 -1.0628674187670557 -1.4137866354462565 -0.3345329476756102 1.0925061383712409 7
0.62425628041143 2.8039854583601205 -9.764887376401132 3.4268374959718364 -1.550342375827714 3.579231078260883 2.1909646351110306 8.584727216092224 -1.735423448383453 -2.4937240794766113 -6.136685909189627 -1.4328957077571087 -1.3946936880676142 0.5930130114750777 -0.4447640360736951 0.43175911709258225 -3.6555754171761916 -5.87026099385481 -1.6865230238020454 2.5834416525904933 -0.12163299929493337 -0.0449782719041747 -0.09569612572784778 -2.024088102377726 0.3209075219104874 2.5556859061067754 -3.052882955069075 -0.17205484524660916 -0.08568687239654524 1.8774369747537492 -0.46143893234693495 0.7096618097996255 0.21056784245868024 -2.047321038996875 -1.4587835063040466 -2.867641677016183 3.4740469976897925 1.3055593745177112 0.7479015246389912 0.498911973621192 0.6615505955378649 -1.1122924768817217 -0.420037283303277 0.06666477875473037 -1.6377500422675608 1.0003609855417255 1.158591139909555 -1.1401242123842088 -2.5193608118741038 -1.2217165897356075 7
3.0856273709301556 2.936751242276514 6.858849704911456 2.8274854046166187 3.062680103179255 -6.6592388515627805 2.794942682459231 -0.728585293419887 -1.611978372446423 3.8033064795641374 -4.615802720571323 0.05115462136675695 0.6243957598302589 0.4069912902017336 1.67707690297296 2.7404614125783398 -1.7424173203709934 2.863877430037623 1.8989393248969384 -0.3951889436034532 2.7493084719574723 0.018377482518893366 -1.3356280720695177 -0.09681582935120446 0.2685278309857887 1.13286885060082 0.6296404755366164 -0.31119080801918686 1.4813241576214127 -0.28832885361309335 0.19249019318384775 1.167137522839521 -1.9865178795927305 1.232500340608195 0.9166052017291907 -1.6437313364468786 -0.15981687895120392 -0.7162416111451005 -2.5265513241627233 -1.7537047222191715 0.5997823201542235 -0.8400466979847512 -0.9658036385453374 0.31428391706314396 0.7862413390857919 -1.5604256199427682 -1.440341365186159 0.12353966605264127 1.5091168229535779 0.5186618173531435 5
-4.111324744906069 0.9321452174558358 -4.0003568795621876 -4.163906343990351 -3.794040080468262 0.5452255339146349 -3.121535808736457 4.366309022990353 -1.5462446518342257 0.05534738445672021 -4.405606966812683 -5.3496897905804985 -2.0142417265901535 -2.9689936325398487 2.0006588842874864 0.08182227833279283 0.7877605461392833 3.0083614291914227 0.6315773810763147 2.9244307774146394 4.132363346590454 -2.0800314047338735 1.117278729322457 4.180598025178043 -4.305947189649007 2.223699847111361 5.088761349371531 4.366847722667242 -4.809481382344861 -1.415261351704085 -5.791335355208003 -1.9208726116066503 -2.14798345923656 1.194318462284831 -0.1934558835489386 3.046149960110035 -2.1321616347179058 2.1952197011861356 -1.1650942362331032 3.5647530832699266 -3.4048560838684696 -0.9413397129596357 4.1725475214221355 2.0591291060263774 1.6415722210244186 -1.6054339176028554 2.594094623979653 -0.18597227097885677 -0.9637550952208055 -3.6512744277245686 7
2.0048600303309905 3.465585887113555 -5.788568832585567 6.067734958191105 4.448615608544706 6.2375232752416006 4.4014346479898405 -0.21960812106449992 1.551794864551067 -5.867482527611403 1.5981217265959957 -2.4035356829458707 -3.7492823763976677 2.184531201372279 2.4774886061660575 2.3044064855446105 4.50710950204512 -2.7029903944957994 -1.1920894820727186 -1.337121576606353 0.16737641701145223 -2.1597816356156265 -1.3692669517386111 0.6532268810193392 2.787377229893863 0.9812286485693296 0.9952871134925004 -0.5308921082379475 2.6878620013822743 0.25944591421528485 -0.34988560597127705 -0.06527739915647146 2.790144172536073 -0.269960146955985 -1.0009580809224488 -1.8464210673853283 2.306585331438632 1.4649581436932568 -1.023278320853598 0.28983306685845855 -2.5858382317299338 -0.9136808188405521 -1.3527321732557342 -0.21860348538516902 0.38971239934937024 -1.2630748549584165 1.5413697156830735 1.3345249080177695 0.30658675857690015 1.5507278414689223 8
-2.3477181602751687 -5.94079284661883 2.1055529096618257 -7.265656180212981 3.871524634315733 0.3865315198654005 -3.8455245844196697 4.451565948374781 4.749032418993327 -2.934101725679041 -0.5690586543110062 1.2892241527257906 0.2928782803510104 -1.0984507919143949 -3.8310452121336582 -0.7851206596797072 -0.004656249997034636 -5.422393323581991 0.2112387535747179 -1.9727537244854862 1.7634944403885913 -0.19304908257336414 -1.845014289380351 1.940102104334025 0.023913026376515 0.7272057991215398 -0.2060198627897812 2.415675515338088 2.1310779520400462 -0.019770029437713617 -3.258836133456921 0.6477673145200329 0.8547379300434831 -0.08106642074724162 1.2504493087073685 1.4837514255628332 -1.744242143748886 2.2263566407248834 -1.919857640277314 0.9308432386572806 2.432563241252245 0.13839390752447345 -1.8646092632082771 -1.2516922557603345 2.011767681870294 -1.885850490172279 -0.3231042572712301 0.2873667464594208 0.09367856082149946 0.8311146118063153 6
-0.4352613268381999 7.911220914636198 3.364469457056 2.685006110753125 3.4265403139914654 -0.7540639443804665 -2.496746665326955 -3.0768662542214726 3.469223161835789 -3.431696900623146 -1.2868452657761549 1.700783046700774 3.789806742431386 1.814752484674912 1.001330696430236 -6.5569575659899835 -2.665907356310989 0.7930270148343864 2.6149619821086705 1.7546445483622484 -2.5687010685386844 2.7473331617239545 1.8932862599379423 2.1489585908829114 2.1678966509124593 -1.343132370413752 2.6332513734547365 -0.3180443065273373 -0.13695578516815965 -1.1525812197033605 -0.37463294067146885 1.2929132446982494 -0.8165275890237034 -0.7911966419478835 -3.086361573249337 3.8796630066208415 1.213404842111575 2.051291625347666 1.1400331478816081 0.0803311003530268 -1.7615754398042667 0.8904744994479948 0.8435434763124167 -0.4393277756362695 0.4294090063828645 2.5502492472442646 -1.6623631832824577 -1.9741416742669573 -0.8040052230515623 0.6212583317637261 9
3.0838180865949005 -6.1204963376697945 8.350572389321098 12.578165068232432 4.3756747396310685 0.46427897058809586 -6.230715661540748 5.426278893145183 -8.809191463947966 6.40497094392912 1.5750991599902504 -3.7160364572240208 12.466229104068749 8.023096682709623 -2.286948372005392 2.2269233357779434 -9.346356691304452 2.339688002998395 -4.920903763080811 -2.873313365875763 -4.085847439251409 -1.851149418204229 -1.7645783056090556 14.055380435217902 -0.4796519835210749 -7.191856908634921 -1.818876262424466 7.389533863584881 -8.103392982871867 9.195022592398558 3.617290813613617 -1.2500618947452278 2.692187243966599 2.1384035886630355 -5.935723766057821 -2.202542125668178 -1.04486620726686 -3.336988647151236 -4.718277893462172 0.665382044039693 4.029237976298316 3.984867059467922 -0.6740538718677707 -2.5140141301171135 0.38958981966454975 0.3858376902912888 0.5330208365281749 -1.440896823855503 2.749830105561727 3.1154997045156603 3
-2.8915875270387947 -1.14057434788232 -0.7872364338247928 3.0546826319052585 3.4985344685081197 -0.38712939747382646 2.2099691527817837 -4.19057455316279 0.3163848347474488 -3.080263734141109 0.18977376771526552 -0.49317808774555305 -2.7407048973598984 1.2730297293781312 1.1572997076232858 1.577318414731734 4.210667063721121 0.8437179086622026 -2.2739741090588965 1.3785187475608844 1.0090178230849862 0.10999315910405313 -0.9322817327720087 0.9990091877789351 1.6033390684206246 2.2846946216549227 1.8284775944882383 -1.559365207186022 0.2501509473463894 0.5562765931170918 0.9209362349116589 0.46387866714457493 1.7846938110275408 -0.8704534380719986 -1.1446952915591422 1.0132352511866316 -0.2995916779622624 1.0294007367435147 -2.912541265276551 -0.006562481881560159 -1.7326290532463422 0.38612884906261447 -0.06315214293772821 -0.1581017201463126 0.17031239039363827 -1.1731437581195447 -1.6983222207974165 1.5504454143302135 0.961674491412813 0.7909555746109828 8
-2.4211017511500867 -6.44979344527061 0.9261480435666237 -6.578022155319621 1.7575383498118784 0.027242840175599414 -6.226225864151372 3.6545275313469094 5.662108064063337 -1.6154592291419734 1.4892263590535544 2.456089401220235 -0.02083570849453082 -6.082959460260254 -7.656791934773463 2.060165942390786 -2.5368456762084715 -8.46195487116303 5.0920778629298225 -1.1906986994453548 -0.28533222134822595 -1.670885786409118 -4.165501625208582 1.9929082928661033 0.2557558775329286 3.008475217972181 9.634200625862482 6.530284578487396 0.923927849449802 -4.221041601213789 2.73017922576834 5.963481174800602 -1.401970569364175 2.484858995657191 -4.961338749358504 -7.066767433259513 -3.253960018676085 3.31058348778602 -1.792148013215962 3.3665778107337023 3.0470642338785345 -4.69859200026184 -3.863065369185929 -0.974649141655515 -6.696269367047192 2.0842334809281775 -1.6376235159227615 1.0803493510047866 5.807066685328628 0.3411062460941081 6
-6.748844645601701 0.7185042293164331 1.3455953456093221 -1.5255565660855819 -3.3454517616931003 -5.2532130102795485 -0.529808024205078 0.02551044502531325 -0.6960096693895299 2.2733183226809963 0.21339453364229272 1.6804012776439277 -2.1135329012802533 3.251976722045067 0.9219711957623116 0.36179665540687944 1.0522885549566185 -0.24934752232558285 -0.8634167845045448 -0.058599981948591534 0.7139085810685958 -1.135754758118635 -0.006757843618085659 0.48148188610499704 -0.7039102012763239 -0.691128403248202 2.465638935083297 -1.8870887735051156 0.17570589292256042 -0.8446662824973917 0.22556113382149087 -0.03606302314269971 1.0297030455459257 0.058849495862142664 -1.1094437316318062 -0.9211920962439752 -1.3039545754737345 -0.6767200326254004 0.7205404111624846 0.9630185283611776 0.5989222664358892 -0.20266394017016423 -0.37966614543093674 -0.16723993313497112 -0.4182946435315461 0.47752753376574025 1.4815638250293106 -0.7886491551450457 0.2441582022949985 -1.0425999533604347 1
3.5701066818523954 -9.719961940382477 -2.925241322758375 0.744552661115251 2.2910268660872566 2.1310560772490637 -4.524960336080407 5.3569459754035424 1.8159122681956044 2.1686528273822354 -0.49383618395496887 0.8950658558682622 -1.0323674370191207 -3.7092484234032113 -2.896497407742324 -0.13939401911472218 -2.752674822826118 -3.3212865635521274 -2.234942670025952 -2.4650125478238105 1.4438881074635277 -1.9713178959712292 2.2810522538623994 1.2750473166087504 -2.2075647899767024 -0.035018454601646445 0.9747963558925832 -1.1897503673533358 1.6711362819652036 -1.6980344013844293 -1.1365718040118595 -0.3091650529670223 1.9120652410936863 -2.504767213231155 -1.1846069239844836 -0.5734703856917756 1.9040017491924162 1.9188913797748122 1.1146227073280432 -1.2555382171671683 2.256501084812424 -0.7544472132814382 -0.0971279552187289 1.0208562259870384 0.520015397459527 -1.34474940640825 1.9007557306563387 -0.5535216455546487 0.240272624945759 0.2736675863852244 0
-7.507541467360407 1.1953297697305028 -2.1588511825207797 1.231862389670029 1.9536713207503658 -1.462896159157213 2.522456027885004 -0.7103829140778072 0.2678276989085885 -1.2402882308374317 4.438836749224899 2.5727725628903215 0.9410448916832321 1.28007125441646 0.7123334670058731 1.7336403348671576 0.582238287415604 4.266505736445478 -1.817624468800533 -0.3844316037807488 0.43559711860601097 0.6842817294722379 -1.3094956627136276 -0.5366001051914892 0.08547689259267739 -0.7246379723612792 1.615612978555022 0.25915973276017346 2.452635487739218 -1.3212597136281683 -0.4870910312474223 1.4614971236768675 1.411017641617833 1.1126887979888611 1.2309423462226743 -0.6396342581995512 1.0154830292781414 -0.7302178684695184 -1.704604942413676 0.4427878710068269 -1.4356232736755357 -0.16756060782388646 -1.062030236994016 0.5616757245012987 0.004026677781542605 0.8148568133872388 0.9369805454177502 -1.3048343207363027 0.4053198829909447 0.3427565435169723 9
2.9627675261886885 -2.542122570873478 -12.424187054185147 2.365033005975185 -3.516152666721853 6.418557977286037 6.924974245067832 3.49458538968131 0.6565361469085839 1.9851844584873637 -7.700905580583911 -3.9507541528488574 1.5403551020512876 3.858134829597859 -2.1992261669573034 -5.664590723718107 0.08080956237936256 -4.726259399184359 0.4232540689976041 4.178384165255415 -1.3682288036907502 -1.4736813946212435 -4.042555767151442 -1.3519433513397445 -3.112603451621189 0.8716127324904878 0.8478474909469591 -1.7286818327410554 -1.352798537049531 -1.5997727227137297 -1.3609642828795303 3.2144507365394572 -2.5618843558269386 -2.278242935487872 -0.13157194853624565 1.6845412627624392 1.5367311901262364 1.381483011697351 0.5547475007945856 1.223246412864014 -0.36617636196704084 0.14733529716062868 -0.13713521518603775 0.22403067886052405 1.4246586395006813 0.6494740111887481 0.2579041902152047 -0.512643878769003 -0.867322904692932 1.1040904157868325 7
-5.975950100835282 -1.2714660911708604 3.0805800127337095 1.0383303419864194 -2.7252141813120767 -5.517801265244328 2.2842243275702967 1.5543601857080787 -0.40348226524791553 -2.3535485787039443 -1.141758898174876 3.493297725878808 -1.485993749078075 3.7093908687267727 1.9216306247316317 -0.21190239127709012 1.6335934842152848 -0.9096016250637903 -0.33751578690877293 2.0516367373806985 -0.7181817704399268 -0.06128995148083189 1.7808190687001693 2.4026725778949403 -2.5145251873404915 -0.7822034174238909 -0.12656773693118065 -1.909028185421407 -1.1390855386121932 -0.9574481491506878 -0.03746284623831064 1.3528819438854343 -0.23117435616109577 0.38879872144211164 1.2884469958337632 -1.0760986611606425 0.10780032053525884 -1.3758597302083873 0.39683244884746444 -1.1329736631137157 0.5984123686549695 1.020880349468467 -0.10230404550972168 0.7158828622476867 -1.1952186292731912 0.37720146627330625 0.16943887775591238 -0.7087841186184172 0.15147236606814113 -1.0316524056704333 1
-1.966525007459294 2.939550763033943 -1.1735854181781755 7.991114204056976 3.4240184684302717 2.247944817324773 0.18116523683282812 -3.6765108670254003 -1.5029814689864698 -2.16628334313387 0.2762327178464423 -2.8878157212178737 2.066119540065609 3.338022650235329 -1.733445718380283 3.2685045371758075 -3.0038569870442076 -3.1927363461478357 -5.681421321188132 -1.4729527072341524 -1.5010449213291988 -0.922999701149474 -1.5520367892041569 -2.7054941670587107 0.7329463884156545 0.7099831764920946 -2.4771819017980623 2.2809196803953697 2.140225800194823 0.2671443338495586 2.362955958676884 1.7094496934566155 -1.8297949808239833 3.1373879436474437 -0.11475829608507579 0.48477031408143617 -0.4239809180701193 1.227916853889997 3.619585926973475 -0.19680172568267051 0.10973463442954484 0.059664699697650016 -0.01877942300740085 -1.1870471852177094 -1.3792314850430634 -0.04886565234422665 -0.5775458089732793 -0.3951129885659819 -3.363282564603922 -1.5963050411921347 3
9.958534267044998 8.665089810197413 2.955772073115561 -0.23079186547248243 -9.288817343400147 0.8580976876319905 4.760575694009752 -4.576197215173888 -0.5834998105649485 0.6987208605847363 0.9611368765562074 2.5135193202530086 -5.575430405628987 -2.602728272947257 -3.953441217695826 -1.4606822158198858 -4.796294420038947 -1.6639628886994147 -2.3714072973257587 -1.343231926182911 5.106257458950813 -3.109372930675009 1.918245414416374 3.6498960116260974 -2.0229408101534125 -0.9924225791374619 0.943101691705895 -1.5014370861080677 -1.5478548323775752 -0.008344435824213752 -1.2375517897324626 2.4332034461682337 3.2246739982855104 -1.8334928728133972 -1.8166378917964818 2.021629318995033 1.7841517418413975 2.930412822568507 -0.1930039340040227 1.9763449147680774 -2.1963912205695157 -2.0281644949810156 1.2960954738050634 -1.1688443157043626 0.5578707691707288 0.13714245681308865 -2.209955869781035 0.6196337545408277 0.6922996049048509 0.6424653606395879 0
-4.02685504735415 -4.39372450719572 -0.9629366932877673 -2.0991200125193368 -3.0878411410028987 1.8065325394994725 -1.9440253353599042 0.5231728946170958 4.689205261771319 3.1789287847735586 2.4101021160785083 -2.9998458171383744 -0.6124478458809078 -0.7359583830582381 2.7924614624339434 -4.5884156673035115 0.11453290735859334 0.08218730883031199 1.8469581080775335 -5.3019941693984 3.6911165549781138 0.05662474150149447 -1.326134834466144 0.5196653857770079 2.319067505719919 -1.644387567489019 -1.8747786451663957 0.6074733173378645 0.9108595435561209 -2.102435145208997 -1.2923832499431167 2.3845809658635613 0.1236594734241781 1.907201281854195 -2.275967115738108 -1.1567984357920265 -1.7567253778141454 2.597836141354359 -0.49041478757164275 -1.292678296706758 -0.827845290012949 1.185455158938588 -0.6477753648802647 0.6448804896355026 -1.044369609781727 0.007803290915107038 0.850256296714678 -1.2212016480669263 0.5563734071170877 0.31498255498920813 5
8.73439481681893 6.6651941710274665 0.9633112124878838 -11.184831000217462 5.59101792566126 1.3721968183148294 3.7796537122773 0.31017290687805504 -5.5156209962786376 4.9985484994803615 -0.3554107699983259 -6.476225770836119 5.4717793266023085 -0.4999804330547549 4.384009160773335 1.1784573548629043 -1.7141151425067085 -3.8511207938417553 4.286552864648967 0.4219188608694854 -7.848036696156646 -3.339750600260239 1.7013888099585803 -1.0195167934180904 -0.9285181806343794 2.5430270481050807 2.6141648978560443 1.012155189907021 3.531330708618539 0.8666313285213791 0.44347171143584474 2.161339397359747 3.3923198597939206 -3.115637678971001 1.0999426954667475 0.13721628743854233 -2.7751692874380884 2.7725092342524436 -0.5262669272157421 1.7962846744520344 2.755301201584399 1.5700025944714942 -1.4470107336564662 1.4457984537264583 0.07982467403969613 -1.1213814225009868 -0.7070267271419319 -1.2108643401285513 -1.551361931601755 -1.3771341628993339 6
-0.8414842981814267 -3.688586454039392 -8.312415949566686 -2.8339156920551467 1.6416886827922308 1.5229998325410379 0.5548768295307738 -2.56099304644234 3.7483114966847046 7.476113419280549 -0.803068731372306 2.892126773149796 -0.2178668342252962 -0.018839074554255486 2.8346991863382307 2.8736355677162577 -0.4120585867129756 -0.6457578674194837 1.852740261853199 -0.04891406025158752 2.336249299757024 -0.00251280776551651 1.562772145290977 -0.3459559338789531 -4.400685457819916 0.61538437564649 -1.4537621642088985 -1.5434797743576636 -0.7192080975736497 0.762201380339154 0.33524590553984396 0.5481534804868763 0.33834041396826997 2.1562594422498855 0.6763633264594638 0.5623150047801942 0.11672558151223873 -0.7801911296266913 -1.1169281778160203 -0.05942918679331974 -0.9304930188377021 1.38266778847122 0.14122108227179983 -1.3621692051437588 0.036406205010518826 -2.2070340929345127 -0.7131284320099432 -0.23636580585141587 0.6685451929270674 0.33803340411494154 4
2.880394166014124 4.386308522652363 -3.1546867094782103 -5.418808748824927 3.9239455725365167 2.6292705087040766 0.9453405376321092 -3.959205845785204 -4.988413185763153 1.4205403127727538 1.4787145015723693 -1.365958878859029 -1.0461534790486893 -2.0545361966900724 -0.615150301938393 -0.41591398142244057 -0.22850271993647575 -1.6939728994475711 0.5110242445589285 -0.9456010224491151 -1.4558181535718064 -0.7229061937917269 0.016232798734284324 -0.4788272916696438 0.34336269157598814 -1.8663287374422484 0.9532989476847527 0.11935938480360295 -2.376588088002167 -0.17793994255528117 -0.9818993527178661 -0.3863733715386846 -1.4311036542645577 -0.06436491134904854 -2.1251793889962745 0.9138280135313421 -3.5829467052768633 -1.1639168460897624 1.3785106955647188 2.280374344403993 2.3123925675447645 0.8554876791680389 1.006386432627822 -0.11651057523294919 0.4121200275652482 0.32346943392609856 0.9085550986456221 -0.5532074052382019 -1.5036359289712153 -2.037340036870866 4
6.126336968496647 -12.68052783154091 -1.9583290552849286 1.1253921947827883 0.5990133669630611 7.699467497398916 -8.746521515764956 -2.7885650839314207 -0.6061031502624599 4.383610929234342 2.8504039028894086 2.2477683088823035 1.5612556745620645 6.845305913438088 -3.5478827213456112 2.5552920656208946 0.41276921255574656 -0.6558452018724865 2.0462075433654543 0.8464362247170413 -0.7988490061669528 -2.054370110357578 2.190759264080581 1.6837813771514867 -2.1790693754119315 2.1169902521621866 0.8745006679776671 0.7047656521797196 1.1177744534238514 -3.4485892250506125 -0.565746472753102 -2.6592398732772424 -2.2545453105178224 1.0013040594274212 1.5994548665913886 -1.0249720114685341 1.0547208846748493 1.6742351185110294 -3.8536917166111264 -3.000357010280994 -1.1958933707954418 1.643354065704975 -0.05798144945544003 0.5964923992229534 -0.34789710660665446 -1.4740468598496663 -0.15392950134846498 -1.5038963232527673 2.4203961462948427 0.23433554146158098 2
6.167606227267688 8.702265177019154 -5.799150777560119 -4.082085475994987 3.0669029785777244 2.103304661020439 -8.12030136975048 -7.9453923702035345 4.427251537837158 1.4412968207391896 -7.201268736146728 5.160518801268684 7.005204404581432 -0.45728352589490906 3.368628263881102 -1.2686717041881186 -2.1817698952146545 1.799765137860003 -1.4932782705406178 0.705049888337331 1.212408981661719 3.3928092450910863 3.474581539297326 1.0478706733999326 0.6565786698979748 -2.5360494706087473 -0.6513961435765292 -2.814435310685401 1.8988728241287576 -1.9225234152469564 4.780933572474824 2.105432011381071 -2.3872769101724907 0.6875370778114426 1.006706725915176 3.051068643820916 1.1678070305190926 0.6467852318656183 -2.041290654522103 1.2215996472353574 -0.05619450263504055 0.18655747327436478 -0.5171070578616579 1.7758881013096308 -1.8903464192312032 3.5962522731350575 1.2056777571892396 -1.2933912925147466 3.09049538814181 -0.42162212277035316 4
1.4192949916696838 0.265511987774862 -5.244631534737188 0.9541579654344314 6.18421306671274 -6.961735938387002 1.5627604488265028 1.4405700329209177 1.495344218893132 3.1766260371709167 -0.5369335298453696 1.7628413885974612 2.636372897916153 2.9238383924896487 2.333976473963764 1.1886707561587337 0.4885798134525675 0.27088710479515876 -2.608914379540791 -1.3299850321682296 -0.5392655569480987 -1.039424774361862 -0.22786049167514347 0.03314297425480259 -0.9789176090776268 3.937481421383039 -0.029384654662127675 -1.8028669342189787 -1.0290545216090132 -2.773204308807468 0.9382609278873055 1.2061850752384529 1.3916430126325723 -0.9443457508327171 -0.7169827144111512 2.4276859854809354 1.1848458127703165 1.435643909837024 -2.086133247078367 1.1351282559350917 -2.640812044590018 -0.6967319658149437 -0.21368285653974758 -0.09248611691397157 -0.16038730979593885 0.49979540641163867 -2.3798864009826888 0.8710475017708441 0.6506735910979562 0.5866989825317267 4
3.3164415310747892 0.5074948480005861 10.205685674873852 3.3675306003367593 0.5814233113789856 -4.322638306066016 1.5629011097759018 9.484909678812091 3.205708194549882 8.323758980971261 -0.6152934472676317 -1.1072030249616795 4.835202416188114 -2.697979977755268 0.7394823744070338 -0.1910270513949632 2.0560937089990197 -0.8294864453577044 -1.789529080942517 2.9736494781759135 -1.3093920827333159 3.0541886502666937 -0.4036166873336901 -1.264353410084668 -0.9122410183785062 -1.2426830203835777 1.0212181485345775 -1.0566180700221188 -1.675937819458174 -1.5232301854443207 -0.42462180522032467 -1.5064006352852286 -0.6491388300605833 -0.6296159706918736 3.8343503177978864 -1.6198617496060885 -1.5193652188387619 1.266521859114195 -2.8713492644166827 1.3470138539044716 -0.5086932494916553 -3.6044146829173944 -1.040810560018237 -0.18301457211872818 -1.7187528238020962 -0.4929857154814944 1.4588954550881847 -0.10121229626281494 -1.1181235011860138 1.7216455214557675 3
-6.38373230677661 -2.3585657012286316 3.9866242320141985 -0.9047221024823544 -5.919149345324679 -0.30746022742182255 -3.717257006601531 -3.7000920266243473 -1.658258653750989 -0.9857220874761511 -1.116076667215003 -2.7846498172179186 -0.6242578194551065 -3.136509047384461 -1.8045033805240793 1.1739730768070349 -0.0309167384104198 1.3310040268594867 -1.103298535262212 -1.141935596082815 -1.9022718631518591 -0.5112716999854221 -1.5184348597970982 -1.2703840436025673 1.7075154175530505 0.4189377371642105 -0.91071127549733 0.022443399536016678 -0.2969450017963328 -0.16315846881560958 -0.006248804711896274 -0.40387279748100124 -0.3991899172352335 -2.010211956484627 -0.6758442543313133 1.2027868042447925 0.6152328281184161 0.8677019416739358 0.05831206263320561 0.6050957327775593 -0.9210293697120431 -1.0128056790402888 0.19204895936345262 0.2690357755564434 0.23943590973285545 0.4963583271921237 -0.1416804919355259 0.24201347402261653 0.35373999108071136 0.26525654171677804 1
-1.8431930258351903 10.904675000620568 -13.399089936756162 1.3895958691100079 -1.964497922650193 -0.833697162388503 -5.974836928191878 16.686612609175796 -4.561530735662281 -3.384456131880353 4.6097540503577505 -7.879662401214534 -10.3251963520652 -0.3825064220243869 1.0396227756081173 4.755768625496256 0.3110219259756322 2.874707140488835 -0.2656399844006726 -2.9520277959183265 -3.337245489261133 -5.223256177115683 -2.709796806957802 2.9233798637896626 0.879920548910442 1.2584129982372236 -1.8053056581240547 -5.031196966399215 1.8777034303728941 2.500432992157902 -2.054836979260473 -3.286841557730206 -4.9136769794813695 1.5361434308287807 2.0328606268081177 -0.3207755629368428 6.308093352938758 1.7231405822255639 -4.689161915519495 -1.849779613582464 0.7859533297686566 -0.37326063887459787 -3.1394158023625907 -3.7655824177420416 -9.313883552770184 -1.6351715316210451 -2.199583857659529 5.384299433598809 -0.5946966429647227 1.2363285309665706 7
3.281474803519387 -2.3395592614940197 -10.594447814989378 -0.88182059817857 -4.239738319477124 0.9777057641365027 3.939606937361055 -0.13480428225316904 3.042140586018994 4.9385548378582085 -5.103598566353568 -3.895741982587058 5.618479490347626 1.1581382054496991 3.707511220407551 -3.470426136604716 0.9537876540077788 -1.1238159996966064 -0.2560888980960187 -3.198035941142907 1.4795690778197583 2.4150882732686743 -5.097984502359345 1.2636881259796817 -3.143433111535712 5.1837700617072695 0.12010008351600711 -2.244254360091427 -1.7616172824110394 -3.9917618474237266 1.0094973666945994 1.8613622603671953 0.49047466045897614 -1.0785990846923221 -1.1122345421975104 1.5609650868028795 0.44925157668182286 -0.5219884322657069 -3.335968895613491 2.300550948778635 0.9412319633922525 0.20536409983193044 1.5533155821669329 0.39118182368027776 0.29072514705215985 0.6204367563304595 -2.7702238507662753 -0.6876072931571008 -0.5100105781940959 2.3652649732001207 7
-3.098735417162792 -1.378836716691303 3.0431064959754566 -3.872295530901882 4.663068927050114 -4.89825004143738 -1.5335009243834887 1.0142404362576887 1.06470532428897 -0.9763973277170741 -1.2060791193163913 0.5975956522615373 -2.1840873265580263 4.887701367330885 1.4364704630848415 -0.8428975673292731 0.9880512474497278 -1.1914983934163332 -1.3984977519749018 1.6060035310050065 2.6018391488259005 3.276925323400624 -1.653423752784549 -0.1772515994843074 0.7665386046788233 -0.17196547713655008 -2.0169573035980877 -0.4172450548675058 0.7682700669171779 3.034633855054235 1.6403297153253837 -2.165939580813074 -2.0512956374840496 0.687820775525406 -0.334115181931733 -0.06267543618312377 -0.2267450756042206 -1.873009273877209 1.3823586091321711 -0.5922889879666803 -1.6200806710342839 1.1856341285278695 1.9150218655719937 0.5710571214183348 -0.0015092874927518521 1.390100259956472 0.9987117611975365 1.516981569789146 0.3583037074683685 -1.3427116188173358 6
5.650682023997259 -11.799561355639637 -4.960500081569247 0.8267734579523761 -1.733332841453438 3.6998445432931835 -5.560110197455859 3.662210305498533 0.814916701321253 4.0895624998322 0.13990507261192556 1.6105673793380144 -0.1687566189897466 -1.6571750512860353 -4.014251962418862 -1.1347798829405893 -1.0745945182600014 -1.3169423952725006 0.2664825149388681 -0.90685679238522 0.32913035455972944 -3.149681586324854 1.82850118707687 2.085128536377606 -3.439125798307516 0.4214597902907595 2.220937247298765 -0.5360290749992614 1.9741848703287526 -2.0209327628305855 -1.9152780994797778 -2.249222971444383 0.7750656391341402 -2.5291278448453642 -2.240421202059201 0.45334804980472926 1.9095972921335058 0.9941209317943278 -0.12485589130459555 -1.3232944866146898 1.2345390299004442 -0.220160228817984 -0.22902050229838855 0.6066211153482389 -0.18906224633222068 -1.3851427101273546 2.5068282359000498 0.424984171811213 1.5272062325969937 0.6164658665483953 0
1.7065988220573365 -0.2671931130312196 6.429975979316546 2.4055542131285828 -0.42347568156670284 -4.710667310380892 -1.534857613118868 2.834611728554246 -4.124648647157943 0.08519887739144416 -2.706968082868413 -1.9561080564619018 -1.2649229192154718 -4.739352791779268 0.6782998897269391 -2.254495161083916 -1.135624004891807 -1.1601144540964963 -0.6090332451730255 -2.849794357174578 -0.946653464496839 -2.0825044914678728 1.7960542270674393 -1.4361624019224468 0.8241546505268277 -2.378063628733192 0.5626714612057068 -0.9050528355412697 -1.342061373565968 -0.7502840420533937 -0.2939240607534336 -1.0105648189480263 -1.5107744631102145 1.8573499387257304 1.7459141370997853 -0.9962160211448668 -0.98517318551642 -0.5420306870196521 0.7571814878120279 0.22057563288298374 2.402323000198271 0.6464442022323101 -0.6357015185495895 -0.22488648585154355 0.7482472019332189 -0.9148874379690728 -2.1681467174005102 -1.0160846712218916 0.4471836466308123 0.3503325263510211 3
-3.0296254554338424 -6.156692083006409 2.36943378268773 -6.9074875819005275 2.7280375911314287 1.9902913875965609 -6.163373090432806 2.6938610226316215 5.575994000914988 -3.3173712954170846 1.7726743752526617 0.333239581301077 0.7680453746046393 -5.428271356752908 -5.95264382735067 2.187169014015699 -1.278305320062728 -8.088324215188434 3.7257223233210914 -2.047027074858229 -0.6958635350906065 -1.8734558339817597 -4.293388154298577 1.9253746667672604 1.1909240641699057 2.585702238890965 6.150638901430559 5.093956856965113 0.6436888555837498 -2.4842054296332763 1.605515160628924 4.359489496635952 -1.821550086979023 0.23810438980041787 -3.7233133477662514 -3.6101986131542962 -3.3682890899851294 3.9650571700469026 -1.231601051200093 2.5221164251143375 2.4123871091382805 -3.909264645617023 -3.4409968443860395 -1.6331278581540782 -2.4811777910325468 -0.6160656793620986 -1.3479087589719523 -0.9666895630375124 3.8699028077885664 0.1969905942708515 6
